Date,Actual_Return,ML_Prob,Target_Position,Executed_Position,B&H_Cum,Dynamic_Weight_Strategy_Cum
2025-11-17,-0.0065388059927893,0.5503811272642366,0.5038112726423661,0.0,-0.006538805992789332,0.0
2025-11-18,-0.0057324057449322,0.7065837888357542,1.0,0.5038112726423661,-0.01223372864868344,-0.0028880506336567136
2025-11-19,0.0029894413674709,0.7046027084983697,1.0,1.0,-0.009280859295713317,9.27570757787155e-05
2025-11-20,-0.0044709010222191,0.5336172472276293,0.3361724722762927,1.0,-0.01371026651462015,-0.004378558654145381
2025-11-21,-0.0239520663633413,0.44373250305138046,0.0,0.3361724722762927,-0.037333943664544234,-0.012395327754288199
2025-11-24,-0.0015336935033373,0.6779775844877938,1.0,0.0,-0.038810378341029295,-0.012395327754288199
2025-11-25,0.0087776394674927,0.670590482865195,1.0,1.0,-0.03037340238221109,-0.003726490004903993
2025-11-26,0.0063084741480585,0.5479794134630931,0.479794134630931,1.0,-0.024256538057869315,0.002558475677295613
2025-11-27,-0.0008646503829112,0.5147688984178123,0.14768898417812262,0.479794134630931,-0.025100215015860683,0.002142560100733659
2025-11-28,0.0028126514593176,0.5577655090749968,0.5776550907499679,0.14768898417812262,-0.022358161712936586,0.002558847752009985
2025-12-01,0.0112188394596632,0.6246272435256084,1.0,0.5776550907499679,-0.011390154880143943,0.009056050397409088
2025-12-02,-0.0044804401258718,0.6107460929112689,1.0,1.0,-0.015819562099050888,0.004535035179954905
2025-12-03,-0.0045006048162814,0.6037535157055952,1.0,1.0,-0.020248969317957832,1.4019962500499972e-05
2025-12-04,0.0025834461859808,0.5882539973547251,0.8825399735472508,1.0,-0.017717835254531522,0.002597502368300031
2025-12-05,0.0088038809098778,0.5507851236595436,0.5078512365954359,0.8825399735472508,-0.00906994005621542,0.010387461207321591
2025-12-08,0.0072371005903666,0.4651841961429433,0.0,0.5078512365954359,-0.0018984795343841565,0.014101009459831726
2025-12-09,-0.005071793633817,0.39192832521001447,0.0,0.0,-0.006960644471784794,0.014101009459831726
2025-12-10,-0.0012743859847468,0.5741326212501032,0.7413262125010324,0.0,-0.008226159908771957,0.014101009459831726
2025-12-11,-0.0072309434186844,0.3800716775116177,0.0,0.7413262125010324,-0.015397620430602887,0.008664933271898878
2025-12-12,0.005569764536619,0.5874330592139108,0.8743305921391078,0.0,-0.009913617014206566,0.008664933271898878
2025-12-15,-0.0057520494607467,0.4246971025441374,0.0,0.8743305921391078,-0.015608642859552657,0.0035921628407518114
2025-12-16,-0.0100707038444068,0.6385116417602313,1.0,0.0,-0.025522156684307795,0.0035921628407518114
2025-12-17,0.0170995533473534,0.6234334739649416,1.0,1.0,-0.008859020816717189,0.020753140568233075
2025-12-18,-0.0065970429547506,0.5162452266969694,0.16245226696969375,1.0,-0.015397620430602887,0.01401918825370796
2025-12-19,0.0042844584442849,0.6497400185787796,1.0,0.16245226696969375,-0.01117913245119373,0.01472496587594585
2025-12-22,0.0089589679268948,0.594742988014008,0.9474298801400807,1.0,-0.0023203180133796186,0.023815854299847894
2025-12-23,0.002114201203567,0.5333101457015575,0.33310145701557553,0.9474298801400807,-0.0002110224289491036,0.025866616215758587
2025-12-24,0.0035864870901327,0.5675321997320353,0.6753219973203529,0.33310145701557553,0.0033747078319665835,0.02709218220819154
2025-12-25,0.0018918885842582,0.4091092723367521,0.0,0.6753219973203529,0.00527298098744744,0.028404430078132092
2025-12-26,0.0037768374975479,0.48557092373377664,0.0,0.0,0.009069733677312675,0.028404430078132092
2025-12-29,-0.0043895947634512,0.6748787287041338,1.0,0.0,0.004640326458405619,0.028404430078132092
2025-12-30,0.0020994502603872,0.5685539722232991,0.6855397222329908,1.0,0.006749518853384373,0.030563514026643146
2025-12-31,-0.0041902061043085,0.6739095387045468,1.0,0.6855397222329908,0.002531030873975215,0.02760316599217605
2026-01-05,0.0191458112915305,0.5822518247431803,0.8225182474318029,1.0,0.02172530080499202,0.04727746229084162
2026-01-06,0.0154830842469451,0.5500655232220931,0.5006552322209313,0.8225182474318029,0.037544759714591036,0.06061466573388152
2026-01-07,-0.0036592633376683,0.33003949270538724,0.0,0.5006552322209313,0.03374811021417745,0.05867158855198262
2026-01-08,-0.0077535722581526,0.4739331078103563,0.0,0.0,0.02573286954490306,0.05867158855198262
2026-01-09,0.0045240137911499,0.5950433726429033,0.9504337264290332,0.0,0.030373299192760106,0.05867158855198262
2026-01-12,0.0057318498931122,0.460280552315135,0.0,0.9504337264290332,0.03627924427760387,0.06443895976765046
2026-01-13,-0.0034602965080778,0.39688885716522954,0.0,0.0,0.032693410827236535,0.06443895976765046
2026-01-14,-0.0061273562008292,0.5161932941827194,0.16193294182719423,0.0,0.026365730452848846,0.06443895976765046
2026-01-15,0.0018495094868797,0.5422011337082888,0.4220113370828883,0.16193294182719423,0.028264003608329702,0.06475775552349505
2026-01-16,-0.0032820472267579,0.5428747768573151,0.4287477685731512,0.4220113370828883,0.024889192586912134,0.06328300093436745
2026-01-19,0.0004222666840647,0.5147617205413372,0.14761720541337178,0.4287477685731512,0.025321969147799717,0.06347550396066937
2026-01-20,-0.0029548204332676,0.40869890426098804,0.0,0.14761720541337178,0.022292326842683563,0.06301163473228821
2026-01-21,0.001270118965017,0.4397198203438281,0.0,0.0,0.02359075971479796,0.06301163473228821
2026-01-22,-0.0006342034989764,0.48563048089161015,0.0,0.0,0.02294159487346703,0.06301163473228821
2026-01-23,-0.0048657159245043,0.4874586505875444,0.0,0.0,0.017964251665453235,0.06301163473228821
2026-01-26,0.0017006583779042,0.5900246667904697,0.9002466679046974,0.0,0.01969546109845499,0.06301163473228821
2026-01-27,-0.0004244174632505,0.5562332836132002,0.5623328361320025,0.9002466679046974,0.01926268453756763,0.06260547881414635
2026-01-28,0.0031846850029957,0.6526799336773981,1.0,0.5623328361320025,0.022508715123127576,0.06450844897048347
2026-01-29,0.0091005761101248,0.6539123518494624,1.0,1.0,0.03181413350837148,0.07419608913021025
2026-01-30,-0.0119547312735661,0.4356134072809229,0.0,1.0,0.019479072818011423,0.061354363549543045
2026-02-02,-0.0235618895869432,0.5364692822529452,0.3646928225294522,0.0,-0.0045417805319257765,0.061354363549543045
2026-02-03,0.0139130719622959,0.6180273047042817,1.0,0.3646928225294522,0.009308101310992578,0.06673967291980998
2026-02-04,0.0092194991635412,0.507569169895248,0.0756916989524803,1.0,0.018613416506784608,0.07657447844201037
2026-02-05,-0.0059485615563673,0.6427520693158122,1.0,0.0756916989524803,0.012554131896552523,0.07608974353718057
2026-02-06,-0.0064115694821766,0.6387774089772876,1.0,1.0,0.006062070725432855,0.06919031937743436
2026-02-09,0.0167778158417832,0.64363045179307,1.0,1.0,0.022941594873467253,0.08712899765576632
2026-02-10,0.0012692119366042,0.5550467066097856,0.5504670660978562,1.0,0.024239924556129555,0.08850879475621953
2026-02-11,-0.0021127725467517,0.523494239577898,0.23494239577897985,0.5504670660978562,0.022075938562240438,0.08724284628676737
2026-02-12,0.0008469588986164,0.509477050509127,0.09477050509126952,0.23494239577897985,0.022941594873467475,0.08745919299277083
2026-02-13,-0.0118468859518959,0.5519878266552981,0.5198782665529812,0.09477050509126952,0.010822922463550988,0.086238264098347
2026-02-24,0.0096339276936834,0.7155433695248525,1.0,0.5198782665529812,0.020561117409682694,0.0916786554544724
2026-02-25,0.007209482466882,0.5742023853128743,0.7420238531287427,1.0,0.0279188348920294,0.09954909358044084
2026-02-26,-0.0031578666285464,0.4548021012227086,0.0,0.7420238531287427,0.024672804306469454,0.09697261655021916
2026-02-27,-0.0021119806969073,0.5755146921021407,0.755146921021407,0.0,0.022508715123128242,0.09697261655021916
2026-03-02,0.0029629501052725,0.5553246848512304,0.5532468485123044,0.755146921021407,0.025538357428244396,0.09942705180687583
2026-03-03,-0.0128718869621206,0.5056305129290128,0.056305129290128444,0.5532468485123044,0.012337743616109176,0.09159766797472568
2026-03-04,-0.0145360923836832,0.7328002670620407,1.0,0.056305129290128444,-0.00237769134858401,0.09070424270135957
2026-03-05,0.0095443971066642,0.7489507047298909,1.0,1.0,0.007144012127652255,0.10111435711962491
2026-03-06,0.0027932986651324,0.5027097258109656,0.02709725810965625,1.0,0.009957266152324618,0.10419009838352533
2026-03-09,-0.0081421965856537,0.5173406519442348,0.17340651944234844,0.02709725810965625,0.0017339955482029712,0.10394647959437342
2026-03-10,0.0116655646224543,0.7220475719032987,1.0,0.17340651944234844,0.013419788207780003,0.10617963632294436
2026-03-11,0.0059790470649365,0.5466531636856513,0.4665316368565132,1.0,0.01947907281801231,0.1127935364307937
2026-03-12,-0.0036086178068668,0.44501791390997913,0.0,0.4665316368565132,0.015800162482113134,0.11092011026302018
2026-03-13,-0.0036215855069939,0.5896979347570281,0.8969793475702816,0.0,0.012121355335665829,0.11092011026302018
2026-03-16,0.0006413903213373,0.55968319743474,0.5968319743474005,0.8969793475702816,0.01277052017699698,0.11155923801310608
2026-03-17,-0.0072649404142023,0.5600102695041594,0.6001026950415945,0.5968319743474005,0.005412802694650498,0.10673957414569557
2026-03-18,0.0034438810070605,0.6148775451586479,1.0,0.6001026950415945,0.008875324750106106,0.10902685320522854
2026-03-19,-0.0135135563612398,0.6014591832684469,1.0,1.0,-0.004758168812368568,0.09403995631831119
2026-03-20,-0.0050010357910924,0.508660071229346,0.0866007122934598,1.0,-0.009735408830930159,0.08856862333987814
2026-03-23,-0.0319056771129011,0.5456669556502639,0.4566695565026392,0.0866007122934598,-0.041330471133109614,0.08556084905444683
2026-03-24,0.0110610079261532,0.5969109751537652,0.9691097515376526,0.4566695565026392,-0.030726619875751315,0.09104426178829739
2026-03-25,0.0145121803732595,0.6787086424971879,1.0,0.9691097515376526,-0.01666034975238928,0.1063885942892
2026-03-26,-0.0123239944681015,0.6691774818012155,1.0,1.0,-0.028779022162305656,0.09275346737360923
2026-03-27,0.0044563238191852,0.7681775233915162,1.0,1.0,-0.024450946985075106,0.0976231306787636
2026-03-30,-0.0017746000856149,0.6473480364417026,1.0,1.0,-0.026182156418076974,0.09567528857708818
2026-03-31,-0.0082222620646158,0.5842058494844473,0.8420584948444734,1.0,-0.03418914193120659,0.08666635921668386
2026-04-01,0.0159086045338101,0.7461931874867531,1.0,0.8420584948444734,-0.01882443893573027,0.10122331523793804
2026-04-02,-0.0099250280302218,0.6091215833263101,1.0,1.0,-0.028562633881861754,0.09029364296666786
2026-04-03,-0.0077968029921028,0.7003841621110115,1.0,1.0,-0.03613673964465214,0.08179283822891459
2026-04-07,-0.0017961151796195,0.6690110793760776,1.0,1.0,-0.037867949077653895,0.079849813690968
2026-04-08,0.0350877494037391,0.4606045736984223,0.0,1.0,-0.00410890078158499,0.11773931334743115
2026-04-09,-0.0065189500796491,0.7519323105284011,1.0,0.0,-0.01060106514215664,0.11773931334743115
2026-04-10,0.0153106236335387,0.6572825398169296,1.0,1.0,0.004547249572876,0.13485259929450377
2026-04-13,0.0021541903527282,0.573667711434615,0.7366771143461505,1.0,0.006711235566765561,0.13729728781567263
2026-04-14,0.0128976662551911,0.5535843258651173,0.5358432586511731,0.7366771143461505,0.019695461098456768,0.14810322196096215
2026-04-15,-0.0038200607582844,0.47837477385925936,0.0,0.5358432586511731,0.0158001624821138,0.14575310770227712
2026-04-16,0.0110779821802673,0.4363769073710355,0.0,0.0,0.02705317858080325,0.14575310770227712
2026-04-17,-0.0014749198816085,0.5479041407670772,0.47904140767077175,0.0,0.025538357428245284,0.14575310770227712
2026-04-20,0.0054863945444756,0.5331576956516921,0.3315769565169214,0.47904140767077175,0.03116486547759001,0.1487643876672342
2026-04-21,0.0023085323632341,0.504412818408261,0.04412818408261022,0.3315769565169214,0.03354534294137501,0.1496437164154687
2026-04-22,0.0073282762236972,0.4823895794906792,0.0,0.04412818408261022,0.041119448704165285,0.15001549224976696
2026-04-23,-0.0020785184606653,0.5976290586631863,0.976290586631863,0.0,0.038955462710275945,0.15001549224976696
2026-04-24,-0.0039575198787258,0.6220437766503862,1.0,0.976290586631863,0.034843775813489186,0.14557218957791584
2026-04-27,0.0,0.47317266070675196,0.0,1.0,0.034843775813489186,0.14557218957791584
2026-04-28,-0.0025094278043922,0.48842024422426245,0.0,0.0,0.032246910069260615,0.14557218957791584
2026-04-29,0.0106918487336573,0.49354669109268295,0.0,0.0,0.043283537887506274,0.14557218957791584
2026-04-30,0.0006222324207718,0.41235279241507183,0.0,0.0,0.043932702728837425,0.14557218957791584
2026-05-06,0.0132670255531939,0.5356318963995265,0.3563189639952647,0.0,0.05778258457175567,0.14557218957791584
2026-05-07,0.0049100179604111,0.4835422833907616,0.0,0.3563189639952647,0.06297631606021303,0.1475764053694013
2026-05-08,-0.0052931640755636,0.48728153571873173,0.0,0.0,0.05734980801086831,0.1475764053694013
2026-05-11,0.0163732953633297,0.6589944432220503,1.0,0.0,0.07466210871979029,0.1475764053694013
2026-05-12,-0.0006041601592862,0.530189556217327,0.30189556217327,1.0,0.07401284068900726,0.1468830854255403
2026-05-13,0.010880592304215,0.5335830639275959,0.3358306392759592,0.30189556217327,0.08569873653803617,0.15065036988668679
2026-05-14,-0.0151485370974921,0.501312256414324,0.01312256414323976,0.3358306392759592,0.06925198895088935,0.14479661689988466
2026-05-15,-0.0127504963314131,0.4774138636382348,0.0,0.01312256414323976,0.0556184953884149,0.1446050704389512
2026-05-18,-0.0053299604776463,0.7576862925620792,1.0,0.0,0.04999209052852227,0.1446050704389512
2026-05-19,0.0035036522461759,0.8172830466706372,1.0,1.0,0.053670897674969575,0.14861536856497914
2026-05-20,0.0004107321952637,0.6100182478205246,1.0,1.0,0.05410367423585716,0.1490871418768236
2026-05-21,-0.0129336332907726,0.6001836434820543,1.0,1.0,0.04047028386283458,0.1342252701646467
2026-05-22,0.0112312603644888,0.7393315646217379,1.0,1.0,0.05215607652241161,0.14696404948584862
2026-05-25,0.0154257115264644,0.5250487008929074,0.25048700892907455,1.0,0.06838633263966298,0.16465678604444278
2026-05-26,0.0070893914690284,0.4138082409771879,0.0,0.25048700892907455,0.07596054159190513,0.166724984105739
2026-05-27,-0.0080450444229618,0.4560565453324936,0.0,0.0,0.06730439123744425,0.166724984105739
2026-05-28,0.0,0.7374479303943363,1.0,0.0,0.06730439123744425,0.166724984105739
2026-05-29,-0.0018248785621871,0.6686851794271975,1.0,1.0,0.06535669033454683,0.16459585269427635
2026-06-01,-0.0111720150143171,0.5464876167680514,0.46487616768051365,1.0,0.05345450939452623,0.1515849703423644
2026-06-02,0.0139687426779833,0.7358592584579756,1.0,0.46487616768051365,0.06816994435921941,0.15906305861861814
2026-06-03,0.0058752599371185,0.4422676115317338,0.0,1.0,0.07444572043934738,0.1658728553715143
