date,Benchmark,strategy_return_raw,Strategy,gross_strategy_return,fee,turnover,selected_count,selected_codes,avg_selected_prob,strategy_config,strategy_cumulative,benchmark_cumulative,excess_cumulative
2024-11-01,0.0014532457813707562,0.0,0.0,0.0,0.0,0.0,0,,,ema_ab0.6_as0.05_top1_p0.49_sent1.6_trend_fee0.001,0.0,0.0014532457813707378,-0.0014532457813707378
2024-11-04,0.01233431513682485,0.0,0.0,0.0,0.0,0.0,0,,,ema_ab0.6_as0.05_top1_p0.49_sent1.6_trend_fee0.001,0.0,0.013805485709634358,-0.013805485709634358
2024-11-05,0.025303775625644342,0.015780190631003443,0.0,0.016380190631003443,0.0006,0.6,1,159351,0.6158445337037634,ema_ab0.6_as0.05_top1_p0.49_sent1.6_trend_fee0.001,0.0,0.03945859224807813,-0.03945859224807813
2024-11-06,-0.005083897059191341,-0.002720349797254049,0.015780190631003443,-0.002480349797254049,0.00024,0.24,1,159351,0.5818307684882116,ema_ab0.6_as0.05_top1_p0.49_sent1.6_trend_fee0.001,0.015780190631003332,0.034174091767797066,-0.018393901136793733
2024-11-07,0.03111538629867916,0.04262188432830986,-0.002720349797254049,0.043263884328309854,0.000642,0.642,1,510050,0.8240490971922456,ema_ab0.6_as0.05_top1_p0.49_sent1.6_trend_fee0.001,0.013016913195365687,0.06635281813323757,-0.05333590493787188
2024-11-08,-0.010450150538204084,-0.019195372846234172,0.04262188432830986,-0.018915472846234172,0.00027990000000000003,0.27990000000000004,1,510050,0.7622040592388335,ema_ab0.6_as0.05_top1_p0.49_sent1.6_trend_fee0.001,0.0561936028922001,0.05520927065690717,0.0009843322352929285
2024-11-11,0.004359884117325297,0.004674257780446532,-0.019195372846234172,0.005354162780446532,0.0006799050000000001,0.6799050000000001,1,159919,0.7515311208538745,ema_ab0.6_as0.05_top1_p0.49_sent1.6_trend_fee0.001,0.03591957288687686,0.05980986079649875,-0.023890287909621888
2024-11-12,-0.011513365619754598,-0.027748243574278846,0.004674257780446532,-0.027561033824278845,0.00018720975000000018,0.18720975000000017,1,510050,0.7069820079157536,ema_ab0.6_as0.05_top1_p0.49_sent1.6_trend_fee0.001,0.040761728010360265,0.04760788238172742,-0.0068461543713671524
2024-11-13,0.004917288010564939,0.013424706179411236,-0.027748243574278846,0.014133375441911235,0.0007086692624999999,0.7086692625,1,510300,0.7097198522228255,ema_ab0.6_as0.05_top1_p0.49_sent1.6_trend_fee0.001,0.011882418078741352,0.05275927206153641,-0.04087685398279506
2024-11-14,-0.01640528881674358,-0.03724092828693114,0.013424706179411236,-0.03710769248755614,0.0001332357993750002,0.13323579937500019,0,,,ema_ab0.6_as0.05_top1_p0.49_sent1.6_trend_fee0.001,0.025466642229560632,0.03548845214886209,-0.010021809919301461
2024-11-15,-0.016826280534129323,-0.039397710496974346,-0.03724092828693114,-0.039271136487568095,0.00012657400940624996,0.12657400940624997,0,,,ema_ab0.6_as0.05_top1_p0.49_sent1.6_trend_fee0.001,-0.012722687454350567,0.018065032963153982,-0.03078772041750455
2024-11-18,-0.0040384360462620466,-0.004646470006073027,-0.039397710496974346,-0.00452622469713709,0.00012024530893593772,0.12024530893593771,0,,,ema_ab0.6_as0.05_top1_p0.49_sent1.6_trend_fee0.001,-0.05161915319425492,0.013953642436596692,-0.06557279563085161
2024-11-19,0.004524754845673995,0.005885257649619055,-0.004646470006073027,0.0059994906931081955,0.0001142330434891406,0.1142330434891406,0,,,ema_ab0.6_as0.05_top1_p0.49_sent1.6_trend_fee0.001,-0.05602577635327188,0.018541534093500456,-0.07456731044677234
2024-11-20,0.0029642105941762122,0.005323628305762742,0.005885257649619055,0.005432149697077425,0.00010852139131468363,0.10852139131468364,0,,,ema_ab0.6_as0.05_top1_p0.49_sent1.6_trend_fee0.001,-0.050470244832511724,0.021560705699468885,-0.07203095053198061
2024-11-21,0.0016992794652542775,0.003392204000214845,0.005323628305762742,0.0034952993219637945,0.00010309532174894948,0.10309532174894948,0,,,ema_ab0.6_as0.05_top1_p0.49_sent1.6_trend_fee0.001,-0.045415301350738124,0.023296622829174884,-0.06871192417991301
2024-11-22,-0.02963143061839994,-0.05498624433380769,0.003392204000214845,-0.05488830377814619,9.7940555661502e-05,0.097940555661502,0,,,ema_ab0.6_as0.05_top1_p0.49_sent1.6_trend_fee0.001,-0.042177155317436266,-0.007025120052230771,-0.035152035265205495
2024-11-25,-0.006543850568902702,-0.012553490952964673,-0.05498624433380769,-0.012460447425086247,9.304352787842685e-05,0.09304352787842685,0,,,ema_ab0.6_as0.05_top1_p0.49_sent1.6_trend_fee0.001,-0.09484423628365446,-0.01352299928528311,-0.08132123699837135
2024-11-26,-0.0028435136579336717,-0.000850277826039345,-0.012553490952964673,-0.0007618864745548395,8.839135148450555e-05,0.08839135148450555,0,,,ema_ab0.6_as0.05_top1_p0.49_sent1.6_trend_fee0.001,-0.10620710097449138,-0.016328060110052833,-0.08987904086443854
2024-11-27,0.016871509509607446,0.024684310026246475,-0.000850277826039345,0.024768281810156754,8.397178391028026e-05,0.08397178391028026,0,,,ema_ab0.6_as0.05_top1_p0.49_sent1.6_trend_fee0.001,-0.10696707325760413,0.00026797037813452995,-0.10723504363573866
2024-11-28,-0.008066990014735015,-0.010819066687382311,0.024684310026246475,-0.010739293492667544,7.977319471476624e-05,0.07977319471476624,0,,,ema_ab0.6_as0.05_top1_p0.49_sent1.6_trend_fee0.001,-0.08492317163024865,-0.007801181350965081,-0.07712199027928357
2024-11-29,0.01103832840968555,0.021970961574752063,-0.010819066687382311,0.02264674610973109,0.0006757845349790279,0.6757845349790279,1,159352,0.9349993283254759,ema_ab0.6_as0.05_top1_p0.49_sent1.6_trend_fee0.001,-0.09482344886045924,0.0031510350569849965,-0.09797448391744423
2024-12-02,0.008178972201820095,0.01510821450564292,0.021970961574752063,0.015503498185955158,0.000395283680312238,0.395283680312238,1,510050,0.5262519712971762,ema_ab0.6_as0.05_top1_p0.49_sent1.6_trend_fee0.001,-0.07493584963700572,0.011355779486943218,-0.08629162912394894
2024-12-03,0.000857370529884785,0.005048050764623195,0.01510821450564292,0.005249285395093493,0.000201234630470298,0.201234630470298,1,510050,0.5262519712971762,ema_ab0.6_as0.05_top1_p0.49_sent1.6_trend_fee0.001,-0.06095978202184127,0.012222886127503996,-0.07318266814934526
2024-12-04,-0.00513526947122965,-0.009028553559959353,0.005048050764623195,-0.008907094607343102,0.00012145895261625189,0.12145895261625189,1,510050,0.5911382120555507,ema_ab0.6_as0.05_top1_p0.49_sent1.6_trend_fee0.001,-0.05621945933146477,0.007024848842293485,-0.06324430817375826
2024-12-05,-0.0016674609088351972,-0.005353708074952972,-0.009028553559959353,-0.005238178104313004,0.0001155299706399684,0.1155299706399684,0,,,ema_ab0.6_as0.05_top1_p0.49_sent1.6_trend_fee0.001,-0.064740432491738,0.005345674272623224,-0.07008610676436122
2024-12-06,0.01263542535971024,0.03166770461504106,-0.005353708074952972,0.03237745808714903,0.0007097534721079699,0.7097534721079699,1,159361,0.5351708480442483,ema_ab0.6_as0.05_top1_p0.49_sent1.6_trend_fee0.001,-0.06974753919048393,0.018048644500602506,-0.08779618369108644
2024-12-09,-0.000895895217198156,-0.0015222521803993955,0.03166770461504106,-0.0013547830455253583,0.00016746913487403716,0.16746913487403714,1,510050,0.5911382120555507,ema_ab0.6_as0.05_top1_p0.49_sent1.6_trend_fee0.001,-0.04028857904415306,0.017136579589119405,-0.057425158633272466
2024-12-10,0.007567613703032744,0.020915730107761817,-0.0015222521803993955,0.021032584092042023,0.00011685398428020655,0.11685398428020655,1,510050,0.5351708480442483,ema_ab0.6_as0.05_top1_p0.49_sent1.6_trend_fee0.001,-0.04174950184725723,0.024833876306673774,-0.066583378153931
2024-12-11,-0.001868609873406868,-0.008612592135322223,0.020915730107761817,-0.008041216068904481,0.0005713760664177407,0.5713760664177407,1,159351,0.5332550880032175,ema_ab0.6_as0.05_top1_p0.49_sent1.6_trend_fee0.001,-0.0217069930522662,0.02291886160680523,-0.04462585465907143
2024-12-12,0.009636269853204954,0.03200972299397026,-0.008612592135322223,0.03261743050779008,0.0006077075138198178,0.6077075138198178,1,510300,0.5708104798533669,ema_ab0.6_as0.05_top1_p0.49_sent1.6_trend_fee0.001,-0.030132631709944957,0.03277598379518154,-0.0629086155051265
2024-12-13,-0.0228551731493951,-0.07186441207543574,0.03200972299397026,-0.07170018592077429,0.00016422615466145073,0.1642261546614507,0,,,ema_ab0.6_as0.05_top1_p0.49_sent1.6_trend_fee0.001,0.0009125540899106444,0.009171709861005795,-0.00825915577109515
2024-12-16,-0.006102560484986738,-0.016642163815160038,-0.07186441207543574,-0.01648614896823166,0.00015601484692837818,0.15601484692837816,0,,,ema_ab0.6_as0.05_top1_p0.49_sent1.6_trend_fee0.001,-0.07101743814868355,0.003013178461841459,-0.07403061661052501
2024-12-17,0.001535519465967583,0.006140190564213351,-0.016642163815160038,0.00628840466879531,0.00014821410458195925,0.14821410458195924,0,,,ema_ab0.6_as0.05_top1_p0.49_sent1.6_trend_fee0.001,-0.08647771812444016,0.004553324721991769,-0.09103104284643193
2024-12-18,0.005263864879318514,0.01408910174344269,0.006140190564213351,0.014229905142795552,0.00014080339935286133,0.14080339935286132,0,,,ema_ab0.6_as0.05_top1_p0.49_sent1.6_trend_fee0.001,-0.08086851722906918,0.009841157687398683,-0.09070967491646786
2024-12-19,0.0014657824728723928,0.0016287311318300157,0.01408910174344269,0.0017624943612152338,0.00013376322938521824,0.13376322938521823,0,,,ema_ab0.6_as0.05_top1_p0.49_sent1.6_trend_fee0.001,-0.06791878025270814,0.011321365156721885,-0.07924014540943003
2024-12-20,-0.0024743966714850796,-0.005784651471992276,0.0016287311318300157,-0.0056575764040763185,0.00012707506791595735,0.12707506791595735,0,,,ema_ab0.6_as0.05_top1_p0.49_sent1.6_trend_fee0.001,-0.0664006705527117,0.008818954936976375,-0.07521962548968808
2024-12-23,0.00016093957862250985,0.0026252574012568105,-0.005784651471992276,0.00274597871577697,0.00012072131452015941,0.12072131452015941,0,,,ema_ab0.6_as0.05_top1_p0.49_sent1.6_trend_fee0.001,-0.07180121728804989,0.008981313834490523,-0.08078253112254041
2024-12-24,0.010910450566740143,0.02635081763317572,0.0026252574012568105,0.026664230982230513,0.0003134133490547929,0.3134133490547929,1,510050,0.5262519712971762,ema_ab0.6_as0.05_top1_p0.49_sent1.6_trend_fee0.001,-0.06936445656389778,0.019989754581846153,-0.08935421114574393
2024-12-25,0.00012190624828191388,0.001975800726283078,0.02635081763317572,0.00240193986226906,0.00042613913598598194,0.4261391359859819,1,510300,0.6201913641028994,ema_ab0.6_as0.05_top1_p0.49_sent1.6_trend_fee0.001,-0.04484144907586174,0.020114097706113387,-0.06495554678197513
2024-12-26,0.0009709565843950135,-0.00028443051335006825,0.001975800726283078,-7.405453643585851e-05,0.00021037597691420974,0.21037597691420973,1,510050,0.5911382120555507,ema_ab0.6_as0.05_top1_p0.49_sent1.6_trend_fee0.001,-0.04295424611723031,0.021104584206115273,-0.06405883032334558
2024-12-27,-0.0010792456015121937,-0.0034945409307587326,-0.00028443051335006825,-0.003018080461400078,0.0004764604693586544,0.4764604693586544,1,159351,0.5911382120555507,ema_ab0.6_as0.05_top1_p0.49_sent1.6_trend_fee0.001,-0.043226459132306605,0.020002561574926858,-0.06322902070723346
2024-12-30,0.004242179353221215,0.01435798403764851,-0.0034945409307587326,0.014924217506484498,0.000566233468835988,0.566233468835988,1,159361,0.5351708480442483,ema_ab0.6_as0.05_top1_p0.49_sent1.6_trend_fee0.001,-0.04656994343233578,0.024329595381872737,-0.07089953881420852
2024-12-31,-0.016139378418051673,-0.049327373440059614,0.01435798403764851,-0.049165446549188876,0.0001619268908707412,0.1619268908707412,0,,,ema_ab0.6_as0.05_top1_p0.49_sent1.6_trend_fee0.001,-0.032880609899123,0.007797552417194931,-0.040678162316317934
2025-01-02,-0.028791800469918666,-0.08283165742744766,-0.049327373440059614,-0.08267782688112046,0.00015383054632720422,0.15383054632720422,0,,,ema_ab0.6_as0.05_top1_p0.49_sent1.6_trend_fee0.001,-0.08058606921575173,-0.021218753626073394,-0.05936731558967834
2025-01-03,-0.011441934044389784,-0.03178143776562121,-0.08283165742744766,-0.03163529874661036,0.00014613901901084386,0.14613901901084386,0,,,ema_ab0.6_as0.05_top1_p0.49_sent1.6_trend_fee0.001,-0.15674264896449563,-0.03241790409096945,-0.12432474487352618
2025-01-06,-0.004159688070596301,-0.011176715863740345,-0.03178143776562121,-0.011037883795680043,0.0001388320680603017,0.13883206806030168,0,,,ema_ab0.6_as0.05_top1_p0.49_sent1.6_trend_fee0.001,-0.1835425799868331,-0.03644274379264478,-0.14709983619418832
2025-01-07,0.007942369594704124,0.018840089592019413,-0.011176715863740345,0.0189719800566767,0.0001318904646572866,0.1318904646572866,0,,,ema_ab0.6_as0.05_top1_p0.49_sent1.6_trend_fee0.001,-0.19266789258516281,-0.02878981593818697,-0.16387807664697585
2025-01-08,-0.0016903272440827455,-0.0022730725670380304,0.018840089592019413,-0.002147776625613608,0.0001252959414244223,0.1252959414244223,0,,,ema_ab0.6_as0.05_top1_p0.49_sent1.6_trend_fee0.001,-0.17745768335095347,-0.03043147897203724,-0.14702620437891623
2025-01-09,-0.0013314362970642257,-0.004132395403104358,-0.0022730725670380304,-0.004013364258751156,0.00011903114435320118,0.11903114435320118,0,,,ema_ab0.6_as0.05_top1_p0.49_sent1.6_trend_fee0.001,-0.17932738172615625,-0.031722397693424775,-0.14760498403273148
2025-01-10,-0.01144951187652235,-0.024777896271126292,-0.004132395403104358,-0.024664816683990752,0.00011307958713554112,0.11307958713554112,0,,,ema_ab0.6_as0.05_top1_p0.49_sent1.6_trend_fee0.001,-0.1827187254813647,-0.042808703600804465,-0.13991002188056023
2025-01-13,-0.0029344942335612634,-0.005128285881239772,-0.024777896271126292,-0.0050208602734610076,0.00010742560777876401,0.107425607778764,0,,,ema_ab0.6_as0.05_top1_p0.49_sent1.6_trend_fee0.001,-0.20296923612572126,-0.045617575940502975,-0.1573516601852183
2025-01-14,0.025491045915931793,0.06164006965237609,-0.005128285881239772,0.06225841486182817,0.0006183452094520803,0.6183452094520803,1,159352,0.6343388646430255,ema_ab0.6_as0.05_top1_p0.49_sent1.6_trend_fee0.001,-0.2070566377390115,-0.021289369747443998,-0.1857672679915675
2025-01-15,-0.0058588835995841415,-0.015618402591971345,0.06164006965237609,-0.01517554853536766,0.0004428540566036853,0.44285405660368526,1,159351,0.6838013162034631,ema_ab0.6_as0.05_top1_p0.49_sent1.6_trend_fee0.001,-0.15817955365885494,-0.027023521407769313,-0.13115603225108563
2025-01-16,0.00046060214925150444,0.0010518565315661066,-0.015618402591971345,0.0012850040159362614,0.00023314748437015492,0.23314748437015492,1,159351,0.5191494154167376,ema_ab0.6_as0.05_top1_p0.49_sent1.6_trend_fee0.001,-0.17132744429996394,-0.02657536635055857,-0.14475207794940537
2025-01-17,0.0038411334320291035,0.011429030730161376,0.0010518565315661066,0.011784190263346013,0.000355159533184637,0.35515953318463694,1,159352,0.5557952356143002,ema_ab0.6_as0.05_top1_p0.49_sent1.6_trend_fee0.001,-0.17045579965972135,-0.022836312446686935,-0.14761948721303442
2025-01-20,0.003980938925867594,0.009425400996513622,0.011429030730161376,0.00956971709923835,0.00014431610272472886,0.14431610272472886,0,,,ema_ab0.6_as0.05_top1_p0.49_sent1.6_trend_fee0.001,-0.1609749135020051,-0.018946283485961612,-0.1420286300160435
2025-01-21,0.0011967035042634577,0.002216945316505693,0.009425400996513622,0.0026903246504285157,0.0004733793339228231,0.4733793339228231,1,510050,0.5008268577755736,ema_ab0.6_as0.05_top1_p0.49_sent1.6_trend_fee0.001,-0.15306676561562704,-0.017772253065538535,-0.1352945125500885
2025-01-22,-0.009117384268218842,-0.03245143852007788,0.002216945316505693,-0.03170235066275467,0.0007490878573232125,0.7490878573232125,1,512050,0.5313376436452267,ema_ab0.6_as0.05_top1_p0.49_sent1.6_trend_fee0.001,-0.1511891609482655,-0.02672760087324688,-0.12446156007501863
2025-01-23,0.001807282871996066,0.004817683854025501,-0.03245143852007788,0.004989317318482553,0.00017163346445705203,0.17163346445705202,0,,,ema_ab0.6_as0.05_top1_p0.49_sent1.6_trend_fee0.001,-0.17873429370692862,-0.02496862233651853,-0.15376567137041008
2025-01-24,0.008590832998144449,0.031561409806432,0.004817683854025501,0.032297378889993185,0.0007359690835611783,0.7359690835611783,1,159919,0.5157116601156311,ema_ab0.6_as0.05_top1_p0.49_sent1.6_trend_fee0.001,-0.17477769517385566,-0.016592290603060778,-0.15818540457079489
2025-01-27,-0.004266051162338191,-0.013440818851786027,0.031561409806432,-0.013081884811465768,0.0003589340403202589,0.3589340403202589,1,510050,0.5008268577755736,ema_ab0.6_as0.05_top1_p0.49_sent1.6_trend_fee0.001,-0.14873251582982927,-0.02078755820478595,-0.12794495762504332
2025-02-05,-0.005052675218133462,-0.01980054588886308,-0.013440818851786027,-0.01961395329033023,0.000186592598532851,0.186592598532851,0,,,ema_ab0.6_as0.05_top1_p0.49_sent1.6_trend_fee0.001,-0.16017424787897616,-0.025735200642732603,-0.13443904723624356
2025-02-06,0.01340845251364442,0.045537622425019575,-0.01980054588886308,0.04578295403891991,0.00024533161390033486,0.24533161390033487,1,510050,0.5555949415271819,ema_ab0.6_as0.05_top1_p0.49_sent1.6_trend_fee0.001,-0.17680325622249737,-0.012671817344835357,-0.16413143887766202
2025-02-07,0.013978102786843055,0.04954521123381972,0.045537622425019575,0.04996095017661832,0.0004157389427986041,0.41573894279860407,1,159352,0.679882247963643,ema_ab0.6_as0.05_top1_p0.49_sent1.6_trend_fee0.001,-0.13931683372285197,0.001129157476665421,-0.1404459911995174
2025-02-10,0.003111914663108728,0.012433741812459456,0.04954521123381972,0.012615604719938459,0.0001818629074790039,0.18186290747900388,0,,,ema_ab0.6_as0.05_top1_p0.49_sent1.6_trend_fee0.001,-0.09667410444425795,0.004244585981482585,-0.10091869042574053
2025-02-11,-0.004227441258454423,-0.013468350286584142,0.012433741812459456,-0.013295580524479088,0.00017276976210505373,0.17276976210505374,0,,,ema_ab0.6_as0.05_top1_p0.49_sent1.6_trend_fee0.001,-0.0854423834864092,-7.99014875041415e-07,-0.08544158447153416
2025-02-12,0.009807660659117562,0.03491626648655658,-0.013468350286584142,0.03554541899219673,0.0006291525056401471,0.629152505640147,1,159361,0.4960199036315831,ema_ab0.6_as0.05_top1_p0.49_sent1.6_trend_fee0.001,-0.09775996582287771,0.009806853807775795,-0.10756681963065351
2025-02-13,-0.0024968094509976863,-0.007988406821145917,0.03491626648655658,-0.007808192751045937,0.0001802140700999795,0.1802140700999795,0,,,ema_ab0.6_as0.05_top1_p0.49_sent1.6_trend_fee0.001,-0.06625711235470944,0.007285558511506363,-0.0735426708662158
2025-02-14,0.007626950324107845,0.02414765209114674,-0.007988406821145917,0.024318855457741723,0.00017120336659498048,0.17120336659498048,0,,,ema_ab0.6_as0.05_top1_p0.49_sent1.6_trend_fee0.001,-0.07371623040757147,0.014968075428464678,-0.08868430583603615
2025-02-17,0.0017803983317838112,0.005212639125531018,0.02414765209114674,0.005375282323796249,0.0001626431982652315,0.16264319826523152,0,,,ema_ab0.6_as0.05_top1_p0.49_sent1.6_trend_fee0.001,-0.051348652201777534,0.01677512289677141,-0.06812377509854894
2025-02-18,-0.008270260852123137,-0.02525748127284285,0.005212639125531018,-0.024923908781548557,0.00033357249129429347,0.33357249129429345,1,510050,0.4918351245778806,ema_ab0.6_as0.05_top1_p0.49_sent1.6_trend_fee0.001,-0.046403675069756845,0.008366127402465562,-0.054769802472222406
2025-02-19,0.0064917396106631,0.02173997915355962,-0.02525748127284285,0.022251893010441233,0.0005119138568816129,0.5119138568816128,1,159351,0.7127776129319924,ema_ab0.6_as0.05_top1_p0.49_sent1.6_trend_fee0.001,-0.07048911638853428,0.01491217773377529,-0.08540129412230957
2025-02-20,-0.0024536964243352666,-0.009968440805045926,0.02173997915355962,-0.00941445993675406,0.000553980868291867,0.553980868291867,1,159919,0.5152740884526873,ema_ab0.6_as0.05_top1_p0.49_sent1.6_trend_fee0.001,-0.050281569155814276,0.012421891352255576,-0.06270346050806985
2025-02-21,0.014413911636886823,0.05025888406443853,-0.009968440805045926,0.05044176677846067,0.00018288271402214118,0.18288271402214118,0,,,ema_ab0.6_as0.05_top1_p0.49_sent1.6_trend_fee0.001,-0.05974878111514559,0.02701485103345691,-0.0867636321486025
2025-02-24,-0.0033201398295013146,-0.011488296234154706,0.05025888406443853,-0.011314557655833671,0.00017373857832103415,0.17373857832103415,0,,,ema_ab0.6_as0.05_top1_p0.49_sent1.6_trend_fee0.001,-0.012492804113764744,0.023605018121051424,-0.03609782223481617
2025-02-25,-0.009938665357501722,-0.030914815170855862,-0.011488296234154706,-0.03074976352145088,0.00016505164940498241,0.1650516494049824,0,,,ema_ab0.6_as0.05_top1_p0.49_sent1.6_trend_fee0.001,-0.023837579313465307,0.013431750387686847,-0.037269329701152154
2025-02-26,0.008230835531556402,0.02583561151032544,-0.030914815170855862,0.026160350322206302,0.0003247388118808627,0.3247388118808627,1,510050,0.5779485169248221,ema_ab0.6_as0.05_top1_p0.49_sent1.6_trend_fee0.001,-0.05401546012572478,0.02177314044758516,-0.07578860057330994
2025-02-27,0.0016982169020381827,0.005352298997453096,0.02583561151032544,0.005512978638711891,0.0001606796412587943,0.1606796412587943,0,,,ema_ab0.6_as0.05_top1_p0.49_sent1.6_trend_fee0.001,-0.02957537105875896,0.023508332864741854,-0.05308370392350081
2025-02-28,-0.018879723607617582,-0.0523690183681036,0.005352298997453096,-0.05221637270890774,0.00015264565919585464,0.15264565919585463,0,,,ema_ab0.6_as0.05_top1_p0.49_sent1.6_trend_fee0.001,-0.02438136829017301,0.004184778430162073,-0.028566146720335084
2025-03-03,-0.00263330644102773,-0.00870190792715538,-0.0523690183681036,-0.008556894550919318,0.00014501337623606193,0.14501337623606192,0,,,ema_ab0.6_as0.05_top1_p0.49_sent1.6_trend_fee0.001,-0.07547355833444902,0.0015404521851398734,-0.0770140105195889
2025-03-04,-0.0004912336751062146,-0.0018870596010103664,-0.00870190792715538,-0.0017492968935861077,0.00013776270742425886,0.13776270742425886,0,,,ema_ab0.6_as0.05_top1_p0.49_sent1.6_trend_fee0.001,-0.0835187023060433,0.0010484617880455183,-0.08456716409408882
2025-03-05,0.004544622052844782,0.012147512240807172,-0.0018870596010103664,0.012278386812860217,0.00013087457205304592,0.13087457205304592,0,,,ema_ab0.6_as0.05_top1_p0.49_sent1.6_trend_fee0.001,-0.08524815713800304,0.005597848703454034,-0.09084600584145708
2025-03-06,0.014868446397637708,0.03559797427868295,0.012147512240807172,0.03572230512213334,0.0001243308434503935,0.1243308434503935,0,,,ema_ab0.6_as0.05_top1_p0.49_sent1.6_trend_fee0.001,-0.07413619792953596,0.020549526414481045,-0.09468572434401701
2025-03-07,-0.0021659650674315106,-0.0043237729408217105,0.03559797427868295,-0.004205658639543836,0.00011811430127787387,0.11811430127787387,0,,,ema_ab0.6_as0.05_top1_p0.49_sent1.6_trend_fee0.001,-0.041177322117867954,0.018339051790683625,-0.05951637390855158
2025-03-10,-0.0035210906504992145,-0.007614503827954499,-0.0043237729408217105,-0.007502295241740519,0.00011220858621398025,0.11220858621398025,0,,,ema_ab0.6_as0.05_top1_p0.49_sent1.6_trend_fee0.001,-0.04532305366754097,0.014753387676385232,-0.0600764413439262
2025-03-11,0.0023071279532619615,0.004866190796388712,-0.007614503827954499,0.004972788953291994,0.00010659815690328115,0.10659815690328114,0,,,ema_ab0.6_as0.05_top1_p0.49_sent1.6_trend_fee0.001,-0.05259244492984938,0.017094553582760685,-0.06968699851261007
2025-03-12,-0.0017875376969338636,-0.003735451081256664,0.004866190796388712,-0.003634182832198547,0.00010126824905811706,0.10126824905811706,0,,,ema_ab0.6_as0.05_top1_p0.49_sent1.6_trend_fee0.001,-0.04798217900493784,0.015276458726885433,-0.06325863773182328
2025-03-13,-0.00525466576842866,-0.009001990033464014,-0.003735451081256664,-0.008905785196858803,9.620483660521126e-05,0.09620483660521126,0,,,ema_ab0.6_as0.05_top1_p0.49_sent1.6_trend_fee0.001,-0.05153839500374946,0.00994152027372186,-0.06147991527747132
2025-03-14,0.024260103965812824,0.052989490744781494,-0.009001990033464014,0.05346006328246629,0.0004705725376847979,0.4705725376847979,1,159919,0.5426674050447327,ema_ab0.6_as0.05_top1_p0.49_sent1.6_trend_fee0.001,-0.06007643691904896,0.034442806554953354,-0.09451924347400231
2025-03-17,-0.0022510578565302086,-0.005848442392199716,0.052989490744781494,-0.005445087679916643,0.0004033547122830726,0.4033547122830726,1,510050,0.7165877993070132,ema_ab0.6_as0.05_top1_p0.49_sent1.6_trend_fee0.001,-0.010270365972368967,0.03211421594812669,-0.042384581920495656
2025-03-18,0.0030215119239190846,0.005611401614803994,-0.005848442392199716,0.005730642948170044,0.00011924133336604995,0.11924133336604995,0,,,ema_ab0.6_as0.05_top1_p0.49_sent1.6_trend_fee0.001,-0.01605874272083252,0.03523276135846043,-0.05129150407929295
2025-03-19,0.0005014670635118124,0.0022425792684957905,0.005611401614803994,0.002355858535193538,0.00011327926669774746,0.11327926669774746,0,,,ema_ab0.6_as0.05_top1_p0.49_sent1.6_trend_fee0.001,-0.010537453160864074,0.03575189649134991,-0.046289349652213985
2025-03-20,-0.008859952990720066,-0.01915635566776874,0.0022425792684957905,-0.01904874036440588,0.0001076153033628601,0.1076153033628601,0,,,ema_ab0.6_as0.05_top1_p0.49_sent1.6_trend_fee0.001,-0.008318504966369655,0.02657518337838738,-0.034893688344757035
2025-03-21,-0.016112599673059586,-0.031185679986628512,-0.01915635566776874,-0.031083445448433795,0.00010223453819471707,0.10223453819471708,0,,,ema_ab0.6_as0.05_top1_p0.49_sent1.6_trend_fee0.001,-0.027315508394378574,0.0100343884143137,-0.03734989680869227
2025-03-24,0.004142683177166456,0.008593073448114781,-0.031185679986628512,0.008690196259399763,9.712281128498125e-05,0.09712281128498125,0,,,ema_ab0.6_as0.05_top1_p0.49_sent1.6_trend_fee0.001,-0.05764933567754793,0.014218640883557399,-0.07186797656110533
2025-03-25,0.00027619942910028783,0.00045907188925194803,0.008593073448114781,0.0005513385599726802,9.226667072073216e-05,0.09226667072073215,0,,,ema_ab0.6_as0.05_top1_p0.49_sent1.6_trend_fee0.001,-0.04955164720514538,0.014498767493152265,-0.06405041469829764
2025-03-26,-0.004349396942277595,-0.0078024117873368585,0.00045907188925194803,-0.007714758450152163,8.765333718469555e-05,0.08765333718469555,0,,,ema_ab0.6_as0.05_top1_p0.49_sent1.6_trend_fee0.001,-0.04911532308419153,0.010086309655873205,-0.059201632740064736
2025-03-27,0.003270562222122936,0.005516390136487598,-0.0078024117873368585,0.005599660806813058,8.32706703254607e-05,0.0832706703254607,0,,,ema_ab0.6_as0.05_top1_p0.49_sent1.6_trend_fee0.001,-0.0565345168957575,0.013389859781317348,-0.06992437667707485
2025-03-28,-0.00449402627983847,-0.006422906903329526,0.005516390136487598,-0.006343799766520338,7.910713680918777e-05,0.07910713680918777,0,,,ema_ab0.6_as0.05_top1_p0.49_sent1.6_trend_fee0.001,-0.05132999321064469,0.00883565911973827,-0.06016565233038296
2025-03-31,-0.0065822312399329425,-0.008971916684889576,-0.006422906903329526,-0.008896764904920848,7.515177996872832e-05,0.07515177996872831,0,,,ema_ab0.6_as0.05_top1_p0.49_sent1.6_trend_fee0.001,-0.05742321234623371,0.0021952695283220525,-0.05961848187455576
2025-04-01,-0.0003823069062910134,-0.0007905795942655596,-0.008971916684889576,-0.0007191854032952677,7.139419097029191e-05,0.07139419097029191,0,,,ema_ab0.6_as0.05_top1_p0.49_sent1.6_trend_fee0.001,-0.06587993275417414,0.0018121233553292093,-0.06769205610950335
2025-04-02,-0.0008030696017946731,-0.0014317393210404109,-0.0007905795942655596,-0.0013639148396186334,6.782448142177733e-05,0.06782448142177733,0,,,ema_ab0.6_as0.05_top1_p0.49_sent1.6_trend_fee0.001,-0.06661842901793269,0.0010075984923532122,-0.0676260275102859
2025-04-03,-0.005603846302162027,-0.00491079583812981,-0.0014317393210404109,-0.004846362580779122,6.443325735068845e-05,0.06443325735068844,0,,,ema_ab0.6_as0.05_top1_p0.49_sent1.6_trend_fee0.001,-0.06795478811464228,-0.004601894236894277,-0.063352893877748
2025-04-07,-0.07739905377470928,-0.08203283807972672,-0.00491079583812981,-0.08197162648524357,6.121159448315406e-05,0.06121159448315406,0,,,ema_ab0.6_as0.05_top1_p0.49_sent1.6_trend_fee0.001,-0.07253187186211774,-0.08164476575209656,0.009112893889978824
2025-04-08,0.01746322233121081,0.01910512245441013,-0.08203283807972672,0.019163273469169125,5.8151014758996345e-05,0.058151014758996346,0,,,ema_ab0.6_as0.05_top1_p0.49_sent1.6_trend_fee0.001,-0.1486147146417599,-0.06560732411739423,-0.08300739052436568
2025-04-09,0.011252241948405906,0.009989687627011783,0.01910512245441013,0.01004493109103283,5.5243464021046514e-05,0.05524346402104651,0,,,ema_ab0.6_as0.05_top1_p0.49_sent1.6_trend_fee0.001,-0.1323488945091078,-0.055093311653544585,-0.07725558285556322
2025-04-10,0.016318855948485783,0.014506492267888763,0.009989687627011783,0.014558973558708757,5.2481290819994166e-05,0.05248129081999416,0,,,ema_ab0.6_as0.05_top1_p0.49_sent1.6_trend_fee0.001,-0.1236813309960223,-0.0396735155216581,-0.0840078154743642
2025-04-11,0.004864231936456603,0.004147934826286402,0.014506492267888763,0.004197792052565396,4.985722627899449e-05,0.04985722627899449,0,,,ema_ab0.6_as0.05_top1_p0.49_sent1.6_trend_fee0.001,-0.11096902099990946,-0.03500226476643342,-0.07596675623347604
2025-04-14,0.002701046613737823,0.0034561968227015518,0.004147934826286402,0.003900326055637812,0.00044412923293626015,0.44412923293626017,1,510050,0.6725281694293236,ema_ab0.6_as0.05_top1_p0.49_sent1.6_trend_fee0.001,-0.10728137844046737,-0.03239576090141616,-0.07488561753905121
2025-04-15,-0.00018874683308291174,0.0010982190351159448,0.0034561968227015518,0.0011646167724007502,6.639773728480547e-05,0.06639773728480547,0,,,ema_ab0.6_as0.05_top1_p0.49_sent1.6_trend_fee0.001,-0.1041959671770668,-0.03257839313722355,-0.07161757403984326
2025-04-16,0.002391370605502874,0.006847307780829207,0.0010982190351159448,0.006910385631249773,6.30778504205652e-05,0.0630778504205652,0,,,ema_ab0.6_as0.05_top1_p0.49_sent1.6_trend_fee0.001,-0.10321217813648709,-0.030264929543443397,-0.07294724859304369
2025-04-17,0.00014484223094901605,0.0003641726459723467,0.006847307780829207,0.00042409660387188365,5.992395789953697e-05,0.059923957899536966,0,,,ema_ab0.6_as0.05_top1_p0.49_sent1.6_trend_fee0.001,-0.09707159590608805,-0.03012447095240889,-0.06694712495367916
2025-04-18,0.002579501871631612,0.0018780413047794825,0.0003641726459723467,0.0019349690647840426,5.692776000456011e-05,0.05692776000456011,0,,,ema_ab0.6_as0.05_top1_p0.49_sent1.6_trend_fee0.001,-0.0967427740800455,-0.02762267520998085,-0.06912009887006465
2025-04-21,0.0021830896542157086,-0.0005409825155734399,0.0018780413047794825,-0.00048690114356910786,5.408137200433206e-05,0.05408137200433206,0,,,ema_ab0.6_as0.05_top1_p0.49_sent1.6_trend_fee0.001,-0.09504641970092731,-0.02549988833223782,-0.06954653136868949
2025-04-22,0.0002896203782869339,0.0009921037424869745,-0.0005409825155734399,0.00104348104589109,5.137730340411553e-05,0.05137730340411553,0,,,ema_ab0.6_as0.05_top1_p0.49_sent1.6_trend_fee0.001,-0.09553598376527472,-0.02521765324125591,-0.07031833052401881
2025-04-23,0.001417188827440824,-0.0007228845304959538,0.0009921037424869745,-0.0006740760922620442,4.880843823390969e-05,0.048808438233909686,0,,,ema_ab0.6_as0.05_top1_p0.49_sent1.6_trend_fee0.001,-0.09463866162982348,-0.023836202590242883,-0.0708024590395806
2025-04-24,-0.0006625174781747512,0.0006154330381292594,-0.0007228845304959538,0.0006618010544514736,4.636801632221421e-05,0.04636801632221421,0,,,ema_ab0.6_as0.05_top1_p0.49_sent1.6_trend_fee0.001,-0.09529313333584044,-0.024482928167588236,-0.0708102051682522
2025-04-25,-0.00019979920748584845,-0.001705635109686215,0.0006154330381292594,-0.0013742515979602962,0.00033138351172591884,0.33138351172591884,1,510050,0.5373801990172968,ema_ab0.6_as0.05_top1_p0.49_sent1.6_trend_fee0.001,-0.09473634684027299,-0.024677835705429252,-0.07005851113484374
2025-04-28,-0.0012421621489338286,-0.0019213243512219362,-0.001705635109686215,-0.0013088838444638023,0.0006124405067581338,0.6124405067581338,1,159351,0.5493847764443041,ema_ab0.6_as0.05_top1_p0.49_sent1.6_trend_fee0.001,-0.09628039631062502,-0.025889343980932122,-0.0703910523296929
2025-04-29,-0.0015407577830942876,-0.0038189818496656295,-0.0019213243512219362,-0.003152316407956616,0.0006666654417090132,0.6666654417090132,1,512050,0.5749184170838323,ema_ab0.6_as0.05_top1_p0.49_sent1.6_trend_fee0.001,-0.09801673479187001,-0.02739021255578855,-0.07062652223608146
2025-04-30,-0.00020005129441627578,-0.0020782769211385374,-0.0038189818496656295,-0.001969451478115663,0.00010882544302287442,0.10882544302287442,0,,,ema_ab0.6_as0.05_top1_p0.49_sent1.6_trend_fee0.001,-0.10146139251040198,-0.027584784402728713,-0.07387660810767327
2025-05-06,0.011279115060569972,0.021624526825439163,-0.0020782769211385374,0.021727910996310894,0.00010338417087173076,0.10338417087173075,0,,,ema_ab0.6_as0.05_top1_p0.49_sent1.6_trend_fee0.001,-0.1033288045610995,-0.016616801299358053,-0.08671200326174144
2025-05-07,0.0054121557751609095,0.010322599455618295,0.021624526825439163,0.010420814417946438,9.82149623281443e-05,0.09821496232814429,0,,,ema_ab0.6_as0.05_top1_p0.49_sent1.6_trend_fee0.001,-0.08393871424173238,-0.01129457824131408,-0.0726441360004183
2025-05-08,0.006184354329080821,0.013500254993653062,0.010322599455618295,0.014109935555701197,0.0006096805620481352,0.6096805620481351,1,159919,0.5877839921945051,ema_ab0.6_as0.05_top1_p0.49_sent1.6_trend_fee0.001,-0.07448258051205114,-0.005180073586074974,-0.06930250692597617
2025-05-09,-0.0021042110574184397,-0.004014616589631463,0.013500254993653062,-0.0038995155098756956,0.00011510107975576695,0.11510107975576696,0,,,ema_ab0.6_as0.05_top1_p0.49_sent1.6_trend_fee0.001,-0.06198785934789597,-0.007273384675375305,-0.05471447467252066
2025-05-12,0.01086023387044091,0.0243046209883518,-0.004014616589631463,0.02461169002629761,0.0003070690379458099,0.30706903794580986,1,159919,0.5384951370037224,ema_ab0.6_as0.05_top1_p0.49_sent1.6_trend_fee0.001,-0.0657536184490336,0.0035078585364614057,-0.06926147698549501
2025-05-13,0.0012642758915173136,0.0029216526624012227,0.0243046209883518,0.003038511975857557,0.00011685931345633406,0.11685931345633406,0,,,ema_ab0.6_as0.05_top1_p0.49_sent1.6_trend_fee0.001,-0.04304711423569829,0.004776569328957203,-0.047823683564655495
2025-05-14,0.011384466517906783,0.031095779348052247,0.0029216526624012227,0.031482175375103824,0.00038639602705157805,0.38639602705157805,1,510050,0.6107829712905906,ema_ab0.6_as0.05_top1_p0.49_sent1.6_trend_fee0.001,-0.040251230289212514,0.01621541454046005,-0.05646664482967256
2025-05-15,-0.008371435208105002,-0.01902511041553591,0.031095779348052247,-0.018823226950080693,0.00020188346545521452,0.20188346545521452,1,510050,0.5840871728617643,ema_ab0.6_as0.05_top1_p0.49_sent1.6_trend_fee0.001,-0.010407094316721266,0.007708233040156998,-0.018115327356878264
2025-05-16,-0.005255090591212333,-0.01855615289951675,-0.01902511041553591,-0.017850961736159156,0.000705191163357591,0.705191163357591,1,159361,0.6117433797962256,ema_ab0.6_as0.05_top1_p0.49_sent1.6_trend_fee0.001,-0.02923420861377668,0.002412634986020512,-0.03164684359979719
2025-05-19,-0.0013598562097612843,-0.0057220075110142364,-0.01855615289951675,-0.004993405965710815,0.0007286015453034207,0.7286015453034207,1,159352,0.6291504793526181,ema_ab0.6_as0.05_top1_p0.49_sent1.6_trend_fee0.001,-0.047247887068359806,0.001049497939591637,-0.04829738500795144
2025-05-20,0.005178729728612663,0.018722764261365148,-0.0057220075110142364,0.019491352534273147,0.0007685882729079982,0.7685882729079982,1,510310,0.5587717335447129,ema_ab0.6_as0.05_top1_p0.49_sent1.6_trend_fee0.001,-0.05269954181468939,0.006233662734383971,-0.05893320454907336
2025-05-21,0.004066160685774783,0.014408799821256996,0.018722764261365148,0.014598958680519594,0.00019015885926259836,0.19015885926259835,0,,,ema_ab0.6_as0.05_top1_p0.49_sent1.6_trend_fee0.001,-0.0349634586514026,0.01032517049449777,-0.04528862914590037
2025-05-22,-0.0011389642848018272,-0.0033791041529166676,0.014408799821256996,-0.0031984532366171993,0.00018065091629946838,0.18065091629946836,0,,,ema_ab0.6_as0.05_top1_p0.49_sent1.6_trend_fee0.001,-0.021058440306912507,0.009174446209268217,-0.030232886516180724
2025-05-23,-0.0075411005782323876,-0.024510072869055734,-0.0033791041529166676,-0.02433845449857124,0.00017161837048449503,0.17161837048449502,0,,,ema_ab0.6_as0.05_top1_p0.49_sent1.6_trend_fee0.001,-0.024366385796734114,0.001564160209422072,-0.025930546006156185
2025-05-26,-0.004726091886573927,-0.01483535660737726,-0.024510072869055734,-0.01467231915541699,0.00016303745196027036,0.16303745196027036,0,,,ema_ab0.6_as0.05_top1_p0.49_sent1.6_trend_fee0.001,-0.048279236774356304,-0.0031693240420268554,-0.04510991273232945
2025-05-27,-0.005307712029856679,-0.01558952518939636,-0.01483535660737726,-0.015434639610034103,0.00015488557936225677,0.15488557936225678,0,,,ema_ab0.6_as0.05_top1_p0.49_sent1.6_trend_fee0.001,-0.062398353687453945,-0.008460214212539174,-0.05393813947491477
2025-05-28,-0.0015656765376158704,-0.004445758327046327,-0.01558952518939636,-0.004298617026652183,0.00014714130039414382,0.14714130039414383,0,,,ema_ab0.6_as0.05_top1_p0.49_sent1.6_trend_fee0.001,-0.07701511817026285,-0.010012644791259295,-0.06700247337900356
2025-05-29,0.006823669276464245,0.016795165461132352,-0.004445758327046327,0.016934949696506787,0.00013978423537443674,0.13978423537443674,0,,,ema_ab0.6_as0.05_top1_p0.49_sent1.6_trend_fee0.001,-0.0811184858943953,-0.0032572984914333025,-0.077861187402962
2025-05-30,-0.002969676374829089,-0.00764447293499178,0.016795165461132352,-0.007511677911386065,0.00013279502360571485,0.13279502360571485,0,,,ema_ab0.6_as0.05_top1_p0.49_sent1.6_trend_fee0.001,-0.06568571882581598,-0.006217301743886572,-0.0594684170819294
2025-06-03,-0.0007298190919385744,-0.0014403714072647987,-0.00764447293499178,-0.0013142161348393695,0.0001261552724254291,0.12615527242542912,0,,,ema_ab0.6_as0.05_top1_p0.49_sent1.6_trend_fee0.001,-0.0728280590610284,-0.006942583330312169,-0.06588547573071624
2025-06-04,0.004167822750374722,0.00897096045874581,-0.0014403714072647987,0.009090807967549968,0.00011984750880415767,0.11984750880415766,0,,,ema_ab0.6_as0.05_top1_p0.49_sent1.6_trend_fee0.001,-0.07416353101437512,-0.0028036960366878416,-0.07135983497768728
2025-06-05,0.0025016921754638793,0.004760640413914744,0.00897096045874581,0.004874495547278693,0.00011385513336394977,0.11385513336394977,0,,,ema_ab0.6_as0.05_top1_p0.49_sent1.6_trend_fee0.001,-0.06585788865984021,-0.00030901784566128576,-0.06554887081417893
2025-06-06,0.0008310042123499395,0.0016212827770155582,0.004760640413914744,0.0017294451537113104,0.00010816237669575227,0.10816237669575227,0,,,ema_ab0.6_as0.05_top1_p0.49_sent1.6_trend_fee0.001,-0.061410773972254695,0.0005217295715571613,-0.061932503543811857
2025-06-09,0.0025743132202506736,0.004430193258423471,0.0016212827770155582,0.004532947516284435,0.00010275425786096464,0.10275425786096463,0,,,ema_ab0.6_as0.05_top1_p0.49_sent1.6_trend_fee0.001,-0.05988905542540368,0.0030973858871412574,-0.06298644131254494
2025-06-10,-0.005953024352320951,-0.010884416951865624,0.004430193258423471,-0.010786800406897707,9.761654496791641e-05,0.09761654496791641,0,,,ema_ab0.6_as0.05_top1_p0.49_sent1.6_trend_fee0.001,-0.05572418225657927,-0.002874077278794407,-0.05285010497778486
2025-06-11,0.00767360997910721,0.013240071160582798,-0.010884416951865624,0.013332806878302319,9.27357177195206e-05,0.0927357177195206,0,,,ema_ab0.6_as0.05_top1_p0.49_sent1.6_trend_fee0.001,-0.06600207397446245,0.004777478152225623,-0.07077955212668807
2025-06-12,0.000517966085814392,0.0005604811824055579,0.013240071160582798,0.0006485801142391025,8.809893183354453e-05,0.08809893183354453,0,,,ema_ab0.6_as0.05_top1_p0.49_sent1.6_trend_fee0.001,-0.053635874970047515,0.005297918809698432,-0.05893379377974595
2025-06-13,-0.006091271144453431,-0.009554350461520492,0.0005604811824055579,-0.009470656476278625,8.369398524186731e-05,0.08369398524186732,0,,,ema_ab0.6_as0.05_top1_p0.49_sent1.6_trend_fee0.001,-0.05310545568626446,-0.0008256233947261382,-0.05227983229153832
2025-06-16,0.002542251556793773,0.0037333868228026754,-0.009554350461520492,0.0038128961087824493,7.950928597977395e-05,0.07950928597977394,0,,,ema_ab0.6_as0.05_top1_p0.49_sent1.6_trend_fee0.001,-0.06215241801273963,0.0017145292197069395,-0.06386694723244657
2025-06-17,-0.00067593906152566,-0.0010055817879669655,0.0037333868228026754,-0.0009300479662861803,7.55338216807852e-05,0.07553382168078521,0,,,ema_ab0.6_as0.05_top1_p0.49_sent1.6_trend_fee0.001,-0.05865107020835103,0.0010374312409096031,-0.059688501449260634
2025-06-18,0.00014071840866125562,5.912389945415674e-05,-0.0010055817879669655,0.00013088103005090275,7.175713059674601e-05,0.071757130596746,0,,,ema_ab0.6_as0.05_top1_p0.49_sent1.6_trend_fee0.001,-0.059597673548271723,0.0011782956352441865,-0.06077596918351591
2025-06-19,-0.007834942211532483,-0.010172061638512423,5.912389945415674e-05,-0.010103892364445515,6.816927406690867e-05,0.06816927406690867,0,,,ema_ab0.6_as0.05_top1_p0.49_sent1.6_trend_fee0.001,-0.05954207329567618,-0.006665878454498508,-0.05287619484117767
2025-06-20,0.0005183557584458737,0.0012595861206818836,-0.010172061638512423,0.0013243469310454468,6.476081036356325e-05,0.06476081036356325,0,,,ema_ab0.6_as0.05_top1_p0.49_sent1.6_trend_fee0.001,-0.06910846929454018,-0.006150977992534612,-0.06295749130200556
2025-06-23,0.0044234299515589215,0.005172667538394768,0.0012595861206818836,0.005234190308240153,6.152276984538508e-05,0.061522769845385086,0,,,ema_ab0.6_as0.05_top1_p0.49_sent1.6_trend_fee0.001,-0.06793593124260322,-0.0017547564612593325,-0.06618117478134389
2025-06-24,0.01183305915061078,0.017466933345852274,0.005172667538394768,0.01796781096921353,0.0005008776233612559,0.5008776233612559,1,510050,0.5261704183882037,ema_ab0.6_as0.05_top1_p0.49_sent1.6_trend_fee0.001,-0.06311467369043766,0.010057538552350476,-0.07317221224278814
2025-06-25,0.015154940366082642,0.0294432843056015,0.017466933345852274,0.03006091634556006,0.0006176320399585618,0.6176320399585618,1,159351,0.6889374130875953,ema_ab0.6_as0.05_top1_p0.49_sent1.6_trend_fee0.001,-0.04675016014308142,0.02536490031542349,-0.07211506045850491
2025-06-26,-0.002845050908497654,-0.005376419080518613,0.0294432843056015,-0.005104470606449448,0.00027194847406916494,0.27194847406916495,1,510050,0.5712109869856863,ema_ab0.6_as0.05_top1_p0.49_sent1.6_trend_fee0.001,-0.018683354093905202,0.022447684974239435,-0.04113103906814464
2025-06-27,-0.005428020019169311,-0.014573851394249129,-0.005376419080518613,-0.014464851156819152,0.00010900023742997598,0.10900023742997599,0,,,ema_ab0.6_as0.05_top1_p0.49_sent1.6_trend_fee0.001,-0.023959323632985252,0.016897818471645953,-0.040857142104631206
2025-06-30,0.0072518518775762375,0.014113116050435017,-0.014573851394249129,0.014216666275993495,0.00010355022555847714,0.10355022555847714,0,,,ema_ab0.6_as0.05_top1_p0.49_sent1.6_trend_fee0.001,-0.038183995405100535,0.02427221082583264,-0.062456206230933176
2025-07-01,4.146452908901366e-05,-0.0019435204305642629,0.014113116050435017,-0.0016005213813905792,0.00034299904917368365,0.3429990491736836,1,159351,0.49586663280661214,ema_ab0.6_as0.05_top1_p0.49_sent1.6_trend_fee0.001,-0.02460977451308688,0.02431468179071339,-0.04892445630380027
2025-07-02,-0.00014589170342166335,-0.0007010876741284723,-0.0019435204305642629,-0.0005248181012822929,0.0001762695728461794,0.1762695728461794,1,159351,0.4951973402673941,ema_ab0.6_as0.05_top1_p0.49_sent1.6_trend_fee0.001,-0.02650546534409337,0.024165242776947204,-0.050670708121040575
2025-07-03,0.005777339411152688,0.012868061527008794,-0.0007010876741284723,0.01349483648014449,0.000626774953135696,0.626774953135696,1,510310,0.4924474217362166,ema_ab0.6_as0.05_top1_p0.49_sent1.6_trend_fee0.001,-0.027187970363171998,0.030082192997575197,-0.057270163360747195
2025-07-04,0.0027305536344256753,0.007588764522783614,0.012868061527008794,0.007720182850698325,0.00013141832791471102,0.131418327914711,0,,,ema_ab0.6_as0.05_top1_p0.49_sent1.6_trend_fee0.001,-0.014669765311591032,0.03289488767342208,-0.04756465298501311
2025-07-07,-0.0039698464708096265,-0.01280719515910312,0.007588764522783614,-0.012123885255979709,0.0006833099031234115,0.6833099031234114,1,512050,0.5579559374802432,ema_ab0.6_as0.05_top1_p0.49_sent1.6_trend_fee0.001,-0.007192326183361519,0.028794453548874444,-0.03598677973223596
2025-07-08,0.008776306557280428,0.025236852188711363,-0.01280719515910312,0.025466822964150603,0.00022997077543923864,0.22997077543923863,1,159351,0.49045072137368323,ema_ab0.6_as0.05_top1_p0.49_sent1.6_trend_fee0.001,-0.019907407817386424,0.037823469057649106,-0.05773087687503553
2025-07-09,-0.0009150055032301485,-0.0024241192532112234,0.025236852188711363,-0.0022764818218765272,0.00014763743133469623,0.14763743133469623,0,,,ema_ab0.6_as0.05_top1_p0.49_sent1.6_trend_fee0.001,0.004827044062777119,0.03687385487207995,-0.03204681080930283
2025-07-10,0.004825120472094269,0.012008496278038605,-0.0024241192532112234,0.012148751837806566,0.0001402555597679614,0.14025555976796142,0,,,ema_ab0.6_as0.05_top1_p0.49_sent1.6_trend_fee0.001,0.0023912234791172438,0.0418768961362026,-0.03948567265708536
2025-07-11,0.0037884191511710352,0.012129679034411948,0.012008496278038605,0.012799025958434313,0.0006693469240223648,0.6693469240223648,1,159919,0.5136795171268982,ema_ab0.6_as0.05_top1_p0.49_sent1.6_trend_fee0.001,0.014428434755404895,0.0458239625226875,-0.031395527767282605
2025-07-14,-0.0003001110600406448,-0.002426245754913923,0.012129679034411948,-0.0019921196486516798,0.0004341261062622435,0.43412610626224346,1,510050,0.5136795171268982,ema_ab0.6_as0.05_top1_p0.49_sent1.6_trend_fee0.001,0.026733126072368885,0.045510099184678854,-0.01877697311230997
2025-07-15,5.600947091916053e-05,-0.0019612104587972343,-0.002426245754913923,-0.0017164554077777295,0.0002447550510195046,0.24475505101950457,1,510050,0.504816382977199,ema_ab0.6_as0.05_top1_p0.49_sent1.6_trend_fee0.001,0.024242019183806418,0.04556865765217499,-0.021326638468368575
2025-07-16,-0.002218239693767138,-0.007831125395372495,-0.0019612104587972343,-0.007665673996875817,0.00016545139849667866,0.16545139849667867,1,510050,0.588295335445666,ema_ab0.6_as0.05_top1_p0.49_sent1.6_trend_fee0.001,0.022233265023443582,0.043249335753212215,-0.021016070729768632
2025-07-17,0.008853107971420332,0.027442594473290987,-0.007831125395372495,0.028201257176360458,0.0007586627030694696,0.7586627030694696,1,510300,0.5061755963854672,ema_ab0.6_as0.05_top1_p0.49_sent1.6_trend_fee0.001,0.01422802814172397,0.05248533476374795,-0.03825730662202398
2025-07-18,0.007119312047659143,0.026707103901828528,0.027442594473290987,0.026890915315056524,0.0001838114132279971,0.1838114132279971,1,510050,0.5136795171268982,ema_ab0.6_as0.05_top1_p0.49_sent1.6_trend_fee0.001,0.042061076621462856,0.0599783062875161,-0.017917229666053247
2025-07-21,0.005791851229346862,0.020488719059924783,0.026707103901828528,0.021221845700732166,0.0007331266408073842,0.7331266408073842,1,159352,0.5104235964788564,ema_ab0.6_as0.05_top1_p0.49_sent1.6_trend_fee0.001,0.06989151006684358,0.06611754294386851,0.0037739671229750638
2025-07-22,0.009542068328146774,0.03629720898204396,0.020488719059924783,0.036717305837075186,0.0004200968550312286,0.4200968550312286,1,159351,0.5104235964788564,ema_ab0.6_as0.05_top1_p0.49_sent1.6_trend_fee0.001,0.09181221664120187,0.07629050938447501,0.015521707256726858
2025-07-23,-0.0006720350641097605,-0.0018411217578308168,0.03629720898204396,-0.0014277770631470567,0.00041334469468376007,0.41334469468376006,1,159352,0.5104235964788564,ema_ab0.6_as0.05_top1_p0.49_sent1.6_trend_fee0.001,0.13144195283777615,0.07556720442300002,0.05587474841477613
2025-07-24,0.007586019256921928,0.031143494313720207,-0.0018411217578308168,0.031671878656353854,0.0005283843426336465,0.5283843426336465,1,159919,0.5104235964788564,ema_ab0.6_as0.05_top1_p0.49_sent1.6_trend_fee0.001,0.12935883044068386,0.08372647794786658,0.045632352492817274
2025-07-25,-0.00416903980121254,-0.01743395253314284,0.031143494313720207,-0.017221745810452913,0.00021220672268992943,0.21220672268992943,0,,,ema_ab0.6_as0.05_top1_p0.49_sent1.6_trend_fee0.001,0.16453101075466292,0.07920837912767409,0.08532263162698883
2025-07-28,0.0032497545984484233,0.012368679163723625,-0.01743395253314284,0.012683591830446109,0.0003149126667224838,0.3149126667224838,1,510050,0.5100222301264206,ema_ab0.6_as0.05_top1_p0.49_sent1.6_trend_fee0.001,0.14422863238979322,0.08271554152042837,0.06151309086936485
2025-07-29,0.004562334414987351,0.016392811528378612,0.012368679163723625,0.01659373763053642,0.00020092610215780582,0.20092610215780582,0,,,ema_ab0.6_as0.05_top1_p0.49_sent1.6_trend_fee0.001,0.15838122923376896,0.08765525189714873,0.07072597733662023
2025-07-30,-0.0011574952619873985,-0.0030980739413068482,0.016392811528378612,-0.002907194144256933,0.00019087979704991552,0.1908797970499155,0,,,ema_ab0.6_as0.05_top1_p0.49_sent1.6_trend_fee0.001,0.17737035440260973,0.08639629609640198,0.09097405830620775
2025-07-31,-0.01728498792059721,-0.05863100893369664,-0.0030980739413068482,-0.05844967312649922,0.00018133580719741974,0.18133580719741973,0,,,ema_ab0.6_as0.05_top1_p0.49_sent1.6_trend_fee0.001,0.17372277398836777,0.06761794924139419,0.10610482474697358
2025-08-01,-0.004978719619483429,-0.01752864332458607,-0.05863100893369664,-0.017356374307748522,0.0001722690168375486,0.17226901683754858,0,,,ema_ab0.6_as0.05_top1_p0.49_sent1.6_trend_fee0.001,0.10490622354097257,0.06230257881139334,0.042603644729579226
2025-08-04,0.0040985040726426725,0.01260102407430143,-0.01752864332458607,0.012764679640297101,0.00016365556599567133,0.16365556599567133,0,,,ema_ab0.6_as0.05_top1_p0.49_sent1.6_trend_fee0.001,0.08553871644140743,0.06665643025703072,0.018882286184376706
2025-08-05,0.007330666009066511,0.022133309561151396,0.01260102407430143,0.022288782348847284,0.0001554727876958877,0.15547278769588768,0,,,ema_ab0.6_as0.05_top1_p0.49_sent1.6_trend_fee0.001,0.09921761594087197,0.07447573229366822,0.024741883647203755
2025-08-06,0.0033525333621297893,0.008281741272603192,0.022133309561151396,0.008429440420914286,0.0001476991483110933,0.1476991483110933,0,,,ema_ab0.6_as0.05_top1_p0.49_sent1.6_trend_fee0.001,0.1235469397095621,0.07807794803298163,0.04546899167658047
2025-08-07,-0.00026399051699471654,-0.00024371512581454453,0.008281741272603192,-0.00010340093491900595,0.00014031419089553858,0.14031419089553857,0,,,ema_ab0.6_as0.05_top1_p0.49_sent1.6_trend_fee0.001,0.13285186477186195,0.07779334567811969,0.055058519093742264
2025-08-08,-0.002475569844933745,-0.006551069246753469,-0.00024371512581454453,-0.006417770765402707,0.00013329848135076161,0.1332984813507616,0,,,ema_ab0.6_as0.05_top1_p0.49_sent1.6_trend_fee0.001,0.13257577163710987,0.07512519297248876,0.05745057866462111
2025-08-11,0.006219240796923042,0.01689930961939846,-0.006551069246753469,0.01760667222290531,0.000707362603506849,0.707362603506849,1,159361,0.5308408855931123,ema_ab0.6_as0.05_top1_p0.49_sent1.6_trend_fee0.001,0.12515618932992,0.08181165543442304,0.04334453389549697
2025-08-12,0.003950634853296359,0.011804960223436427,0.01689930961939846,0.012441656031066171,0.0006366958076297444,0.6366958076297444,1,512050,0.5875407923053124,ema_ab0.6_as0.05_top1_p0.49_sent1.6_trend_fee0.001,0.14417055214358898,0.08608549826508449,0.05808505387850449
2025-08-13,0.008598082981559646,0.031008410324435548,0.011804960223436427,0.031525269199842554,0.0005168588754070043,0.5168588754070043,1,159351,0.5471633421602734,ema_ab0.6_as0.05_top1_p0.49_sent1.6_trend_fee0.001,0.15767744000047146,0.09542375150423643,0.06225368849623503
2025-08-14,-0.0013248661328490174,-0.006747898805631765,0.031008410324435548,-0.006213585626091091,0.0005343131795406741,0.5343131795406741,1,159919,0.5875407923053124,ema_ab0.6_as0.05_top1_p0.49_sent1.6_trend_fee0.001,0.19357517708334804,0.09397246167475015,0.09960271540859789
2025-08-15,0.009635304852657456,0.03679757967784959,-0.006747898805631765,0.03728649126095921,0.0004889115831096161,0.48891158310961613,1,510050,0.5471633421602734,ema_ab0.6_as0.05_top1_p0.49_sent1.6_trend_fee0.001,0.18552105257147566,0.10451321984339845,0.08100783272807721
2025-08-18,0.007978359298851462,0.030411921302176924,0.03679757967784959,0.030745610426264485,0.00033368912408756154,0.3336891240875615,1,159919,0.5875407923053124,ema_ab0.6_as0.05_top1_p0.49_sent1.6_trend_fee0.001,0.22914535796324276,0.11332542316164029,0.11581993480160246
2025-08-19,-0.00619469778432391,-0.02521922671689791,0.030411921302176924,-0.024997054207086696,0.00022217250981121397,0.22217250981121398,1,159919,0.588360529230008,ema_ab0.6_as0.05_top1_p0.49_sent1.6_trend_fee0.001,0.266526029858557,0.10642870862954945,0.16009732122900755
2025-08-20,0.0133460404952149,0.0497679404594538,-0.02521922671689791,0.05010086034245765,0.0003329198830038538,0.3329198830038538,1,510050,0.5412873458267338,ema_ab0.6_as0.05_top1_p0.49_sent1.6_trend_fee0.001,0.23458522276870153,0.12119515097998756,0.11339007178871396
2025-08-21,0.0024244972984105995,0.010643141427953279,0.0497679404594538,0.010848140624768812,0.000204999196815534,0.204999196815534,1,159919,0.4938830626503886,ema_ab0.6_as0.05_top1_p0.49_sent1.6_trend_fee0.001,0.2960279866275757,0.12391348559452964,0.17211450103304604
2025-08-22,0.023567983926503527,0.08522101310984542,0.010643141427953279,0.08541049098943868,0.0001894778795932596,0.1894778795932596,0,,,ema_ab0.6_as0.05_top1_p0.49_sent1.6_trend_fee0.001,0.3098217957838385,0.15040186055780214,0.15941993522603637
2025-08-25,0.020104116095880004,0.06879775144476064,0.08522101310984542,0.06897775543037424,0.00018000398561359652,0.1800039856135965,0,,,ema_ab0.6_as0.05_top1_p0.49_sent1.6_trend_fee0.001,0.4214461362138944,0.1735296731193725,0.24791646309452187
2025-08-26,-0.0040191992519743175,-0.01486900310533029,0.06879775144476064,-0.014697999318997373,0.00017100378633291675,0.17100378633291674,0,,,ema_ab0.6_as0.05_top1_p0.49_sent1.6_trend_fee0.001,0.5192384341852532,0.16881302353500138,0.3504254106502518
2025-08-27,-0.014780440984871496,-0.04588186286643255,-0.01486900310533029,-0.045719409269416283,0.00016245359701627077,0.16245359701627077,0,,,ema_ab0.6_as0.05_top1_p0.49_sent1.6_trend_fee0.001,0.4966488731896157,0.15153745161829302,0.3451114215713227
2025-08-28,0.01815721358049721,0.052130762986135525,-0.04588186286643255,0.05228509390330098,0.00015433091716545748,0.15433091716545747,0,,,ema_ab0.6_as0.05_top1_p0.49_sent1.6_trend_fee0.001,0.4279798348307289,0.17244616307326788,0.255533671757461
2025-08-29,0.00989986105279858,0.025553741374287297,0.052130762986135525,0.025700355745594483,0.00014661437130718448,0.14661437130718447,0,,,ema_ab0.6_as0.05_top1_p0.49_sent1.6_trend_fee0.001,0.5024215131492706,0.1840532171795799,0.31836829596969074
2025-09-01,0.004169675687859531,0.009835630555662481,0.025553741374287297,0.009974914208404306,0.0001392836527418253,0.1392836527418253,0,,,ema_ab0.6_as0.05_top1_p0.49_sent1.6_trend_fee0.001,0.5408140039314524,0.1889903350923854,0.351823668839067
2025-09-02,-0.006312428282475455,-0.012765706823172695,0.009835630555662481,-0.012633387353067961,0.000132319470104734,0.132319470104734,0,,,ema_ab0.6_as0.05_top1_p0.49_sent1.6_trend_fee0.001,0.555968881229113,0.18148491887355833,0.3744839623555547
2025-09-03,-0.009694747806083148,-0.024177256203466158,-0.012765706823172695,-0.02405155270686666,0.00012570349659949727,0.12570349659949726,0,,,ema_ab0.6_as0.05_top1_p0.49_sent1.6_trend_fee0.001,0.5361058386653621,0.17003072054838864,0.36607511811697346
2025-09-04,-0.021697845594505702,-0.04862153285016552,-0.024177256203466158,-0.048502114528396,0.00011941832176952243,0.11941832176952243,0,,,ema_ab0.6_as0.05_top1_p0.49_sent1.6_trend_fee0.001,0.49896701424830936,0.1446435746331014,0.35432343961520796
2025-09-05,0.02368178531923104,0.04830240415072625,-0.04862153285016552,0.0484158515564073,0.00011344740568104633,0.11344740568104633,0,,,ema_ab0.6_as0.05_top1_p0.49_sent1.6_trend_fee0.001,0.4260849403237206,0.1717507780345997,0.25433416228912087
2025-09-08,0.001931144058470835,0.0037261787612339254,0.04830240415072625,0.004078087926187659,0.0003519091649537336,0.3519091649537336,1,159919,0.8427183221168104,ema_ab0.6_as0.05_top1_p0.49_sent1.6_trend_fee0.001,0.4949682714645014,0.17401359758760981,0.3209546738768916
2025-09-09,-0.0059881231842325855,-0.013207208198316962,0.0037261787612339254,-0.01308987777843934,0.00011733041987762177,0.11733041987762177,0,,,ema_ab0.6_as0.05_top1_p0.49_sent1.6_trend_fee0.001,0.500538790486351,0.16698345954529104,0.33355533094105994
2025-09-10,0.002073592863807927,0.00463727680830467,-0.013207208198316962,0.004748740707188411,0.00011146389888374067,0.11146389888374067,0,,,ema_ab0.6_as0.05_top1_p0.49_sent1.6_trend_fee0.001,0.48072086227074706,0.16940330811918614,0.3113175541515609
2025-09-11,0.025193222167393864,0.05921239852614716,0.00463727680830467,0.059742576430457155,0.0005301779043099928,0.5301779043099928,1,159351,0.9334739378572448,ema_ab0.6_as0.05_top1_p0.49_sent1.6_trend_fee0.001,0.4875873747849282,0.19886434546391807,0.2887230293210101
2025-09-12,-0.006218480272988519,-0.01723766313922265,0.05921239852614716,-0.016600467423242025,0.0006371957159806243,0.6371957159806243,1,159352,0.8508008485041161,ema_ab0.6_as0.05_top1_p0.49_sent1.6_trend_fee0.001,0.5756709912631586,0.1914092311816613,0.38426176008149726
2025-09-15,0.001523349161749274,0.0033653050087571554,-0.01723766313922265,0.003868616656237335,0.0005033116474801796,0.5033116474801795,1,510050,0.7739668502393605,ema_ab0.6_as0.05_top1_p0.49_sent1.6_trend_fee0.001,0.5485101054975192,0.19322416343528226,0.35528594206223696
2025-09-16,-0.0016507373846206264,-0.00735936475486221,0.0033653050087571554,-0.007089344426096443,0.00027002032876576737,0.27002032876576737,1,510050,0.7603534123060729,ema_ab0.6_as0.05_top1_p0.49_sent1.6_trend_fee0.001,0.5537213143116613,0.19125446370046695,0.3624668506111943
2025-09-17,0.007286875838726781,0.019250815187040447,-0.00735936475486221,0.019424084204831764,0.00017326901779131796,0.17326901779131795,1,510050,0.751193288444779,ema_ab0.6_as0.05_top1_p0.49_sent1.6_trend_fee0.001,0.5422869124322378,0.1999349870697813,0.3423519253624565
2025-09-18,-0.011617676149236172,-0.03984248988481502,0.019250815187040447,-0.03945127933611247,0.000391210548702551,0.391210548702551,1,159352,0.5186321749193715,ema_ab0.6_as0.05_top1_p0.49_sent1.6_trend_fee0.001,0.5719771927488622,0.18599453098986674,0.3859826617589954
2025-09-19,0.0011145092073604757,0.00329102201270314,-0.03984248988481502,0.003696783693053803,0.0004057616803506632,0.4057616803506632,1,159351,0.7342202145767801,ema_ab0.6_as0.05_top1_p0.49_sent1.6_trend_fee0.001,0.5093457073476058,0.1873163328145342,0.32202937453307157
2025-09-22,0.0031974774615876334,0.010292146315634052,0.00329102201270314,0.01046090346953362,0.00016875715389956712,0.1687571538995671,0,,,ema_ab0.6_as0.05_top1_p0.49_sent1.6_trend_fee0.001,0.5143129972952658,0.1911127500284837,0.3232002472667821
2025-09-23,-0.0002894000524776841,-0.0016285014534274849,0.010292146315634052,-0.001468182157222896,0.00016031929620458895,0.16031929620458896,0,,,ema_ab0.6_as0.05_top1_p0.49_sent1.6_trend_fee0.001,0.5298985282310951,0.19076804193611863,0.33913048629497644
2025-09-24,0.011049599461166126,0.03154768237341118,-0.0016285014534274849,0.03169998570480554,0.0001523033313943594,0.1523033313943594,0,,,ema_ab0.6_as0.05_top1_p0.49_sent1.6_trend_fee0.001,0.5274070862542741,0.20392555185066974,0.3234815344036044
2025-09-25,0.006455257849785928,0.01749097385974319,0.03154768237341118,0.01763566202456783,0.0001446881648246415,0.1446881648246415,0,,,ema_ab0.6_as0.05_top1_p0.49_sent1.6_trend_fee0.001,0.5755932398663213,0.21169720171981155,0.3638960381465097
2025-09-26,-0.008982687200291994,-0.021795721279051213,0.01749097385974319,-0.021658267522467804,0.00013745375658340934,0.13745375658340933,0,,,ema_ab0.6_as0.05_top1_p0.49_sent1.6_trend_fee0.001,0.6031519000384113,0.20081290477529334,0.402338995263118
2025-09-29,0.015058140789952323,0.03531919438787935,-0.021795721279051213,0.03544977545663359,0.00013058106875423888,0.13058106875423886,0,,,ema_ab0.6_as0.05_top1_p0.49_sent1.6_trend_fee0.001,0.5682100480571928,0.21889491455779142,0.34931513349940135
2025-09-30,0.004940448313935086,0.011672279669949116,0.03531919438787935,0.011796331685265643,0.0001240520153165269,0.1240520153165269,0,,,ema_ab0.6_as0.05_top1_p0.49_sent1.6_trend_fee0.001,0.6235979635855506,0.22491680188328234,0.3986811617022683
2025-10-09,0.014670903310020134,0.03221285208863212,0.011672279669949116,0.032330701503182825,0.0001178494145507006,0.1178494145507006,0,,,ema_ab0.6_as0.05_top1_p0.49_sent1.6_trend_fee0.001,0.6425490530880811,0.24288743784653088,0.3996616152415502
2025-10-10,-0.020506548523861245,-0.04330397527368386,0.03221285208863212,-0.04319201832986069,0.00011195694382316557,0.11195694382316557,0,,,ema_ab0.6_as0.05_top1_p0.49_sent1.6_trend_fee0.001,0.6954602427835304,0.2174001062926334,0.47806013649089696
2025-10-13,-0.005729641872780952,-0.010544012262999248,-0.04330397527368386,-0.010437653166367241,0.00010635909663200729,0.1063590966320073,0,,,ema_ab0.6_as0.05_top1_p0.49_sent1.6_trend_fee0.001,0.6220400743525183,0.2104248396676911,0.4116152346848272
2025-10-14,-0.011920994648836641,-0.021748843824154044,-0.010544012262999248,-0.021647802682353636,0.00010104114180040692,0.10104114180040691,0,,,ema_ab0.6_as0.05_top1_p0.49_sent1.6_trend_fee0.001,0.604937263917469,0.19599537163119352,0.40894189228627553
2025-10-15,0.014103253774731678,0.025599379725644633,-0.021748843824154044,0.02569536881035502,9.598908471038648e-05,0.09598908471038649,0,,,ema_ab0.6_as0.05_top1_p0.49_sent1.6_trend_fee0.001,0.5700317340169627,0.21286279787071272,0.35716893614625
2025-10-16,0.0012209190331010367,0.002369138025306685,0.025599379725644633,0.0024603276557815523,9.11896304748672e-05,0.0911896304748672,0,,,ema_ab0.6_as0.05_top1_p0.49_sent1.6_trend_fee0.001,0.6102235725573752,0.21434360514517325,0.395879967412202
2025-10-17,-0.021485569113877917,-0.03497804689626834,0.002369138025306685,-0.03489141674731722,8.66301489511238e-05,0.0866301489511238,0,,,ema_ab0.6_as0.05_top1_p0.49_sent1.6_trend_fee0.001,0.6140384144523658,0.18825274168883088,0.42578567276353496
2025-10-20,0.003943215854609633,0.006203898334938294,-0.03497804689626834,0.006286196976441862,8.229864150356764e-05,0.08229864150356764,0,,,ema_ab0.6_as0.05_top1_p0.49_sent1.6_trend_fee0.001,0.5575825030992723,0.1929382787391416,0.36464422436013066
2025-10-21,0.01549455923519466,0.02170346243024425,0.006203898334938294,0.02178164613967264,7.818370942838929e-05,0.07818370942838929,0,,,ema_ab0.6_as0.05_top1_p0.49_sent1.6_trend_fee0.001,0.5672455865967789,0.2114223315629964,0.35582325503378254
2025-10-22,-0.0032944720116856313,-0.003631487847591805,0.02170346243024425,-0.003557213323634835,7.427452395696981e-05,0.0742745239569698,0,,,ema_ab0.6_as0.05_top1_p0.49_sent1.6_trend_fee0.001,0.6012602423044484,0.2074313345973311,0.3938289077071173
2025-10-23,0.0036153227304102364,0.0049186365910032755,-0.003631487847591805,0.004989197388762397,7.056079775912128e-05,0.07056079775912129,0,,,ema_ab0.6_as0.05_top1_p0.49_sent1.6_trend_fee0.001,0.5954452851936878,0.21179658854671057,0.3836486966469772
2025-10-27,0.024738783379219337,0.030286761122014734,0.0049186365910032755,0.0303537938798859,6.703275787116523e-05,0.06703275787116522,0,,,ema_ab0.6_as0.05_top1_p0.49_sent1.6_trend_fee0.001,0.603292700752385,0.24177496185044478,0.36151773890194017
2025-10-28,-0.005149230926943166,-0.006565247627320781,0.030286761122014734,-0.006501566507343174,6.368111997760695e-05,0.06368111997760695,0,,,ema_ab0.6_as0.05_top1_p0.49_sent1.6_trend_fee0.001,0.6518512437887423,0.23538077581258077,0.4164704679761615
2025-10-29,0.011930675806049146,0.012625769729104983,-0.006565247627320781,0.01268626679308371,6.049706397872662e-05,0.06049706397872662,0,,,ema_ab0.6_as0.05_top1_p0.49_sent1.6_trend_fee0.001,0.6410064313297712,0.250119703345826,0.3908867279839452
2025-10-30,-0.007693835835780094,-0.008085281193542246,0.012625769729104983,-0.008027808982762456,5.7472210779790324e-05,0.057472210779790325,0,,,ema_ab0.6_as0.05_top1_p0.49_sent1.6_trend_fee0.001,0.6617254006557212,0.24050148757320922,0.42122391308251195
2025-10-31,-0.012280025215998136,-0.012390813953176117,-0.008085281193542246,-0.012336215352935316,5.459860024080079e-05,0.054598600240800786,0,,,ema_ab0.6_as0.05_top1_p0.49_sent1.6_trend_fee0.001,0.648289883524968,0.225268098025327,0.423021785499641
2025-11-03,0.0009243582616524915,0.0006858531177581172,-0.012390813953176117,0.0007377217879868779,5.186867022876072e-05,0.05186867022876072,0,,,ema_ab0.6_as0.05_top1_p0.49_sent1.6_trend_fee0.001,0.6278662302373077,0.22640068471447594,0.40146554552283176
2025-11-04,-0.00785491528107854,-0.006773331542759403,0.0006858531177581172,-0.0067240563060420805,4.927523671732269e-05,0.04927523671732269,0,,,ema_ab0.6_as0.05_top1_p0.49_sent1.6_trend_fee0.001,0.628982707366609,0.216767411235387,0.412215296131222
2025-11-05,0.0005345383808252752,-2.722406239926116e-05,-0.006773331542759403,1.9587412482195377e-05,4.6811474881456535e-05,0.04681147488145653,0,,,ema_ab0.6_as0.05_top1_p0.49_sent1.6_trend_fee0.001,0.6179490674121932,0.21741782011722965,0.4005312472949636
2025-11-06,0.015054506884355529,0.012557233504143388,-2.722406239926116e-05,0.01260170440528077,4.44709011373837e-05,0.0444709011373837,0,,,ema_ab0.6_as0.05_top1_p0.49_sent1.6_trend_fee0.001,0.6179050202658232,0.23574544507132145,0.3821595751945017
2025-11-07,-0.0013720834110819563,-0.0009164912133825899,0.012557233504143388,-0.0008742438573020754,4.224735608051453e-05,0.04224735608051453,0,,,ema_ab0.6_as0.05_top1_p0.49_sent1.6_trend_fee0.001,0.6382214313928267,0.23404989924581887,0.40417153214700785
2025-11-10,0.0028453980020436143,0.0024147316038622326,-0.0009164912133825899,0.0024548665921387213,4.01349882764888e-05,0.0401349882764888,0,,,ema_ab0.6_as0.05_top1_p0.49_sent1.6_trend_fee0.001,0.6367200158453803,0.23756126236355501,0.3991587534818253
2025-11-11,-0.008706088313857593,-0.006108973584688633,0.0024147316038622326,-0.006070845345825969,3.812823886266437e-05,0.038128238862664365,0,,,ema_ab0.6_as0.05_top1_p0.49_sent1.6_trend_fee0.001,0.640672255394316,0.22678694471960892,0.41388531067470713
2025-11-12,0.00020358563347878944,0.000391403497325225,-0.006108973584688633,0.00042762532424475615,3.6221826919531125e-05,0.036221826919531123,0,,,ema_ab0.6_as0.05_top1_p0.49_sent1.6_trend_fee0.001,0.6306494319249807,0.2270367009168932,0.4036127310080875
2025-11-13,0.011118496026145619,0.007063979515682989,0.000391403497325225,0.007098390251256544,3.4410735573554565e-05,0.03441073557355456,0,,,ema_ab0.6_as0.05_top1_p0.49_sent1.6_trend_fee0.001,0.6312876738155473,0.24067950359997248,0.3906081702155748
2025-11-14,-0.01482797825527217,-0.00883458844104381,0.007063979515682989,-0.008801898242248933,3.2690198794876875e-05,0.032690198794876876,0,,,ema_ab0.6_as0.05_top1_p0.49_sent1.6_trend_fee0.001,0.6428110565275666,0.22228273489883033,0.4205283216287363
2025-11-17,-0.005806592689270709,-0.0037060678621497973,-0.00883458844104381,-0.0036750121732946643,3.105568885513302e-05,0.031055688855133014,0,,,ema_ab0.6_as0.05_top1_p0.49_sent1.6_trend_fee0.001,0.6282974969567492,0.215185436906145,0.4131120600506042
2025-11-18,-0.005908570520893899,-0.003082655870477719,-0.0037060678621497973,-0.0030531529660653427,2.950290441237636e-05,0.02950290441237636,0,,,ema_ab0.6_as0.05_top1_p0.49_sent1.6_trend_fee0.001,0.6222629159332589,0.2080054280562218,0.4142574878770371
2025-11-19,0.002784975172170412,0.0015930376330760827,-0.003082655870477719,0.0016210653922678403,2.8027759191757547e-05,0.028027759191757547,0,,,ema_ab0.6_as0.05_top1_p0.49_sent1.6_trend_fee0.001,0.6172620376319988,0.21136969318120546,0.40589234445079336
2025-11-20,-0.004925208895148803,-0.0024266819546978342,0.0015930376330760827,-0.0024000555834656646,2.6626371232169664e-05,0.026626371232169665,0,,,ema_ab0.6_as0.05_top1_p0.49_sent1.6_trend_fee0.001,0.6198383969204921,0.2054034443930357,0.41443495252745643
2025-11-21,-0.024790414707551098,-0.011641878903541856,-0.0024266819546978342,-0.011616583850871295,2.5295052670561174e-05,0.025295052670561174,0,,,ema_ab0.6_as0.05_top1_p0.49_sent1.6_trend_fee0.001,0.6159075643131584,0.17552099311662195,0.44038657119653646
2025-11-24,-3.641588878902646e-05,-9.673063340048108e-06,-0.011641878903541856,1.4357236696985002e-05,2.403030003703311e-05,0.02403030003703311,0,,,ema_ab0.6_as0.05_top1_p0.49_sent1.6_trend_fee0.001,0.5970953641301073,0.1754781854748675,0.42161717865523984
2025-11-25,0.008676860764657957,0.0036059173568541683,-9.673063340048108e-06,0.0036287461418893496,2.2828785035181466e-05,0.022828785035181466,0,,,ema_ab0.6_as0.05_top1_p0.49_sent1.6_trend_fee0.001,0.59707991532549,0.18567764602212566,0.4114022693033643
2025-11-26,0.005532858262083634,0.0019004494720603407,0.0036059173568541683,0.001922136817843763,2.1687345783422384e-05,0.021687345783422383,0,,,ema_ab0.6_as0.05_top1_p0.49_sent1.6_trend_fee0.001,0.6028388535124454,0.19223783238208725,0.4106010211303581
2025-11-27,-0.0013435643311930229,-0.0005008689713773545,0.0019004494720603407,-0.0004802659928831033,2.0602978494251266e-05,0.020602978494251266,0,,,ema_ab0.6_as0.05_top1_p0.49_sent1.6_trend_fee0.001,0.6058849677654008,0.19063598415619976,0.41524898360920104
2025-11-28,0.003579881510231253,0.003670222429115356,-0.0005008689713773545,0.004279373507049182,0.0006091510779338257,0.6091510779338256,1,159361,0.624594296936862,ema_ab0.6_as0.05_top1_p0.49_sent1.6_trend_fee0.001,0.6050806298134457,0.19489831990129658,0.4101823099121491
2025-12-01,0.011055017402061301,0.013405647528441549,0.003670222429115356,0.013659632095616814,0.00025398456717526575,0.25398456717526574,1,159361,0.5814909147189163,ema_ab0.6_as0.05_top1_p0.49_sent1.6_trend_fee0.001,0.6109716327415258,0.20810794162149926,0.4028636911200265
2025-12-02,-0.005385080713908683,-0.009819039631330762,0.013405647528441549,-0.00919508965525899,0.0006239499760717717,0.6239499760717717,1,159919,0.6399285319326562,ema_ab0.6_as0.05_top1_p0.49_sent1.6_trend_fee0.001,0.6325677506283769,0.2016021828447534,0.4309655677836235
2025-12-03,-0.004252088266831655,-0.009497191841977157,-0.009819039631330762,-0.008865510233409448,0.000631681608567709,0.6316816085677089,1,159351,0.6730035485349422,ema_ab0.6_as0.05_top1_p0.49_sent1.6_trend_fee0.001,0.6165375031841243,0.1964928643016799,0.42004463888244437
2025-12-04,0.0026075486550858618,0.0052217667212409655,-0.009497191841977157,0.005876744483710743,0.0006549777624697773,0.6549777624697772,1,510050,0.6783131555339291,ema_ab0.6_as0.05_top1_p0.49_sent1.6_trend_fee0.001,0.601184936396634,0.19961277766080943,0.4015721587358245
2025-12-05,0.009626380335966717,0.02793015583230169,0.0052217667212409655,0.028270035933586558,0.0003398801012848671,0.33988010128486706,1,159351,0.5844467568742436,ema_ab0.6_as0.05_top1_p0.49_sent1.6_trend_fee0.001,0.609545950612062,0.21116070651445784,0.3983852440976041
2025-12-08,0.007419513593500515,0.01931201338862277,0.02793015583230169,0.01950321444365404,0.00019120105503126885,0.19120105503126886,1,159351,0.5683847784608907,ema_ab0.6_as0.05_top1_p0.49_sent1.6_trend_fee0.001,0.6545008198319071,0.22014692984035555,0.43435388999155156
2025-12-09,-0.005243621794813608,-0.015485241434947469,0.01931201338862277,-0.015356274449143505,0.00012896698580396358,0.12896698580396357,1,159351,0.5484615453139463,ema_ab0.6_as0.05_top1_p0.49_sent1.6_trend_fee0.001,0.6864525618159885,0.21374894080616968,0.4727036210098188
2025-12-10,-0.0010673449574526567,-0.0015918153986131836,-0.015485241434947469,-0.001490366368689715,0.00010144902992346868,0.10144902992346867,1,159351,0.673219092158279,ema_ab0.6_as0.05_top1_p0.49_sent1.6_trend_fee0.001,0.6603374367276822,0.21245345199458665,0.44788398473309554
2025-12-11,-0.0065030821898808405,-0.015399384620346313,-0.0015918153986131836,-0.015311435884555136,8.794873579117647e-05,0.08794873579117647,1,159351,0.5995362434990064,ema_ab0.6_as0.05_top1_p0.49_sent1.6_trend_fee0.001,0.657694486029005,0.20456876754486109,0.45312571848414396
2025-12-12,0.005556614519057118,0.013381058360899053,-0.015399384620346313,0.013461238522846223,8.018016194717009e-05,0.08018016194717009,1,159351,0.6664584701977084,ema_ab0.6_as0.05_top1_p0.49_sent1.6_trend_fee0.001,0.6321670110556172,0.21126209184780365,0.4209049192078136
2025-12-15,-0.004991083449870079,-0.012061157113627922,0.013381058360899053,-0.011639719715150926,0.0004214373984769971,0.42143739847699707,1,510050,0.49805164967115084,ema_ab0.6_as0.05_top1_p0.49_sent1.6_trend_fee0.001,0.6540071330852866,0.20521658166772694,0.44879055141755964
2025-12-16,-0.011231336482473778,-0.028574935399341517,-0.012061157113627922,-0.028440153716720186,0.00013478168262133256,0.13478168262133255,0,,,ema_ab0.6_as0.05_top1_p0.49_sent1.6_trend_fee0.001,0.6340578931860836,0.19168038870475979,0.44237750448132385
2025-12-17,0.017228138576318636,0.04188810302016412,-0.028574935399341517,0.04213076292364618,0.0002426599034820595,0.2426599034820595,1,510050,0.702768305696163,ema_ab0.6_as0.05_top1_p0.49_sent1.6_trend_fee0.001,0.5873647944495071,0.21221082358004661,0.37515397086946045
2025-12-18,-0.005436962716695887,-0.008079661860047658,0.04188810302016412,-0.007932709891197074,0.00014695196885058427,0.14695196885058426,1,510050,0.5484615453139463,ema_ab0.6_as0.05_top1_p0.49_sent1.6_trend_fee0.001,0.6538564944899896,0.20562007852746667,0.44823641596252295
2025-12-19,0.005619629905942003,0.0147750444979456,-0.008079661860047658,0.01528654887096213,0.0005115043730165279,0.5115043730165278,1,159919,0.6441621085005582,ema_ab0.6_as0.05_top1_p0.49_sent1.6_trend_fee0.001,0.6404938932494668,0.21239521717596355,0.42809867607350327
2025-12-22,0.009284342413942492,0.02328742795985522,0.0147750444979456,0.023439056543284036,0.00015162858342881706,0.15162858342881705,1,510050,0.5400078900222826,ema_ab0.6_as0.05_top1_p0.49_sent1.6_trend_fee0.001,0.6647322635208357,0.2236515095132514,0.4410807540075843
2025-12-23,0.0017625938857263601,0.00482485940550838,0.02328742795985522,0.004939703168968236,0.00011484376345985557,0.11484376345985557,1,510050,0.5400078900222826,ema_ab0.6_as0.05_top1_p0.49_sent1.6_trend_fee0.001,0.7034995961800239,0.22580831018217928,0.4776912859978446
2025-12-24,0.004579427902688227,0.008768636642581368,0.00482485940550838,0.008866056861549223,9.742021896785462e-05,0.09742021896785462,1,510050,0.6102436597101607,ema_ab0.6_as0.05_top1_p0.49_sent1.6_trend_fee0.001,0.711718742228933,0.23142181096117476,0.4802969312677583
2025-12-25,0.0018120219555343986,0.005405476279449778,0.008768636642581368,0.005493352944941636,8.787666549185857e-05,0.08787666549185857,1,510050,0.7178443628827083,ema_ab0.6_as0.05_top1_p0.49_sent1.6_trend_fee0.001,0.7267281819138351,0.23365317431916033,0.4930750075946748
2025-12-26,0.005439440375016563,0.013297529405261084,0.005405476279449778,0.013379143220467309,8.161381520622425e-05,0.08161381520622425,1,510050,0.6806344217517967,ema_ab0.6_as0.05_top1_p0.49_sent1.6_trend_fee0.001,0.7360619701422277,0.24036355720431946,0.4956984129379083
2025-12-29,-0.005030021995563516,-0.012703640852357248,0.013297529405261084,-0.012365987259292964,0.00033765359306428354,0.33765359306428355,1,159351,0.7068975091869312,ema_ab0.6_as0.05_top1_p0.49_sent1.6_trend_fee0.001,0.7591473052395494,0.23412450122908646,0.525022804010463
2025-12-30,0.0022041580619797663,0.004747476518057677,-0.012703640852357248,0.005130041583238101,0.00038256506518042374,0.3825650651804237,1,159919,0.49900684332948464,ema_ab0.6_as0.05_top1_p0.49_sent1.6_trend_fee0.001,0.7367997296673943,0.23684470669795732,0.49995502296943695
2025-12-31,-0.0024514873581253094,-0.007478786640764575,0.004747476518057677,-0.007322949207530034,0.0001558374332345412,0.15583743323454122,1,510050,0.5530690128102571,ema_ab0.6_as0.05_top1_p0.49_sent1.6_trend_fee0.001,0.7450451456005593,0.2338125975355232,0.5112325480650362
2026-01-05,0.019554789094467062,0.05434229606157881,-0.007478786640764575,0.054482334099596255,0.0001400380380174423,0.1400380380174423,0,,,ema_ab0.6_as0.05_top1_p0.49_sent1.6_trend_fee0.001,0.7319943252781107,0.2579395426624267,0.474054782615684
2026-01-06,0.017239223248949748,0.04455153603244314,0.05434229606157881,0.044684572168559714,0.00013303613611657014,0.13303613611657014,0,,,ema_ab0.6_as0.05_top1_p0.49_sent1.6_trend_fee0.001,0.8261148736793484,0.27962544327206595,0.5464894304072825
2026-01-07,-0.002418000842792506,-0.007530338850043858,0.04455153603244314,-0.007248200206747357,0.00028213864329650133,0.28213864329650135,1,159351,0.7847808409293651,ema_ab0.6_as0.05_top1_p0.49_sent1.6_trend_fee0.001,0.9074710962734542,0.27653130787177527,0.630939788401679
2026-01-08,-0.006047547779507043,-0.014200715572277051,-0.007530338850043858,-0.014069445469224756,0.00013127010305229438,0.1312701030522944,0,,,ema_ab0.6_as0.05_top1_p0.49_sent1.6_trend_fee0.001,0.8931071925718506,0.26881142379538425,0.6242957687764663
2026-01-09,0.006662053374446947,0.012913207537243322,-0.014200715572277051,0.013037914135143002,0.00012470659789967978,0.12470659789967978,0,,,ema_ab0.6_as0.05_top1_p0.49_sent1.6_trend_fee0.001,0.8662237157823056,0.2772643132228172,0.5889594025594884
2026-01-12,0.008321743635972795,0.023906216276459526,0.012913207537243322,0.02462197584046706,0.0007157595640075366,0.7157595640075366,1,512050,0.7571631019219032,ema_ab0.6_as0.05_top1_p0.49_sent1.6_trend_fee0.001,0.890322649935128,0.28789337939283444,0.6024292705422936
2026-01-13,-0.005527389568459731,-0.01599267146965539,0.023906216276459526,-0.015850238490989273,0.0001424329786661196,0.1424329786661196,0,,,ema_ab0.6_as0.05_top1_p0.49_sent1.6_trend_fee0.001,0.9355131120367675,0.28077469096229013,0.6547384210744773
2026-01-14,-0.002739763370895154,-0.0081634459120518,-0.01599267146965539,-0.0077799817975284374,0.00038346411452336364,0.38346411452336365,1,159919,0.5321095828445983,ema_ab0.6_as0.05_top1_p0.49_sent1.6_trend_fee0.001,0.9045590867107531,0.27726567137762204,0.6272934153331311
2026-01-15,8.078934461488996e-06,-0.003165098483126057,-0.0081634459120518,-0.002432869058914059,0.000732229424211998,0.732229424211998,1,159352,0.5134966395971715,ema_ab0.6_as0.05_top1_p0.49_sent1.6_trend_fee0.001,0.8890113216200832,0.2772759903232709,0.6117353312968123
2026-01-16,-0.0036656874589807292,-0.013464478976457283,-0.003165098483126057,-0.013115796048623892,0.0003486829278333916,0.3486829278333916,1,159351,0.6033657981242021,ema_ab0.6_as0.05_top1_p0.49_sent1.6_trend_fee0.001,0.8830324147514155,0.2725938957438856,0.6104385190075299
2026-01-19,0.0013303228948977064,0.005642909907220109,-0.013464478976457283,0.005856023967563912,0.00021311406034380342,0.21311406034380342,1,159351,0.5321095828445983,ema_ab0.6_as0.05_top1_p0.49_sent1.6_trend_fee0.001,0.8576783643910073,0.27428685653930085,0.5833915078517065
2026-01-20,-0.0035402834257588778,-0.010597139077290615,0.005642909907220109,-0.01042916494474918,0.00016797413254143528,0.16797413254143528,0,,,ema_ab0.6_as0.05_top1_p0.49_sent1.6_trend_fee0.001,0.868161076037858,0.26977551990143245,0.5983855561364255
2026-01-21,0.0029295658720391304,0.008818745391147985,-0.010597139077290615,0.008978320817062348,0.00015957542591436342,0.1595754259143634,0,,,ema_ab0.6_as0.05_top1_p0.49_sent1.6_trend_fee0.001,0.8483639132963039,0.27349541092968654,0.5748685023666174
2026-01-22,-0.0002586837796209329,-0.0003557273187247177,0.008818745391147985,-0.0002041306641060724,0.0001515966546186453,0.1515966546186453,0,,,ema_ab0.6_as0.05_top1_p0.49_sent1.6_trend_fee0.001,0.8646641640378498,0.27316597832345746,0.5914981857143924
2026-01-23,-0.0014132353242699708,-0.0025720731119127024,-0.0003557273187247177,-0.0024280562900249893,0.000144016821887713,0.144016821887713,0,,,ema_ab0.6_as0.05_top1_p0.49_sent1.6_trend_fee0.001,0.8640008520544546,0.27136669518923195,0.5926341568652227
2026-01-26,0.0015058802862137066,0.0046284713427165065,-0.0025720731119127024,0.0047652873235098335,0.00013681598079332734,0.13681598079332735,0,,,ema_ab0.6_as0.05_top1_p0.49_sent1.6_trend_fee0.001,0.859206505582303,0.2732812212320661,0.5859252843502369
2026-01-27,0.00012953713642185893,5.8611950150626985e-05,0.0046284713427165065,0.000188587131904288,0.000129975181753661,0.129975181753661,0,,,ema_ab0.6_as0.05_top1_p0.49_sent1.6_trend_fee0.001,0.8678117896135829,0.27344615843532427,0.5943656311782586
2026-01-28,0.004081375306289529,0.009826512801428927,5.8611950150626985e-05,0.009949989224094905,0.00012347642266597787,0.12347642266597787,0,,,ema_ab0.6_as0.05_top1_p0.49_sent1.6_trend_fee0.001,0.8679212657050865,0.27864357014025165,0.5892776955648349
