model_trial,strategy_trial,model_config,strategy_config,sentiment_column,tech_window,sent_window,train_lookback_days,max_iter,max_depth,learning_rate,mode,top_k,prob_threshold,sent_break_threshold,trend_filter,alpha_buy,alpha_sell,fee_rate,success,observations,active_days,active_day_rate,strategy_cumulative_return,benchmark_cumulative_return,excess_cumulative_return,strategy_annualized_return,benchmark_annualized_return,strategy_max_drawdown,benchmark_max_drawdown,strategy_sharpe_like,benchmark_sharpe_like,avg_strategy_daily_return,avg_benchmark_daily_return,outperform_day_rate,avg_turnover,avg_selected_count
1,7,tech10_sent20_lookback365_hgb100x3_lr0.03,ema_ab0.6_as0.05_top1_p0.49_sent1.6_trend_fee0.001,A 股,10,20,365,100,3,0.03,ema,1,0.49,1.6,True,0.6,0.05,0.001,True,303,114,0.37623762376237624,0.8679212657050865,0.27864357014025165,0.5892776955648349,0.6814515282611846,0.2268225825451804,-0.2492443051258284,-0.13878857107014486,1.6718548252083398,1.36395989578361,0.0023026649958341667,0.0008622317269512388,0.504950495049505,0.2243252184553699,0.37623762376237624
1,1,tech10_sent20_lookback365_hgb100x3_lr0.03,ema_ab0.6_as0.05_top1_p0.49_sent1.2_trend_fee0.001,A 股,10,20,365,100,3,0.03,ema,1,0.49,1.2,True,0.6,0.05,0.001,True,303,113,0.37293729372937295,0.8475689363475669,0.27864357014025165,0.5689253662073153,0.6662005546640823,0.2268225825451804,-0.2492443051258284,-0.13878857107014486,1.6505760510992298,1.36395989578361,0.0022646336517854818,0.0008622317269512388,0.504950495049505,0.22286993026809548,0.37293729372937295
1,10,tech10_sent20_lookback365_hgb100x3_lr0.03,ema_ab0.6_as0.05_top1_p0.49_sent1.6_no_trend_fee0.001,A 股,10,20,365,100,3,0.03,ema,1,0.49,1.6,False,0.6,0.05,0.001,True,303,151,0.49834983498349833,0.7868407059798228,0.27864357014025165,0.5081971358395712,0.6205243012980857,0.2268225825451804,-0.33559032266328015,-0.13878857107014486,1.3537841914128903,1.36395989578361,0.0022781494880533774,0.0008622317269512388,0.5148514851485149,0.2594755224712079,0.49834983498349833
1,19,tech10_sent20_lookback365_hgb100x3_lr0.03,ema_ab0.6_as0.05_top1_p0.498_sent1.6_trend_fee0.001,A 股,10,20,365,100,3,0.03,ema,1,0.498,1.6,True,0.6,0.05,0.001,True,303,107,0.35313531353135313,0.7817423411762996,0.27864357014025165,0.5030987710360479,0.616677826247106,0.2268225825451804,-0.2492443051258284,-0.13878857107014486,1.6071413121322953,1.36395989578361,0.0021285869699492967,0.0008622317269512388,0.5082508250825083,0.21548171994335763,0.35313531353135313
1,4,tech10_sent20_lookback365_hgb100x3_lr0.03,ema_ab0.6_as0.05_top1_p0.49_sent1.2_no_trend_fee0.001,A 股,10,20,365,100,3,0.03,ema,1,0.49,1.2,False,0.6,0.05,0.001,True,303,147,0.48514851485148514,0.7780845456875987,0.27864357014025165,0.499440975547347,0.6139170513298031,0.2268225825451804,-0.33559032266328015,-0.13878857107014486,1.3450590447039785,1.36395989578361,0.0022611873035262016,0.0008622317269512388,0.5115511551155115,0.2586551281947226,0.48514851485148514
1,31,tech10_sent20_lookback365_hgb100x3_lr0.03,ema_ab0.6_as0.05_top1_p0.5_sent1.6_trend_fee0.001,A 股,10,20,365,100,3,0.03,ema,1,0.5,1.6,True,0.6,0.05,0.001,True,303,105,0.3465346534653465,0.7739579011463353,0.27864357014025165,0.4953143310060837,0.610801257804849,0.2268225825451804,-0.2492443051258284,-0.13878857107014486,1.6029247877271111,1.36395989578361,0.0021118643294782678,0.0008622317269512388,0.5082508250825083,0.21463565559226266,0.3465346534653465
1,46,tech10_sent20_lookback365_hgb100x3_lr0.03,ema_ab0.6_as0.05_top2_p0.49_sent1.6_no_trend_fee0.001,A 股,10,20,365,100,3,0.03,ema,2,0.49,1.6,False,0.6,0.05,0.001,True,303,151,0.49834983498349833,0.7729223002394772,0.27864357014025165,0.4942787300992255,0.610019143324767,0.2268225825451804,-0.25871654805463995,-0.13878857107014486,1.5418442824915808,1.36395989578361,0.0021348493201706785,0.0008622317269512388,0.5115511551155115,0.21165334800780838,0.9141914191419142
1,43,tech10_sent20_lookback365_hgb100x3_lr0.03,ema_ab0.6_as0.05_top2_p0.49_sent1.6_trend_fee0.001,A 股,10,20,365,100,3,0.03,ema,2,0.49,1.6,True,0.6,0.05,0.001,True,303,114,0.37623762376237624,0.772920709139918,0.27864357014025165,0.4942771389996663,0.6100179416231719,0.2268225825451804,-0.2173526446085594,-0.13878857107014486,1.7570607559475422,1.36395989578361,0.002065108266607585,0.0008622317269512388,0.5115511551155115,0.18788607783146574,0.6798679867986799
1,13,tech10_sent20_lookback365_hgb100x3_lr0.03,ema_ab0.6_as0.05_top1_p0.498_sent1.2_trend_fee0.001,A 股,10,20,365,100,3,0.03,ema,1,0.498,1.2,True,0.6,0.05,0.001,True,303,106,0.34983498349834985,0.7623278845062502,0.27864357014025165,0.48368431436599857,0.6020135205270913,0.2268225825451804,-0.2492443051258284,-0.13878857107014486,1.585021851818622,1.36395989578361,0.002090555481970803,0.0008622317269512388,0.5082508250825083,0.21402642482032025,0.34983498349834985
1,37,tech10_sent20_lookback365_hgb100x3_lr0.03,ema_ab0.6_as0.05_top2_p0.49_sent1.2_trend_fee0.001,A 股,10,20,365,100,3,0.03,ema,2,0.49,1.2,True,0.6,0.05,0.001,True,303,113,0.37293729372937295,0.7589379710259534,0.27864357014025165,0.48029440088570174,0.5994502387971823,0.2268225825451804,-0.2173526446085594,-0.13878857107014486,1.7387406324889567,1.36395989578361,0.002037988345566136,0.0008622317269512388,0.5082508250825083,0.18717961578852643,0.6732673267326733
1,25,tech10_sent20_lookback365_hgb100x3_lr0.03,ema_ab0.6_as0.05_top1_p0.5_sent1.2_trend_fee0.001,A 股,10,20,365,100,3,0.03,ema,1,0.5,1.2,True,0.6,0.05,0.001,True,303,104,0.3432343234323432,0.7545877864813111,0.27864357014025165,0.47594421634105943,0.5961596298532781,0.2268225825451804,-0.2492443051258284,-0.13878857107014486,1.5804158446774563,1.36395989578361,0.0020738328414997742,0.0008622317269512388,0.5082508250825083,0.21318036046922528,0.3432343234323432
1,58,tech10_sent20_lookback365_hgb100x3_lr0.03,ema_ab0.6_as0.05_top2_p0.498_sent1.6_no_trend_fee0.001,A 股,10,20,365,100,3,0.03,ema,2,0.498,1.6,False,0.6,0.05,0.001,True,303,142,0.46864686468646866,0.7508954526306726,0.27864357014025165,0.47225188249042094,0.5933655612496382,0.2268225825451804,-0.2489385490591871,-0.13878857107014486,1.5567249439768365,1.36395989578361,0.0020743936447597594,0.0008622317269512388,0.5148514851485149,0.20621026332674103,0.858085808580858
1,40,tech10_sent20_lookback365_hgb100x3_lr0.03,ema_ab0.6_as0.05_top2_p0.49_sent1.2_no_trend_fee0.001,A 股,10,20,365,100,3,0.03,ema,2,0.49,1.2,False,0.6,0.05,0.001,True,303,147,0.48514851485148514,0.7401783935007511,0.27864357014025165,0.46153482336049945,0.5852501049437264,0.2268225825451804,-0.25871654805463995,-0.13878857107014486,1.5019151436139708,1.36395989578361,0.002071309655398983,0.0008622317269512388,0.5082508250825083,0.20927908765630948,0.8910891089108911
1,70,tech10_sent20_lookback365_hgb100x3_lr0.03,ema_ab0.6_as0.05_top2_p0.5_sent1.6_no_trend_fee0.001,A 股,10,20,365,100,3,0.03,ema,2,0.5,1.6,False,0.6,0.05,0.001,True,303,141,0.46534653465346537,0.7374304711511184,0.27864357014025165,0.4587869010108667,0.5831678968303886,0.2268225825451804,-0.2489385490591871,-0.13878857107014486,1.5444951820774073,1.36395989578361,0.0020464701075514954,0.0008622317269512388,0.5148514851485149,0.20578411331026072,0.8514851485148515
1,52,tech10_sent20_lookback365_hgb100x3_lr0.03,ema_ab0.6_as0.05_top2_p0.498_sent1.2_no_trend_fee0.001,A 股,10,20,365,100,3,0.03,ema,2,0.498,1.2,False,0.6,0.05,0.001,True,303,138,0.45544554455445546,0.7185453523222693,0.27864357014025165,0.4399017821820177,0.5688428529447658,0.2268225825451804,-0.2489385490591871,-0.13878857107014486,1.5155306533964426,1.36395989578361,0.002010829179085372,0.0008622317269512388,0.5115511551155115,0.203835027571256,0.834983498349835
1,22,tech10_sent20_lookback365_hgb100x3_lr0.03,ema_ab0.6_as0.05_top1_p0.498_sent1.6_no_trend_fee0.001,A 股,10,20,365,100,3,0.03,ema,1,0.498,1.6,False,0.6,0.05,0.001,True,303,142,0.46864686468646866,0.7164526399830093,0.27864357014025165,0.4378090698427577,0.5672538290814273,0.2268225825451804,-0.33559032266328015,-0.13878857107014486,1.3165492372758936,1.36395989578361,0.002110811845761784,0.0008622317269512388,0.5115511551155115,0.24731024267550575,0.46864686468646866
1,55,tech10_sent20_lookback365_hgb100x3_lr0.03,ema_ab0.6_as0.05_top2_p0.498_sent1.6_trend_fee0.001,A 股,10,20,365,100,3,0.03,ema,2,0.498,1.6,True,0.6,0.05,0.001,True,303,107,0.35313531353135313,0.712744294930485,0.27864357014025165,0.4341007247902333,0.5644372328893152,0.2268225825451804,-0.2173526446085594,-0.13878857107014486,1.6879570849375005,1.36395989578361,0.0019440472057842858,0.0008622317269512388,0.5148514851485149,0.1837762882595615,0.6336633663366337
1,16,tech10_sent20_lookback365_hgb100x3_lr0.03,ema_ab0.6_as0.05_top1_p0.498_sent1.2_no_trend_fee0.001,A 股,10,20,365,100,3,0.03,ema,1,0.498,1.2,False,0.6,0.05,0.001,True,303,138,0.45544554455445546,0.7080404651969421,0.27864357014025165,0.42939689505669043,0.560863059693218,0.2268225825451804,-0.33559032266328015,-0.13878857107014486,1.3074222373784874,1.36395989578361,0.002093849661234607,0.0008622317269512388,0.5082508250825083,0.2464898483990203,0.45544554455445546
1,34,tech10_sent20_lookback365_hgb100x3_lr0.03,ema_ab0.6_as0.05_top1_p0.5_sent1.6_no_trend_fee0.001,A 股,10,20,365,100,3,0.03,ema,1,0.5,1.6,False,0.6,0.05,0.001,True,303,141,0.46534653465346537,0.7059502542661289,0.27864357014025165,0.42730668412587725,0.5592742955839296,0.2268225825451804,-0.33559032266328015,-0.13878857107014486,1.3064893000376216,1.36395989578361,0.002088761954535686,0.0008622317269512388,0.5115511551155115,0.24665561344228326,0.46534653465346537
1,64,tech10_sent20_lookback365_hgb100x3_lr0.03,ema_ab0.6_as0.05_top2_p0.5_sent1.2_no_trend_fee0.001,A 股,10,20,365,100,3,0.03,ema,2,0.5,1.2,False,0.6,0.05,0.001,True,303,137,0.4521452145214521,0.705301667809868,0.27864357014025165,0.4266580976696164,0.5587812400447874,0.2268225825451804,-0.2489385490591871,-0.13878857107014486,1.502971414164943,1.36395989578361,0.0019828669035598327,0.0008622317269512388,0.5115511551155115,0.20340706583522808,0.8283828382838284
1,49,tech10_sent20_lookback365_hgb100x3_lr0.03,ema_ab0.6_as0.05_top2_p0.498_sent1.2_trend_fee0.001,A 股,10,20,365,100,3,0.03,ema,2,0.498,1.2,True,0.6,0.05,0.001,True,303,106,0.34983498349834985,0.6992213349216727,0.27864357014025165,0.42057776478142106,0.5541574329875489,0.2268225825451804,-0.2173526446085594,-0.13878857107014486,1.6691595230033138,1.36395989578361,0.0019168972575980053,0.0008622317269512388,0.5115511551155115,0.18306844774359948,0.6270627062706271
1,28,tech10_sent20_lookback365_hgb100x3_lr0.03,ema_ab0.6_as0.05_top1_p0.5_sent1.2_no_trend_fee0.001,A 股,10,20,365,100,3,0.03,ema,1,0.5,1.2,False,0.6,0.05,0.001,True,303,137,0.4521452145214521,0.6975895446826232,0.27864357014025165,0.4189459745423716,0.5529160596548051,0.2268225825451804,-0.33559032266328015,-0.13878857107014486,1.2973300165168298,1.36395989578361,0.0020717997700085092,0.0008622317269512388,0.5082508250825083,0.24583521916579779,0.4521452145214521
1,67,tech10_sent20_lookback365_hgb100x3_lr0.03,ema_ab0.6_as0.05_top2_p0.5_sent1.6_trend_fee0.001,A 股,10,20,365,100,3,0.03,ema,2,0.5,1.6,True,0.6,0.05,0.001,True,303,105,0.3465346534653465,0.6965418365321812,0.27864357014025165,0.4178982663919295,0.5521189169306384,0.2268225825451804,-0.2173526446085594,-0.13878857107014486,1.676640608825391,1.36395989578361,0.001908967325618443,0.0008622317269512388,0.5181518151815182,0.1822030260365209,0.6237623762376238
1,44,tech10_sent20_lookback365_hgb100x3_lr0.03,ema_ab0.85_as0.12_top2_p0.49_sent1.6_trend_fee0.001,A 股,10,20,365,100,3,0.03,ema,2,0.49,1.6,True,0.85,0.12,0.001,True,303,114,0.37623762376237624,0.6929457997539037,0.27864357014025165,0.41430222961365204,0.5493822623533902,0.2268225825451804,-0.17850690500249466,-0.13878857107014486,2.026237323157256,1.36395989578361,0.0018425151786685043,0.0008622317269512388,0.49834983498349833,0.3191723346904195,0.6798679867986799
1,61,tech10_sent20_lookback365_hgb100x3_lr0.03,ema_ab0.6_as0.05_top2_p0.5_sent1.2_trend_fee0.001,A 股,10,20,365,100,3,0.03,ema,2,0.5,1.2,True,0.6,0.05,0.001,True,303,104,0.3432343234323432,0.6831280429692828,0.27864357014025165,0.4044844728290311,0.5419057665512794,0.2268225825451804,-0.2173526446085594,-0.13878857107014486,1.6574563148189771,1.36395989578361,0.0018818173774321624,0.0008622317269512388,0.5181518151815182,0.18149518552055888,0.6171617161716172
1,38,tech10_sent20_lookback365_hgb100x3_lr0.03,ema_ab0.85_as0.12_top2_p0.49_sent1.2_trend_fee0.001,A 股,10,20,365,100,3,0.03,ema,2,0.49,1.2,True,0.85,0.12,0.001,True,303,113,0.37293729372937295,0.6802372944564705,0.27864357014025165,0.40159372431621887,0.5397029835790161,0.2268225825451804,-0.17850690500249466,-0.13878857107014486,2.0024373261470374,1.36395989578361,0.001817184035783595,0.0008622317269512388,0.49834983498349833,0.31809390816671645,0.6732673267326733
1,47,tech10_sent20_lookback365_hgb100x3_lr0.03,ema_ab0.85_as0.12_top2_p0.49_sent1.6_no_trend_fee0.001,A 股,10,20,365,100,3,0.03,ema,2,0.49,1.6,False,0.85,0.12,0.001,True,303,151,0.49834983498349833,0.6645163236289564,0.27864357014025165,0.38587275348870476,0.5277122240266727,0.2268225825451804,-0.2244667120523831,-0.13878857107014486,1.6812987134192376,1.36395989578361,0.001832294146622746,0.0008622317269512388,0.504950495049505,0.3766474004419241,0.9141914191419142
1,82,tech10_sent20_lookback365_hgb100x3_lr0.03,ema_ab0.6_as0.05_top3_p0.49_sent1.6_no_trend_fee0.001,A 股,10,20,365,100,3,0.03,ema,3,0.49,1.6,False,0.6,0.05,0.001,True,303,151,0.49834983498349833,0.6594109091221989,0.27864357014025165,0.38076733898194726,0.5238141090918174,0.2268225825451804,-0.21275739538141125,-0.13878857107014486,1.5658371789295629,1.36395989578361,0.001849506213022273,0.0008622317269512388,0.5082508250825083,0.1752015452979636,1.3003300330033003
1,79,tech10_sent20_lookback365_hgb100x3_lr0.03,ema_ab0.6_as0.05_top3_p0.49_sent1.6_trend_fee0.001,A 股,10,20,365,100,3,0.03,ema,3,0.49,1.6,True,0.6,0.05,0.001,True,303,114,0.37623762376237624,0.6582491923197415,0.27864357014025165,0.3796056221794899,0.5229268267747931,0.2268225825451804,-0.19223420084343978,-0.13878857107014486,1.7321022205188565,1.36395989578361,0.0018072942065578512,0.0008622317269512388,0.504950495049505,0.1630069488650193,0.9570957095709571
1,8,tech10_sent20_lookback365_hgb100x3_lr0.03,ema_ab0.85_as0.12_top1_p0.49_sent1.6_trend_fee0.001,A 股,10,20,365,100,3,0.03,ema,1,0.49,1.6,True,0.85,0.12,0.001,True,303,114,0.37623762376237624,0.656645505675457,0.27864357014025165,0.37800193553520534,0.5217018100276587,0.2268225825451804,-0.2187379677954706,-0.13878857107014486,1.7816417906595428,1.36395989578361,0.0017946942903367842,0.0008622317269512388,0.49504950495049505,0.3655337520676812,0.37623762376237624
1,73,tech10_sent20_lookback365_hgb100x3_lr0.03,ema_ab0.6_as0.05_top3_p0.49_sent1.2_trend_fee0.001,A 股,10,20,365,100,3,0.03,ema,3,0.49,1.2,True,0.6,0.05,0.001,True,303,113,0.37293729372937295,0.6506051218491244,0.27864357014025165,0.3719615517088728,0.5170859157498926,0.2268225825451804,-0.19223420084343978,-0.13878857107014486,1.7186133416068776,1.36395989578361,0.0017918031200203032,0.0008622317269512388,0.504950495049505,0.16286274856888955,0.9471947194719472
1,2,tech10_sent20_lookback365_hgb100x3_lr0.03,ema_ab0.85_as0.12_top1_p0.49_sent1.2_trend_fee0.001,A 股,10,20,365,100,3,0.03,ema,1,0.49,1.2,True,0.85,0.12,0.001,True,303,113,0.37293729372937295,0.6465105614740465,0.27864357014025165,0.36786699133379486,0.5139553493177311,0.2268225825451804,-0.2187379677954706,-0.13878857107014486,1.7638660797454995,1.36395989578361,0.001774011969339557,0.0008622317269512388,0.49504950495049505,0.3646948464404418,0.37293729372937295
1,59,tech10_sent20_lookback365_hgb100x3_lr0.03,ema_ab0.85_as0.12_top2_p0.498_sent1.6_no_trend_fee0.001,A 股,10,20,365,100,3,0.03,ema,2,0.498,1.6,False,0.85,0.12,0.001,True,303,142,0.46864686468646866,0.6427446058754713,0.27864357014025165,0.3641010357352197,0.5110748663113569,0.2268225825451804,-0.22211384958802227,-0.13878857107014486,1.6819223638805956,1.36395989578361,0.0017801872065889822,0.0008622317269512388,0.5115511551155115,0.3634430293080788,0.858085808580858
1,94,tech10_sent20_lookback365_hgb100x3_lr0.03,ema_ab0.6_as0.05_top3_p0.498_sent1.6_no_trend_fee0.001,A 股,10,20,365,100,3,0.03,ema,3,0.498,1.6,False,0.6,0.05,0.001,True,303,142,0.46864686468646866,0.6360342320577723,0.27864357014025165,0.35739066191752067,0.5059395160474809,0.2268225825451804,-0.21147797352787778,-0.13878857107014486,1.5690513749210313,1.36395989578361,0.0017899344337880911,0.0008622317269512388,0.5181518151815182,0.17155363915269506,1.2112211221122111
1,41,tech10_sent20_lookback365_hgb100x3_lr0.03,ema_ab0.85_as0.12_top2_p0.49_sent1.2_no_trend_fee0.001,A 股,10,20,365,100,3,0.03,ema,2,0.49,1.2,False,0.85,0.12,0.001,True,303,147,0.48514851485148514,0.6293273643047828,0.27864357014025165,0.3506837941645311,0.5008033051789627,0.2268225825451804,-0.2244667120523831,-0.13878857107014486,1.6205387154154307,1.36395989578361,0.001760757570070453,0.0008622317269512388,0.5016501650165016,0.3715459059818815,0.8910891089108911
1,56,tech10_sent20_lookback365_hgb100x3_lr0.03,ema_ab0.85_as0.12_top2_p0.498_sent1.6_trend_fee0.001,A 股,10,20,365,100,3,0.03,ema,2,0.498,1.6,True,0.85,0.12,0.001,True,303,107,0.35313531353135313,0.6258984151841196,0.27864357014025165,0.34725484504386794,0.49817599496164333,0.2268225825451804,-0.17850690500249466,-0.13878857107014486,1.9199633315287896,1.36395989578361,0.0017041003091132394,0.0008622317269512388,0.49834983498349833,0.3095462340346686,0.6336633663366337
1,76,tech10_sent20_lookback365_hgb100x3_lr0.03,ema_ab0.6_as0.05_top3_p0.49_sent1.2_no_trend_fee0.001,A 股,10,20,365,100,3,0.03,ema,3,0.49,1.2,False,0.6,0.05,0.001,True,303,147,0.48514851485148514,0.6251640720622209,0.27864357014025165,0.34652050192196926,0.4976132094861798,0.2268225825451804,-0.21275739538141125,-0.13878857107014486,1.5144282464901393,1.36395989578361,0.001778582047332377,0.0008622317269512388,0.5016501650165016,0.17250628115009278,1.2673267326732673
1,106,tech10_sent20_lookback365_hgb100x3_lr0.03,ema_ab0.6_as0.05_top3_p0.5_sent1.6_no_trend_fee0.001,A 股,10,20,365,100,3,0.03,ema,3,0.5,1.6,False,0.6,0.05,0.001,True,303,141,0.46534653465346537,0.6233375974387938,0.27864357014025165,0.34469402729854215,0.4962132511941375,0.2268225825451804,-0.21147797352787778,-0.13878857107014486,1.5518568834056272,1.36395989578361,0.0017629736031248638,0.0008622317269512388,0.5148514851485149,0.1709019561429792,1.198019801980198
1,80,tech10_sent20_lookback365_hgb100x3_lr0.03,ema_ab0.85_as0.12_top3_p0.49_sent1.6_trend_fee0.001,A 股,10,20,365,100,3,0.03,ema,3,0.49,1.6,True,0.85,0.12,0.001,True,303,114,0.37623762376237624,0.6221129857187091,0.27864357014025165,0.34346941557845745,0.49527446098262917,0.2268225825451804,-0.15427096745939495,-0.13878857107014486,2.0228147416680433,1.36395989578361,0.0016845299375521036,0.0008622317269512388,0.49504950495049505,0.2818035813221176,0.9570957095709571
1,71,tech10_sent20_lookback365_hgb100x3_lr0.03,ema_ab0.85_as0.12_top2_p0.5_sent1.6_no_trend_fee0.001,A 股,10,20,365,100,3,0.03,ema,2,0.5,1.6,False,0.85,0.12,0.001,True,303,141,0.46534653465346537,0.6210747696103693,0.27864357014025165,0.3424311994701177,0.4944784686431831,0.2268225825451804,-0.22211384958802227,-0.13878857107014486,1.6548469394115926,1.36395989578361,0.0017335220086496788,0.0008622317269512388,0.5148514851485149,0.3616355310950139,0.8514851485148515
1,50,tech10_sent20_lookback365_hgb100x3_lr0.03,ema_ab0.85_as0.12_top2_p0.498_sent1.2_trend_fee0.001,A 股,10,20,365,100,3,0.03,ema,2,0.498,1.2,True,0.85,0.12,0.001,True,303,106,0.34983498349834985,0.6136931959501544,0.27864357014025165,0.3350496258099027,0.4888165949271024,0.2268225825451804,-0.17850690500249466,-0.13878857107014486,1.895488145484403,1.36395989578361,0.0016787691221244712,0.0008622317269512388,0.49834983498349833,0.30846780359729675,0.6270627062706271
1,74,tech10_sent20_lookback365_hgb100x3_lr0.03,ema_ab0.85_as0.12_top3_p0.49_sent1.2_trend_fee0.001,A 股,10,20,365,100,3,0.03,ema,3,0.49,1.2,True,0.85,0.12,0.001,True,303,113,0.37293729372937295,0.6121502768411136,0.27864357014025165,0.3335067067008619,0.4876325824980685,0.2268225825451804,-0.15427096745939495,-0.13878857107014486,2.0003965830458528,1.36395989578361,0.0016639661402898047,0.0008622317269512388,0.49504950495049505,0.2813123645020366,0.9471947194719472
1,68,tech10_sent20_lookback365_hgb100x3_lr0.03,ema_ab0.85_as0.12_top2_p0.5_sent1.6_trend_fee0.001,A 股,10,20,365,100,3,0.03,ema,2,0.5,1.6,True,0.85,0.12,0.001,True,303,105,0.3465346534653465,0.608306421864629,0.27864357014025165,0.32966285172437737,0.48468203722175907,0.2268225825451804,-0.17850690500249466,-0.13878857107014486,1.9123779245588017,1.36395989578361,0.0016644490754659299,0.0008622317269512388,0.5016501650165016,0.30652366906739487,0.6237623762376238
1,53,tech10_sent20_lookback365_hgb100x3_lr0.03,ema_ab0.85_as0.12_top2_p0.498_sent1.2_no_trend_fee0.001,A 股,10,20,365,100,3,0.03,ema,2,0.498,1.2,False,0.85,0.12,0.001,True,303,138,0.45544554455445546,0.6080158927789723,0.27864357014025165,0.3293723226387206,0.4844589787150191,0.2268225825451804,-0.22211384958802227,-0.13878857107014486,1.6195284505611636,1.36395989578361,0.001708650585673593,0.0008622317269512388,0.5082508250825083,0.35834153119596646,0.834983498349835
1,91,tech10_sent20_lookback365_hgb100x3_lr0.03,ema_ab0.6_as0.05_top3_p0.498_sent1.6_trend_fee0.001,A 股,10,20,365,100,3,0.03,ema,3,0.498,1.6,True,0.6,0.05,0.001,True,303,107,0.35313531353135313,0.6074162141015431,0.27864357014025165,0.32877264396129147,0.48399854404737463,0.2268225825451804,-0.19223420084343978,-0.13878857107014486,1.6527313630571203,1.36395989578361,0.0017005944059410019,0.0008622317269512388,0.504950495049505,0.16077287645759858,0.8811881188118812
1,88,tech10_sent20_lookback365_hgb100x3_lr0.03,ema_ab0.6_as0.05_top3_p0.498_sent1.2_no_trend_fee0.001,A 股,10,20,365,100,3,0.03,ema,3,0.498,1.2,False,0.6,0.05,0.001,True,303,138,0.45544554455445546,0.6022644752625985,0.27864357014025165,0.32362090512234687,0.48004183466812655,0.2268225825451804,-0.21147797352787778,-0.13878857107014486,1.516160654162773,1.36395989578361,0.0017189994302740266,0.0008622317269512388,0.5115511551155115,0.16885826174594648,1.1782178217821782
1,85,tech10_sent20_lookback365_hgb100x3_lr0.03,ema_ab0.6_as0.05_top3_p0.498_sent1.2_trend_fee0.001,A 股,10,20,365,100,3,0.03,ema,3,0.498,1.2,True,0.6,0.05,0.001,True,303,106,0.34983498349834985,0.6000047379312392,0.27864357014025165,0.32136116779098756,0.4783056047618359,0.2268225825451804,-0.19223420084343978,-0.13878857107014486,1.6390144132823539,1.36395989578361,0.0016850997482943822,0.0008622317269512388,0.504950495049505,0.16062857024513227,0.8712871287128713
1,62,tech10_sent20_lookback365_hgb100x3_lr0.03,ema_ab0.85_as0.12_top2_p0.5_sent1.2_trend_fee0.001,A 股,10,20,365,100,3,0.03,ema,2,0.5,1.2,True,0.85,0.12,0.001,True,303,104,0.3432343234323432,0.5962295597135778,0.27864357014025165,0.3175859895733262,0.4754040910036552,0.2268225825451804,-0.17850690500249466,-0.13878857107014486,1.8874159028673827,1.36395989578361,0.0016391178884771612,0.0008622317269512388,0.5016501650165016,0.30544523863002304,0.6171617161716172
1,103,tech10_sent20_lookback365_hgb100x3_lr0.03,ema_ab0.6_as0.05_top3_p0.5_sent1.6_trend_fee0.001,A 股,10,20,365,100,3,0.03,ema,3,0.5,1.6,True,0.6,0.05,0.001,True,303,105,0.3465346534653465,0.5915892894575709,0.27864357014025165,0.3129457193173193,0.47183610469261494,0.2268225825451804,-0.19223420084343978,-0.13878857107014486,1.6422169033611531,1.36395989578361,0.0016639897333647269,0.0008622317269512388,0.5115511551155115,0.15849932551204549,0.8679867986798679
1,100,tech10_sent20_lookback365_hgb100x3_lr0.03,ema_ab0.6_as0.05_top3_p0.5_sent1.2_no_trend_fee0.001,A 股,10,20,365,100,3,0.03,ema,3,0.5,1.2,False,0.6,0.05,0.001,True,303,137,0.4521452145214521,0.5898217254963896,0.27864357014025165,0.3111781553561379,0.47047653303967363,0.2268225825451804,-0.21147797352787778,-0.13878857107014486,1.498621653876265,1.36395989578361,0.001692033239877467,0.0008622317269512388,0.5082508250825083,0.16820648777112426,1.165016501650165
1,65,tech10_sent20_lookback365_hgb100x3_lr0.03,ema_ab0.85_as0.12_top2_p0.5_sent1.2_no_trend_fee0.001,A 股,10,20,365,100,3,0.03,ema,2,0.5,1.2,False,0.85,0.12,0.001,True,303,137,0.4521452145214521,0.586803871080906,0.27864357014025165,0.3081603009406544,0.46815467697647284,0.2268225825451804,-0.22211384958802227,-0.13878857107014486,1.5917847626496398,1.36395989578361,0.001661985273998848,0.0008622317269512388,0.5115511551155115,0.3565340231755756,0.8283828382838284
1,97,tech10_sent20_lookback365_hgb100x3_lr0.03,ema_ab0.6_as0.05_top3_p0.5_sent1.2_trend_fee0.001,A 股,10,20,365,100,3,0.03,ema,3,0.5,1.2,True,0.6,0.05,0.001,True,303,104,0.3432343234323432,0.5842503981393399,0.27864357014025165,0.3056068279990882,0.46618952301032524,0.2268225825451804,-0.19223420084343978,-0.13878857107014486,1.6282977786476716,1.36395989578361,0.0016484950731844254,0.0008622317269512388,0.5115511551155115,0.1583550192160111,0.858085808580858
1,20,tech10_sent20_lookback365_hgb100x3_lr0.03,ema_ab0.85_as0.12_top1_p0.498_sent1.6_trend_fee0.001,A 股,10,20,365,100,3,0.03,ema,1,0.498,1.6,True,0.85,0.12,0.001,True,303,107,0.35313531353135313,0.5837136205468394,0.27864357014025165,0.30507005040658774,0.46577635093410175,0.2268225825451804,-0.2187379677954706,-0.13878857107014486,1.6817396822369062,1.36395989578361,0.0016376319103091855,0.0008622317269512388,0.49504950495049505,0.3492732941620168,0.35313531353135313
1,83,tech10_sent20_lookback365_hgb100x3_lr0.03,ema_ab0.85_as0.12_top3_p0.49_sent1.6_no_trend_fee0.001,A 股,10,20,365,100,3,0.03,ema,3,0.49,1.6,False,0.85,0.12,0.001,True,303,151,0.49834983498349833,0.5808276744581311,0.27864357014025165,0.30218410431787945,0.46355455672768464,0.2268225825451804,-0.18922411926177252,-0.13878857107014486,1.6976074054551964,1.36395989578361,0.001628040019385669,0.0008622317269512388,0.5016501650165016,0.31612870805530735,1.3003300330033003
1,118,tech10_sent20_lookback365_hgb100x3_lr0.03,ema_ab0.6_as0.05_top5_p0.49_sent1.6_no_trend_fee0.001,A 股,10,20,365,100,3,0.03,ema,5,0.49,1.6,False,0.6,0.05,0.001,True,303,151,0.49834983498349833,0.5775970989647039,0.27864357014025165,0.29895352882445225,0.4610666337096647,0.2268225825451804,-0.1709880070136499,-0.13878857107014486,1.616067692919699,1.36395989578361,0.0016353181097478367,0.0008622317269512388,0.5148514851485149,0.1432224528910871,1.9504950495049505
1,32,tech10_sent20_lookback365_hgb100x3_lr0.03,ema_ab0.85_as0.12_top1_p0.5_sent1.6_trend_fee0.001,A 股,10,20,365,100,3,0.03,ema,1,0.5,1.6,True,0.85,0.12,0.001,True,303,105,0.3465346534653465,0.5744958953616321,0.27864357014025165,0.2958523252213805,0.4586775354417927,0.2268225825451804,-0.2187379677954706,-0.13878857107014486,1.6769000230291942,1.36395989578361,0.0016159256511976271,0.0008622317269512388,0.49504950495049505,0.3469503994465811,0.3465346534653465
1,14,tech10_sent20_lookback365_hgb100x3_lr0.03,ema_ab0.85_as0.12_top1_p0.498_sent1.2_trend_fee0.001,A 股,10,20,365,100,3,0.03,ema,1,0.498,1.2,True,0.85,0.12,0.001,True,303,106,0.34983498349834985,0.5740248547239113,0.27864357014025165,0.29538128458365964,0.45831458695839955,0.2268225825451804,-0.2187379677954706,-0.13878857107014486,1.6633044263304113,1.36395989578361,0.001616949589311952,0.0008622317269512388,0.49504950495049505,0.34843438853477676,0.34983498349834985
1,95,tech10_sent20_lookback365_hgb100x3_lr0.03,ema_ab0.85_as0.12_top3_p0.498_sent1.6_no_trend_fee0.001,A 股,10,20,365,100,3,0.03,ema,3,0.498,1.6,False,0.85,0.12,0.001,True,303,142,0.46864686468646866,0.5657266582690657,0.27864357014025165,0.287083088128814,0.45191761716233914,0.2268225825451804,-0.18696179748037312,-0.13878857107014486,1.7032509142965016,1.36395989578361,0.001590189056049216,0.0008622317269512388,0.504950495049505,0.3064037071957534,1.2112211221122111
1,26,tech10_sent20_lookback365_hgb100x3_lr0.03,ema_ab0.85_as0.12_top1_p0.5_sent1.2_trend_fee0.001,A 股,10,20,365,100,3,0.03,ema,1,0.5,1.2,True,0.85,0.12,0.001,True,303,104,0.3432343234323432,0.5648566740769472,0.27864357014025165,0.2862131039366955,0.45124662783099323,0.2268225825451804,-0.2187379677954706,-0.13878857107014486,1.6581904070402311,1.36395989578361,0.0015952433302003936,0.0008622317269512388,0.49504950495049505,0.34611149381934114,0.3432343234323432
1,115,tech10_sent20_lookback365_hgb100x3_lr0.03,ema_ab0.6_as0.05_top5_p0.49_sent1.6_trend_fee0.001,A 股,10,20,365,100,3,0.03,ema,5,0.49,1.6,True,0.6,0.05,0.001,True,303,114,0.37623762376237624,0.5627616926289258,0.27864357014025165,0.2841181224886742,0.449630581881582,0.2268225825451804,-0.1593306715479903,-0.13878857107014486,1.7536597718684712,1.36395989578361,0.0015759704346392255,0.0008622317269512388,0.5115511551155115,0.13791110413140376,1.3993399339933994
1,92,tech10_sent20_lookback365_hgb100x3_lr0.03,ema_ab0.85_as0.12_top3_p0.498_sent1.6_trend_fee0.001,A 股,10,20,365,100,3,0.03,ema,3,0.498,1.6,True,0.85,0.12,0.001,True,303,107,0.35313531353135313,0.5627099442575687,0.27864357014025165,0.28406637411731706,0.4495906591366434,0.2268225825451804,-0.15427096745939495,-0.13878857107014486,1.9069171867071364,1.36395989578361,0.00155799907398409,0.0008622317269512388,0.49504950495049505,0.27529803859864943,0.8811881188118812
1,11,tech10_sent20_lookback365_hgb100x3_lr0.03,ema_ab0.85_as0.12_top1_p0.49_sent1.6_no_trend_fee0.001,A 股,10,20,365,100,3,0.03,ema,1,0.49,1.6,False,0.85,0.12,0.001,True,303,151,0.49834983498349833,0.5615687763188639,0.27864357014025165,0.2829252061786123,0.4487102162744223,0.2268225825451804,-0.30133624609313014,-0.13878857107014486,1.3264141121572184,1.36395989578361,0.0016734640464263716,0.0008622317269512388,0.504950495049505,0.4386649537245744,0.49834983498349833
1,109,tech10_sent20_lookback365_hgb100x3_lr0.03,ema_ab0.6_as0.05_top5_p0.49_sent1.2_trend_fee0.001,A 股,10,20,365,100,3,0.03,ema,5,0.49,1.2,True,0.6,0.05,0.001,True,303,113,0.37293729372937295,0.5542795022437863,0.27864357014025165,0.27563593210353465,0.44308377894481277,0.2268225825451804,-0.1593306715479903,-0.13878857107014486,1.7353296726524368,1.36395989578361,0.001557755542344085,0.0008622317269512388,0.5115511551155115,0.13775143251759664,1.386138613861386
1,86,tech10_sent20_lookback365_hgb100x3_lr0.03,ema_ab0.85_as0.12_top3_p0.498_sent1.2_trend_fee0.001,A 股,10,20,365,100,3,0.03,ema,3,0.498,1.2,True,0.85,0.12,0.001,True,303,106,0.34983498349834985,0.5531120769956313,0.27864357014025165,0.2744685068553796,0.4421822558038153,0.2268225825451804,-0.15427096745939495,-0.13878857107014486,1.8840035983152406,1.36395989578361,0.0015374352755656337,0.0008622317269512388,0.49504950495049505,0.27480682170565895,0.8712871287128713
1,5,tech10_sent20_lookback365_hgb100x3_lr0.03,ema_ab0.85_as0.12_top1_p0.49_sent1.2_no_trend_fee0.001,A 股,10,20,365,100,3,0.03,ema,1,0.49,1.2,False,0.85,0.12,0.001,True,303,147,0.48514851485148514,0.5526036052633783,0.27864357014025165,0.2739600351231266,0.44178956200378594,0.2268225825451804,-0.30133624609313014,-0.13878857107014486,1.3124866676589415,1.36395989578361,0.0016539672645951191,0.0008622317269512388,0.504950495049505,0.4363874514960028,0.48514851485148514
1,107,tech10_sent20_lookback365_hgb100x3_lr0.03,ema_ab0.85_as0.12_top3_p0.5_sent1.6_no_trend_fee0.001,A 股,10,20,365,100,3,0.03,ema,3,0.5,1.6,False,0.85,0.12,0.001,True,303,141,0.46534653465346537,0.5480142006590367,0.27864357014025165,0.26937063051878507,0.4382441746158179,0.2268225825451804,-0.18696179748037312,-0.13878857107014486,1.6779614496860993,1.36395989578361,0.0015504280254643786,0.0008622317269512388,0.5082508250825083,0.3051570562946696,1.198019801980198
1,104,tech10_sent20_lookback365_hgb100x3_lr0.03,ema_ab0.85_as0.12_top3_p0.5_sent1.6_trend_fee0.001,A 股,10,20,365,100,3,0.03,ema,3,0.5,1.6,True,0.85,0.12,0.001,True,303,105,0.3465346534653465,0.5441202618499652,0.27864357014025165,0.26547669170971355,0.4352346580599722,0.2268225825451804,-0.15427096745939495,-0.13878857107014486,1.8983620659872527,1.36395989578361,0.0015146684729063574,0.0008622317269512388,0.5016501650165016,0.27199050895629295,0.8679867986798679
1,77,tech10_sent20_lookback365_hgb100x3_lr0.03,ema_ab0.85_as0.12_top3_p0.49_sent1.2_no_trend_fee0.001,A 股,10,20,365,100,3,0.03,ema,3,0.49,1.2,False,0.85,0.12,0.001,True,303,147,0.48514851485148514,0.5437468171980444,0.27864357014025165,0.26510324705779276,0.4349459660340653,0.2268225825451804,-0.18922411926177252,-0.13878857107014486,1.6234172556437858,1.36395989578361,0.001548320802894658,0.0008622317269512388,0.49834983498349833,0.31007538512181543,1.2673267326732673
1,112,tech10_sent20_lookback365_hgb100x3_lr0.03,ema_ab0.6_as0.05_top5_p0.49_sent1.2_no_trend_fee0.001,A 股,10,20,365,100,3,0.03,ema,5,0.49,1.2,False,0.6,0.05,0.001,True,303,147,0.48514851485148514,0.5427929081519962,0.27864357014025165,0.26414933801174456,0.4342084916471407,0.2268225825451804,-0.1709880070136499,-0.13878857107014486,1.551982764626926,1.36395989578361,0.0015598593268501138,0.0008622317269512388,0.5115511551155115,0.14035952256073514,1.900990099009901
1,130,tech10_sent20_lookback365_hgb100x3_lr0.03,ema_ab0.6_as0.05_top5_p0.498_sent1.6_no_trend_fee0.001,A 股,10,20,365,100,3,0.03,ema,5,0.498,1.6,False,0.6,0.05,0.001,True,303,142,0.46864686468646866,0.5409615434658925,0.27864357014025165,0.2623179733256409,0.432792434411978,0.2268225825451804,-0.179682286192539,-0.13878857107014486,1.5950475815085146,1.36395989578361,0.001546447291703082,0.0008622317269512388,0.5247524752475248,0.1388448936557198,1.834983498349835
1,116,tech10_sent20_lookback365_hgb100x3_lr0.03,ema_ab0.85_as0.12_top5_p0.49_sent1.6_trend_fee0.001,A 股,10,20,365,100,3,0.03,ema,5,0.49,1.6,True,0.85,0.12,0.001,True,303,114,0.37623762376237624,0.5350953276172374,0.27864357014025165,0.2564517574769858,0.4282546197564101,0.2268225825451804,-0.1284238380331204,-0.13878857107014486,2.0347276618902352,1.36395989578361,0.001481939324730231,0.0008622317269512388,0.49834983498349833,0.2380739005319875,1.3993399339933994
1,98,tech10_sent20_lookback365_hgb100x3_lr0.03,ema_ab0.85_as0.12_top3_p0.5_sent1.2_trend_fee0.001,A 股,10,20,365,100,3,0.03,ema,3,0.5,1.2,True,0.85,0.12,0.001,True,303,104,0.3432343234323432,0.5346365666259156,0.27864357014025165,0.255992996485664,0.4278996220015987,0.2268225825451804,-0.15427096745939495,-0.13878857107014486,1.8749532462229273,1.36395989578361,0.0014941046744879006,0.0008622317269512388,0.5016501650165016,0.27149929206330237,0.858085808580858
1,89,tech10_sent20_lookback365_hgb100x3_lr0.03,ema_ab0.85_as0.12_top3_p0.498_sent1.2_no_trend_fee0.001,A 股,10,20,365,100,3,0.03,ema,3,0.498,1.2,False,0.85,0.12,0.001,True,303,138,0.45544554455445546,0.5290000161450841,0.27864357014025165,0.2503564460048324,0.42353649490907075,0.2268225825451804,-0.18696179748037312,-0.13878857107014486,1.6273388088469,1.36395989578361,0.0015104698322173761,0.0008622317269512388,0.5016501650165016,0.30035038381973134,1.1782178217821782
1,142,tech10_sent20_lookback365_hgb100x3_lr0.03,ema_ab0.6_as0.05_top5_p0.5_sent1.6_no_trend_fee0.001,A 股,10,20,365,100,3,0.03,ema,5,0.5,1.6,False,0.6,0.05,0.001,True,303,141,0.46534653465346537,0.5286983911822798,0.27864357014025165,0.25005482104202814,0.42330293756940085,0.2268225825451804,-0.179682286192539,-0.13878857107014486,1.575157223708718,1.36395989578361,0.0015188673109133553,0.0008622317269512388,0.5247524752475248,0.1377274501029485,1.8085808580858085
1,110,tech10_sent20_lookback365_hgb100x3_lr0.03,ema_ab0.85_as0.12_top5_p0.49_sent1.2_trend_fee0.001,A 股,10,20,365,100,3,0.03,ema,5,0.49,1.2,True,0.85,0.12,0.001,True,303,113,0.37293729372937295,0.5241555582102424,0.27864357014025165,0.24551198806999075,0.41978434529135544,0.2268225825451804,-0.1284238380331204,-0.13878857107014486,2.0046198442019625,1.36395989578361,0.001458130737175397,0.0008622317269512388,0.49834983498349833,0.23767203216506266,1.386138613861386
1,23,tech10_sent20_lookback365_hgb100x3_lr0.03,ema_ab0.85_as0.12_top1_p0.498_sent1.6_no_trend_fee0.001,A 股,10,20,365,100,3,0.03,ema,1,0.498,1.6,False,0.85,0.12,0.001,True,303,142,0.46864686468646866,0.514990829873613,0.27864357014025165,0.23634725973336135,0.4126805435914511,0.2268225825451804,-0.30133624609313014,-0.13878857107014486,1.2814148768553422,1.36395989578361,0.001559435046122909,0.0008622317269512388,0.504950495049505,0.41398770935339435,0.46864686468646866
1,101,tech10_sent20_lookback365_hgb100x3_lr0.03,ema_ab0.85_as0.12_top3_p0.5_sent1.2_no_trend_fee0.001,A 股,10,20,365,100,3,0.03,ema,3,0.5,1.2,False,0.85,0.12,0.001,True,303,137,0.4521452145214521,0.5117030157888196,0.27864357014025165,0.23305944564856795,0.41013031856816085,0.2268225825451804,-0.18696179748037312,-0.13878857107014486,1.6012272096906621,1.36395989578361,0.0014707087994317504,0.0008622317269512388,0.504950495049505,0.2991037327288752,1.165016501650165
1,119,tech10_sent20_lookback365_hgb100x3_lr0.03,ema_ab0.85_as0.12_top5_p0.49_sent1.6_no_trend_fee0.001,A 股,10,20,365,100,3,0.03,ema,5,0.49,1.6,False,0.85,0.12,0.001,True,303,151,0.49834983498349833,0.5106463130682377,0.27864357014025165,0.23200274292798606,0.4093104786441244,0.2268225825451804,-0.15459380061372252,-0.13878857107014486,1.7416162112978744,1.36395989578361,0.001449461754245496,0.0008622317269512388,0.5082508250825083,0.2605396897284101,1.9504950495049505
1,124,tech10_sent20_lookback365_hgb100x3_lr0.03,ema_ab0.6_as0.05_top5_p0.498_sent1.2_no_trend_fee0.001,A 股,10,20,365,100,3,0.03,ema,5,0.498,1.2,False,0.6,0.05,0.001,True,303,138,0.45544554455445546,0.506994924722022,0.27864357014025165,0.22835135458177036,0.4064768153690017,0.2268225825451804,-0.179682286192539,-0.13878857107014486,1.5285879836647953,1.36395989578361,0.0014710516062984619,0.0008622317269512388,0.5214521452145214,0.1359936578907106,1.7854785478547854
1,17,tech10_sent20_lookback365_hgb100x3_lr0.03,ema_ab0.85_as0.12_top1_p0.498_sent1.2_no_trend_fee0.001,A 股,10,20,365,100,3,0.03,ema,1,0.498,1.2,False,0.85,0.12,0.001,True,303,138,0.45544554455445546,0.5062930682571121,0.27864357014025165,0.22764949811686042,0.4059320066744405,0.2268225825451804,-0.30133624609313014,-0.13878857107014486,1.2669849461186227,1.36395989578361,0.001539938264291656,0.0008622317269512388,0.504950495049505,0.4117102071248228,0.45544554455445546
1,127,tech10_sent20_lookback365_hgb100x3_lr0.03,ema_ab0.6_as0.05_top5_p0.498_sent1.6_trend_fee0.001,A 股,10,20,365,100,3,0.03,ema,5,0.498,1.6,True,0.6,0.05,0.001,True,303,107,0.35313531353135313,0.5055789477762722,0.27864357014025165,0.22693537763602056,0.40537763431049134,0.2268225825451804,-0.1632009956108046,-0.13878857107014486,1.6432583940950023,1.36395989578361,0.001448974626353024,0.0008622317269512388,0.5082508250825083,0.13505733033934422,1.3036303630363035
1,35,tech10_sent20_lookback365_hgb100x3_lr0.03,ema_ab0.85_as0.12_top1_p0.5_sent1.6_no_trend_fee0.001,A 股,10,20,365,100,3,0.03,ema,1,0.5,1.6,False,0.85,0.12,0.001,True,303,141,0.46534653465346537,0.49973172644861585,0.27864357014025165,0.2210881563083642,0.4008367640991741,0.2268225825451804,-0.30133624609313014,-0.13878857107014486,1.2593391611563862,1.36395989578361,0.0015239562281120658,0.0008622317269512388,0.5082508250825083,0.4119302080609774,0.46534653465346537
1,121,tech10_sent20_lookback365_hgb100x3_lr0.03,ema_ab0.6_as0.05_top5_p0.498_sent1.2_trend_fee0.001,A 股,10,20,365,100,3,0.03,ema,5,0.498,1.2,True,0.6,0.05,0.001,True,303,106,0.34983498349834985,0.4974062513564166,0.27864357014025165,0.21876268121616493,0.3990300049583708,0.2268225825451804,-0.1632009956108046,-0.13878857107014486,1.6245072152207345,1.36395989578361,0.0014307572571569476,0.0008622317269512388,0.5082508250825083,0.13489758165068744,1.2904290429042904
1,136,tech10_sent20_lookback365_hgb100x3_lr0.03,ema_ab0.6_as0.05_top5_p0.5_sent1.2_no_trend_fee0.001,A 股,10,20,365,100,3,0.03,ema,5,0.5,1.2,False,0.6,0.05,0.001,True,303,137,0.4521452145214521,0.49490368194140877,0.27864357014025165,0.21626011180115712,0.39708512611757385,0.2268225825451804,-0.179682286192539,-0.13878857107014486,1.508102219885364,1.36395989578361,0.0014432399273038364,0.0008622317269512388,0.5214521452145214,0.13486569947408605,1.7590759075907592
1,29,tech10_sent20_lookback365_hgb100x3_lr0.03,ema_ab0.85_as0.12_top1_p0.5_sent1.2_no_trend_fee0.001,A 股,10,20,365,100,3,0.03,ema,1,0.5,1.2,False,0.85,0.12,0.001,True,303,137,0.4521452145214521,0.4911215693518003,0.27864357014025165,0.21247799921154864,0.3941448062746098,0.2268225825451804,-0.30133624609313014,-0.13878857107014486,1.244810910869952,1.36395989578361,0.0015044594462808132,0.0008622317269512388,0.5082508250825083,0.4096527058324059,0.4521452145214521
1,131,tech10_sent20_lookback365_hgb100x3_lr0.03,ema_ab0.85_as0.12_top5_p0.498_sent1.6_no_trend_fee0.001,A 股,10,20,365,100,3,0.03,ema,5,0.498,1.6,False,0.85,0.12,0.001,True,303,142,0.46864686468646866,0.4905537210524107,0.27864357014025165,0.21191015091215903,0.3937032368489437,0.2268225825451804,-0.15822001422569487,-0.13878857107014486,1.7283222745600673,1.36395989578361,0.0014006620992986724,0.0008622317269512388,0.5148514851485149,0.25071188615115636,1.834983498349835
1,139,tech10_sent20_lookback365_hgb100x3_lr0.03,ema_ab0.6_as0.05_top5_p0.5_sent1.6_trend_fee0.001,A 股,10,20,365,100,3,0.03,ema,5,0.5,1.6,True,0.6,0.05,0.001,True,303,105,0.3465346534653465,0.48708693001392533,0.27864357014025165,0.20844335987367368,0.391006780896465,0.2268225825451804,-0.1632009956108046,-0.13878857107014486,1.6262565678530785,1.36395989578361,0.0014042425560121094,0.0008622317269512388,0.5115511551155115,0.13208769650359864,1.283828382838284
1,133,tech10_sent20_lookback365_hgb100x3_lr0.03,ema_ab0.6_as0.05_top5_p0.5_sent1.2_trend_fee0.001,A 股,10,20,365,100,3,0.03,ema,5,0.5,1.2,True,0.6,0.05,0.001,True,303,104,0.3432343234323432,0.4790115898045304,0.27864357014025165,0.20036801966427875,0.38472170565209796,0.2268225825451804,-0.1632009956108046,-0.13878857107014486,1.6070756649251212,1.36395989578361,0.0013860251866947744,0.0008622317269512388,0.5115511551155115,0.13192794781218878,1.2706270627062706
1,113,tech10_sent20_lookback365_hgb100x3_lr0.03,ema_ab0.85_as0.12_top5_p0.49_sent1.2_no_trend_fee0.001,A 股,10,20,365,100,3,0.03,ema,5,0.49,1.2,False,0.85,0.12,0.001,True,303,147,0.48514851485148514,0.47562115867782895,0.27864357014025165,0.1969775885375773,0.3820811968894673,0.2268225825451804,-0.15459380061372252,-0.13878857107014486,1.6586726980596558,1.36395989578361,0.0013707206217782935,0.0008622317269512388,0.504950495049505,0.2539476278830615,1.900990099009901
1,128,tech10_sent20_lookback365_hgb100x3_lr0.03,ema_ab0.85_as0.12_top5_p0.498_sent1.6_trend_fee0.001,A 股,10,20,365,100,3,0.03,ema,5,0.498,1.6,True,0.85,0.12,0.001,True,303,107,0.35313531353135313,0.47469152125066083,0.27864357014025165,0.19604795111040918,0.38135700571462205,0.2268225825451804,-0.1331653860022456,-0.13878857107014486,1.883513824957575,1.36395989578361,0.0013469135889808627,0.0008622317269512388,0.5016501650165016,0.23115682078179203,1.3036303630363035
1,143,tech10_sent20_lookback365_hgb100x3_lr0.03,ema_ab0.85_as0.12_top5_p0.5_sent1.6_no_trend_fee0.001,A 股,10,20,365,100,3,0.03,ema,5,0.5,1.6,False,0.85,0.12,0.001,True,303,141,0.46534653465346537,0.47364458732174386,0.27864357014025165,0.1950010171814922,0.3805413481047897,0.2268225825451804,-0.15822001422569487,-0.13878857107014486,1.7013333125377983,1.36395989578361,0.0013609150995468697,0.0008622317269512388,0.5148514851485149,0.24857081456693889,1.8085808580858085
1,122,tech10_sent20_lookback365_hgb100x3_lr0.03,ema_ab0.85_as0.12_top5_p0.498_sent1.2_trend_fee0.001,A 股,10,20,365,100,3,0.03,ema,5,0.498,1.2,True,0.85,0.12,0.001,True,303,106,0.34983498349834985,0.4641822160171354,0.27864357014025165,0.18553864587688373,0.3731648578053637,0.2268225825451804,-0.1331653860022456,-0.13878857107014486,1.852741753699931,1.36395989578361,0.0013231050011721244,0.0008622317269512388,0.5016501650165016,0.2307549524010711,1.2904290429042904
1,125,tech10_sent20_lookback365_hgb100x3_lr0.03,ema_ab0.85_as0.12_top5_p0.498_sent1.2_no_trend_fee0.001,A 股,10,20,365,100,3,0.03,ema,5,0.498,1.2,False,0.85,0.12,0.001,True,303,138,0.45544554455445546,0.4559944241677796,0.27864357014025165,0.17735085402752793,0.36677550243596246,0.2268225825451804,-0.15822001422569487,-0.13878857107014486,1.6433945657962832,1.36395989578361,0.001321920966515249,0.0008622317269512388,0.5115511551155115,0.24411982428178866,1.7854785478547854
1,140,tech10_sent20_lookback365_hgb100x3_lr0.03,ema_ab0.85_as0.12_top5_p0.5_sent1.6_trend_fee0.001,A 股,10,20,365,100,3,0.03,ema,5,0.5,1.6,True,0.85,0.12,0.001,True,303,105,0.3465346534653465,0.4531189203237824,0.27864357014025165,0.17447535018353078,0.36453016523529214,0.2268225825451804,-0.1331653860022456,-0.13878857107014486,1.8674005776884768,1.36395989578361,0.0012944375214584234,0.0008622317269512388,0.5016501650165016,0.22616813002062874,1.283828382838284
1,134,tech10_sent20_lookback365_hgb100x3_lr0.03,ema_ab0.85_as0.12_top5_p0.5_sent1.2_trend_fee0.001,A 股,10,20,365,100,3,0.03,ema,5,0.5,1.2,True,0.85,0.12,0.001,True,303,104,0.3432343234323432,0.4427629186750921,0.27864357014025165,0.16411934853484045,0.3564374709810305,0.2268225825451804,-0.1331653860022456,-0.13878857107014486,1.8357164150093535,1.36395989578361,0.001270628933649685,0.0008622317269512388,0.5016501650165016,0.22576626163990782,1.2706270627062706
1,137,tech10_sent20_lookback365_hgb100x3_lr0.03,ema_ab0.85_as0.12_top5_p0.5_sent1.2_no_trend_fee0.001,A 股,10,20,365,100,3,0.03,ema,5,0.5,1.2,False,0.85,0.12,0.001,True,303,137,0.4521452145214521,0.439480151198542,0.27864357014025165,0.16083658105829035,0.353870115126349,0.2268225825451804,-0.15822001422569487,-0.13878857107014486,1.615360129520236,1.36395989578361,0.0012821713775825968,0.0008622317269512388,0.5115511551155115,0.24197820915753973,1.7590759075907592
1,117,tech10_sent20_lookback365_hgb100x3_lr0.03,discrete_top5_p0.49_sent1.6_trend_fee0.001,A 股,10,20,365,100,3,0.03,discrete,5,0.49,1.6,True,1.0,1.0,0.001,True,303,114,0.37623762376237624,0.2998086092687082,0.27864357014025165,0.021165039128456575,0.24368841201703528,0.2268225825451804,-0.01940064831982735,-0.13878857107014486,2.7576981248669994,1.36395989578361,0.0008784063842069173,0.0008622317269512388,0.46534653465346537,0.4738173817381738,1.3993399339933994
1,111,tech10_sent20_lookback365_hgb100x3_lr0.03,discrete_top5_p0.49_sent1.2_trend_fee0.001,A 股,10,20,365,100,3,0.03,discrete,5,0.49,1.2,True,1.0,1.0,0.001,True,303,113,0.37293729372937295,0.29470573219657403,0.27864357014025165,0.016062162056322382,0.23962632818496288,0.2268225825451804,-0.01940064831982735,-0.13878857107014486,2.7188012320944104,1.36395989578361,0.0008653947071705246,0.0008622317269512388,0.46534653465346537,0.4711771177117711,1.386138613861386
1,129,tech10_sent20_lookback365_hgb100x3_lr0.03,discrete_top5_p0.498_sent1.6_trend_fee0.001,A 股,10,20,365,100,3,0.03,discrete,5,0.498,1.6,True,1.0,1.0,0.001,True,303,107,0.35313531353135313,0.2876088922947797,0.27864357014025165,0.008965322154528055,0.23397249009457122,0.2268225825451804,-0.01940064831982735,-0.13878857107014486,2.702396419983293,1.36395989578361,0.0008468487234062293,0.0008622317269512388,0.46204620462046203,0.44829482948294824,1.3036303630363035
1,141,tech10_sent20_lookback365_hgb100x3_lr0.03,discrete_top5_p0.5_sent1.6_trend_fee0.001,A 股,10,20,365,100,3,0.03,discrete,5,0.5,1.6,True,1.0,1.0,0.001,True,303,105,0.3465346534653465,0.28683108434337967,0.27864357014025165,0.008187514203128021,0.23335251551257152,0.2268225825451804,-0.01940064831982735,-0.13878857107014486,2.696444463827901,1.36395989578361,0.0008448488742497626,0.0008622317269512388,0.46204620462046203,0.44037403740374037,1.283828382838284
1,123,tech10_sent20_lookback365_hgb100x3_lr0.03,discrete_top5_p0.498_sent1.2_trend_fee0.001,A 股,10,20,365,100,3,0.03,discrete,5,0.498,1.2,True,1.0,1.0,0.001,True,303,106,0.34983498349834985,0.28255390970156213,0.27864357014025165,0.003910339561310483,0.22994214000623492,0.2268225825451804,-0.01940064831982735,-0.13878857107014486,2.662894712829867,1.36395989578361,0.0008338370463698366,0.0008622317269512388,0.46204620462046203,0.44565456545654564,1.2904290429042904
1,135,tech10_sent20_lookback365_hgb100x3_lr0.03,discrete_top5_p0.5_sent1.2_trend_fee0.001,A 股,10,20,365,100,3,0.03,discrete,5,0.5,1.2,True,1.0,1.0,0.001,True,303,104,0.3432343234323432,0.28177915532153786,0.27864357014025165,0.0031355851812862046,0.22932419035966323,0.2268225825451804,-0.01940064831982735,-0.13878857107014486,2.656935065128151,1.36395989578361,0.0008318371972133701,0.0008622317269512388,0.46204620462046203,0.4377337733773377,1.2706270627062706
1,81,tech10_sent20_lookback365_hgb100x3_lr0.03,discrete_top3_p0.49_sent1.6_trend_fee0.001,A 股,10,20,365,100,3,0.03,discrete,3,0.49,1.6,True,1.0,1.0,0.001,False,303,114,0.37623762376237624,0.2686598159087894,0.27864357014025165,-0.00998375423146225,0.2188505288484459,0.2268225825451804,-0.02553365769100069,-0.13878857107014486,2.4812641354617946,1.36395989578361,0.0007985514451298862,0.0008622317269512388,0.4521452145214521,0.5291529152915291,0.9570957095709571
1,75,tech10_sent20_lookback365_hgb100x3_lr0.03,discrete_top3_p0.49_sent1.2_trend_fee0.001,A 股,10,20,365,100,3,0.03,discrete,3,0.49,1.2,True,1.0,1.0,0.001,False,303,113,0.37293729372937295,0.26336747564564167,0.27864357014025165,-0.015276094494609982,0.21462030228061946,0.2268225825451804,-0.02553365769100069,-0.13878857107014486,2.4405424273149823,1.36395989578361,0.0007847201808324336,0.0008622317269512388,0.4521452145214521,0.5269526952695269,0.9471947194719472
1,9,tech10_sent20_lookback365_hgb100x3_lr0.03,discrete_top1_p0.49_sent1.6_trend_fee0.001,A 股,10,20,365,100,3,0.03,discrete,1,0.49,1.6,True,1.0,1.0,0.001,False,303,114,0.37623762376237624,0.25978417930756526,0.27864357014025165,-0.018859390832686396,0.21175444043968739,0.2268225825451804,-0.029596301591340857,-0.13878857107014486,2.3415779763856333,1.36395989578361,0.0007761400813111651,0.0008622317269512388,0.45544554455445546,0.5874587458745875,0.37623762376237624
1,45,tech10_sent20_lookback365_hgb100x3_lr0.03,discrete_top2_p0.49_sent1.6_trend_fee0.001,A 股,10,20,365,100,3,0.03,discrete,2,0.49,1.6,True,1.0,1.0,0.001,False,303,114,0.37623762376237624,0.2572262949142219,0.27864357014025165,-0.021417275226029764,0.20970784709596524,0.2268225825451804,-0.028731688918898324,-0.13878857107014486,2.3933961231083853,1.36395989578361,0.0007685944268161364,0.0008622317269512388,0.45544554455445546,0.5643564356435643,0.6798679867986799
1,93,tech10_sent20_lookback365_hgb100x3_lr0.03,discrete_top3_p0.498_sent1.6_trend_fee0.001,A 股,10,20,365,100,3,0.03,discrete,3,0.498,1.6,True,1.0,1.0,0.001,False,303,107,0.35313531353135313,0.2566593589050945,0.27864357014025165,-0.021984211235157147,0.20925414009481935,0.2268225825451804,-0.02553365769100069,-0.13878857107014486,2.4254738691459776,1.36395989578361,0.0007667023740405982,0.0008622317269512388,0.4521452145214521,0.49834983498349833,0.8811881188118812
1,105,tech10_sent20_lookback365_hgb100x3_lr0.03,discrete_top3_p0.5_sent1.6_trend_fee0.001,A 股,10,20,365,100,3,0.03,discrete,3,0.5,1.6,True,1.0,1.0,0.001,False,303,105,0.3465346534653465,0.2558939525328594,0.27864357014025165,-0.022749617607392247,0.20864154676304136,0.2268225825451804,-0.02553365769100069,-0.13878857107014486,2.419263363389352,1.36395989578361,0.0007646884129500741,0.0008622317269512388,0.4521452145214521,0.4895489548954895,0.8679867986798679
1,3,tech10_sent20_lookback365_hgb100x3_lr0.03,discrete_top1_p0.49_sent1.2_trend_fee0.001,A 股,10,20,365,100,3,0.03,discrete,1,0.49,1.2,True,1.0,1.0,0.001,False,303,113,0.37293729372937295,0.2533265837543537,0.27864357014025165,-0.025316986385897966,0.20658629283348584,0.2268225825451804,-0.03171065387708527,-0.13878857107014486,2.2946496062440063,1.36395989578361,0.0007591133238765373,0.0008622317269512388,0.45544554455445546,0.5874587458745875,0.37293729372937295
1,39,tech10_sent20_lookback365_hgb100x3_lr0.03,discrete_top2_p0.49_sent1.2_trend_fee0.001,A 股,10,20,365,100,3,0.03,discrete,2,0.49,1.2,True,1.0,1.0,0.001,False,303,113,0.37293729372937295,0.25261397115620476,0.27864357014025165,-0.026029598984046887,0.20601569997807045,0.2268225825451804,-0.028731688918898324,-0.13878857107014486,2.35674672815144,1.36395989578361,0.0007564420870123036,0.0008622317269512388,0.45544554455445546,0.5610561056105611,0.6732673267326733
1,87,tech10_sent20_lookback365_hgb100x3_lr0.03,discrete_top3_p0.498_sent1.2_trend_fee0.001,A 股,10,20,365,100,3,0.03,discrete,3,0.498,1.2,True,1.0,1.0,0.001,False,303,106,0.34983498349834985,0.2514170797386879,0.27864357014025165,-0.027226490401563774,0.2050572194145477,0.2268225825451804,-0.02553365769100069,-0.13878857107014486,2.3840436318815432,1.36395989578361,0.0007528711097431455,0.0008622317269512388,0.4521452145214521,0.49614961496149607,0.8712871287128713
1,99,tech10_sent20_lookback365_hgb100x3_lr0.03,discrete_top3_p0.5_sent1.2_trend_fee0.001,A 股,10,20,365,100,3,0.03,discrete,3,0.5,1.2,True,1.0,1.0,0.001,False,303,104,0.3432343234323432,0.2506548663350565,0.27864357014025165,-0.027988703805195136,0.204446752191366,0.2268225825451804,-0.02553365769100069,-0.13878857107014486,2.37782710703658,1.36395989578361,0.0007508571486526214,0.0008622317269512388,0.4521452145214521,0.48734873487348734,0.858085808580858
1,33,tech10_sent20_lookback365_hgb100x3_lr0.03,discrete_top1_p0.5_sent1.6_trend_fee0.001,A 股,10,20,365,100,3,0.03,discrete,1,0.5,1.6,True,1.0,1.0,0.001,False,303,105,0.3465346534653465,0.2502494545274294,0.27864357014025165,-0.028394115612822235,0.2041220267749042,0.2268225825451804,-0.029596301591340746,-0.13878857107014486,2.2903956713915687,1.36395989578361,0.0007507431815890702,0.0008622317269512388,0.4521452145214521,0.5346534653465347,0.3465346534653465
1,57,tech10_sent20_lookback365_hgb100x3_lr0.03,discrete_top2_p0.498_sent1.6_trend_fee0.001,A 股,10,20,365,100,3,0.03,discrete,2,0.498,1.6,True,1.0,1.0,0.001,False,303,107,0.35313531353135313,0.24997864041039342,0.27864357014025165,-0.028664929729858235,0.2039051011003774,0.2268225825451804,-0.028731688918898324,-0.13878857107014486,2.3646733181028265,1.36395989578361,0.0007491537834317111,0.0008622317269512388,0.4521452145214521,0.528052805280528,0.6336633663366337
1,69,tech10_sent20_lookback365_hgb100x3_lr0.03,discrete_top2_p0.5_sent1.6_trend_fee0.001,A 股,10,20,365,100,3,0.03,discrete,2,0.5,1.6,True,1.0,1.0,0.001,False,303,105,0.3465346534653465,0.24967761841221292,0.27864357014025165,-0.02896595172803873,0.20366396923159757,0.2268225825451804,-0.028731688918898324,-0.13878857107014486,2.362715765076071,1.36395989578361,0.0007483522036045087,0.0008622317269512388,0.4521452145214521,0.5181518151815182,0.6237623762376238
1,21,tech10_sent20_lookback365_hgb100x3_lr0.03,discrete_top1_p0.498_sent1.6_trend_fee0.001,A 股,10,20,365,100,3,0.03,discrete,1,0.498,1.6,True,1.0,1.0,0.001,False,303,107,0.35313531353135313,0.249235831553688,0.27864357014025165,-0.029407738586563648,0.20331006081040703,0.2268225825451804,-0.029596301591340746,-0.13878857107014486,2.2805023358562866,1.36395989578361,0.000748085570534718,0.0008622317269512388,0.4521452145214521,0.5478547854785478,0.35313531353135313
1,51,tech10_sent20_lookback365_hgb100x3_lr0.03,discrete_top2_p0.498_sent1.2_trend_fee0.001,A 股,10,20,365,100,3,0.03,discrete,2,0.498,1.2,True,1.0,1.0,0.001,False,303,106,0.34983498349834985,0.2453929057630191,0.27864357014025165,-0.033250664377232564,0.20023066453297234,0.2268225825451804,-0.028731688918898324,-0.13878857107014486,2.3275472411428684,1.36395989578361,0.0007370014436278783,0.0008622317269512388,0.4521452145214521,0.5247524752475248,0.6270627062706271
1,63,tech10_sent20_lookback365_hgb100x3_lr0.03,discrete_top2_p0.5_sent1.2_trend_fee0.001,A 股,10,20,365,100,3,0.03,discrete,2,0.5,1.2,True,1.0,1.0,0.001,False,303,104,0.3432343234323432,0.24509298810931401,0.27864357014025165,-0.03355058203093764,0.19999026862232983,0.2268225825451804,-0.028731688918898324,-0.13878857107014486,2.3255808453686666,1.36395989578361,0.0007361998638006758,0.0008622317269512388,0.4521452145214521,0.5148514851485149,0.6171617161716172
1,27,tech10_sent20_lookback365_hgb100x3_lr0.03,discrete_top1_p0.5_sent1.2_trend_fee0.001,A 股,10,20,365,100,3,0.03,discrete,1,0.5,1.2,True,1.0,1.0,0.001,False,303,104,0.3432343234323432,0.24384073353333036,0.27864357014025165,-0.034802836606921295,0.19898643150694406,0.2268225825451804,-0.03171065387708527,-0.13878857107014486,2.2429244100844365,1.36395989578361,0.0007337164241544424,0.0008622317269512388,0.4521452145214521,0.5346534653465347,0.3432343234323432
1,15,tech10_sent20_lookback365_hgb100x3_lr0.03,discrete_top1_p0.498_sent1.2_trend_fee0.001,A 股,10,20,365,100,3,0.03,discrete,1,0.498,1.2,True,1.0,1.0,0.001,False,303,106,0.34983498349834985,0.24283230634416375,0.27864357014025165,-0.0358112637960879,0.19817792858728045,0.2268225825451804,-0.03171065387708527,-0.13878857107014486,2.2330487810296433,1.36395989578361,0.0007310588131000902,0.0008622317269512388,0.4521452145214521,0.5478547854785478,0.34983498349834985
1,120,tech10_sent20_lookback365_hgb100x3_lr0.03,discrete_top5_p0.49_sent1.6_no_trend_fee0.001,A 股,10,20,365,100,3,0.03,discrete,5,0.49,1.6,False,1.0,1.0,0.001,False,303,151,0.49834983498349833,0.041680946790192186,0.27864357014025165,-0.23696262335005946,0.03454567308130363,0.2268225825451804,-0.08244184322639425,-0.13878857107014486,0.39163900249097555,1.36395989578361,0.0001541950788056035,0.0008622317269512388,0.44554455445544555,0.6134213421342134,1.9504950495049505
1,114,tech10_sent20_lookback365_hgb100x3_lr0.03,discrete_top5_p0.49_sent1.2_no_trend_fee0.001,A 股,10,20,365,100,3,0.03,discrete,5,0.49,1.2,False,1.0,1.0,0.001,False,303,147,0.48514851485148514,0.03637906535712254,0.27864357014025165,-0.2422645047831291,0.03016451192166114,0.2268225825451804,-0.08244184322639425,-0.13878857107014486,0.34957544483940645,1.36395989578361,0.00013724160967787855,0.0008622317269512388,0.44224422442244227,0.598899889988999,1.900990099009901
1,132,tech10_sent20_lookback365_hgb100x3_lr0.03,discrete_top5_p0.498_sent1.6_no_trend_fee0.001,A 股,10,20,365,100,3,0.03,discrete,5,0.498,1.6,False,1.0,1.0,0.001,False,303,142,0.46864686468646866,0.0347447419831286,0.27864357014025165,-0.24389882815712305,0.028813243816570466,0.2268225825451804,-0.0782310895453463,-0.13878857107014486,0.33798915171540206,1.36395989578361,0.00013176319828019063,0.0008622317269512388,0.44224422442244227,0.5816281628162816,1.834983498349835
1,144,tech10_sent20_lookback365_hgb100x3_lr0.03,discrete_top5_p0.5_sent1.6_no_trend_fee0.001,A 股,10,20,365,100,3,0.03,discrete,5,0.5,1.6,False,1.0,1.0,0.001,False,303,141,0.46534653465346537,0.031434773522646564,0.27864357014025165,-0.2472087966176051,0.02607544121657046,0.2268225825451804,-0.07808823360708117,-0.13878857107014486,0.31070924940835126,1.36395989578361,0.00012121558695062252,0.0008622317269512388,0.44224422442244227,0.5816281628162816,1.8085808580858085
1,126,tech10_sent20_lookback365_hgb100x3_lr0.03,discrete_top5_p0.498_sent1.2_no_trend_fee0.001,A 股,10,20,365,100,3,0.03,discrete,5,0.498,1.2,False,1.0,1.0,0.001,False,303,138,0.45544554455445546,0.02947816400414882,0.27864357014025165,-0.24916540613610283,0.024456358720418958,0.2268225825451804,-0.0782310895453463,-0.13878857107014486,0.2953630724915987,1.36395989578361,0.00011480972915246572,0.0008622317269512388,0.4389438943894389,0.567106710671067,1.7854785478547854
1,138,tech10_sent20_lookback365_hgb100x3_lr0.03,discrete_top5_p0.5_sent1.2_no_trend_fee0.001,A 股,10,20,365,100,3,0.03,discrete,5,0.5,1.2,False,1.0,1.0,0.001,False,303,137,0.4521452145214521,0.026185042410626025,0.27864357014025165,-0.2524585277296256,0.021730150344556165,0.2268225825451804,-0.07808823360708117,-0.13878857107014486,0.2680348949420605,1.36395989578361,0.00010426211782289757,0.0008622317269512388,0.4389438943894389,0.5671067106710671,1.7590759075907592
1,84,tech10_sent20_lookback365_hgb100x3_lr0.03,discrete_top3_p0.49_sent1.6_no_trend_fee0.001,A 股,10,20,365,100,3,0.03,discrete,3,0.49,1.6,False,1.0,1.0,0.001,False,303,151,0.49834983498349833,0.0006733193338381849,0.27864357014025165,-0.27797025080641347,0.0005599566331593309,0.2268225825451804,-0.09350014056801859,-0.13878857107014486,0.05522406394874325,1.36395989578361,2.18734293242144e-05,0.0008622317269512388,0.43234323432343236,0.6985698569856985,1.3003300330033003
1,78,tech10_sent20_lookback365_hgb100x3_lr0.03,discrete_top3_p0.49_sent1.2_no_trend_fee0.001,A 股,10,20,365,100,3,0.03,discrete,3,0.49,1.2,False,1.0,1.0,0.001,False,303,147,0.48514851485148514,-0.0030540260948083153,0.27864357014025165,-0.28169759623505997,-0.0025406357076637187,0.2268225825451804,-0.09350014056801859,-0.13878857107014486,0.023927861381622416,1.36395989578361,9.452081615632e-06,0.0008622317269512388,0.429042904290429,0.6831683168316832,1.2673267326732673
1,96,tech10_sent20_lookback365_hgb100x3_lr0.03,discrete_top3_p0.498_sent1.6_no_trend_fee0.001,A 股,10,20,365,100,3,0.03,discrete,3,0.498,1.6,False,1.0,1.0,0.001,False,303,142,0.46864686468646866,-0.005026845425814441,0.27864357014025165,-0.2836704155660661,-0.00418251487112542,0.2268225825451804,-0.08781245445623997,-0.13878857107014486,0.006575720460364563,1.36395989578361,2.5748605093049546e-06,0.0008622317269512388,0.43234323432343236,0.6611661166116611,1.2112211221122111
1,108,tech10_sent20_lookback365_hgb100x3_lr0.03,discrete_top3_p0.5_sent1.6_no_trend_fee0.001,A 股,10,20,365,100,3,0.03,discrete,3,0.5,1.6,False,1.0,1.0,0.001,False,303,141,0.46534653465346537,-0.007929898056165174,0.27864357014025165,-0.2865734681964168,-0.006599577789265343,0.2268225825451804,-0.08780413457346259,-0.13878857107014486,-0.018035033618825524,1.36395989578361,-7.063015879802806e-06,0.0008622317269512388,0.43234323432343236,0.6589658965896589,1.198019801980198
1,90,tech10_sent20_lookback365_hgb100x3_lr0.03,discrete_top3_p0.498_sent1.2_no_trend_fee0.001,A 股,10,20,365,100,3,0.03,discrete,3,0.498,1.2,False,1.0,1.0,0.001,False,303,138,0.45544554455445546,-0.00873295866744317,0.27864357014025165,-0.2873765288076948,-0.007268410970383443,0.2268225825451804,-0.08781245445623997,-0.13878857107014486,-0.025215390554540335,1.36395989578361,-9.846487199277432e-06,0.0008622317269512388,0.429042904290429,0.6457645764576456,1.1782178217821782
1,102,tech10_sent20_lookback365_hgb100x3_lr0.03,discrete_top3_p0.5_sent1.2_no_trend_fee0.001,A 股,10,20,365,100,3,0.03,discrete,3,0.5,1.2,False,1.0,1.0,0.001,False,303,137,0.4521452145214521,-0.011625197898714856,0.27864357014025165,-0.2902687680389665,-0.009677983755902453,0.2268225825451804,-0.08780413457346259,-0.13878857107014486,-0.049889454051597254,1.36395989578361,-1.948436358838518e-05,0.0008622317269512388,0.429042904290429,0.6435643564356435,1.165016501650165
1,48,tech10_sent20_lookback365_hgb100x3_lr0.03,discrete_top2_p0.49_sent1.6_no_trend_fee0.001,A 股,10,20,365,100,3,0.03,discrete,2,0.49,1.6,False,1.0,1.0,0.001,False,303,151,0.49834983498349833,-0.023405779937192617,0.27864357014025165,-0.30204935007744427,-0.019504891608358332,0.2268225825451804,-0.10226302532109333,-0.13878857107014486,-0.14681714522324738,1.36395989578361,-5.8363043843886777e-05,0.0008622317269512388,0.43564356435643564,0.768976897689769,0.9141914191419142
1,60,tech10_sent20_lookback365_hgb100x3_lr0.03,discrete_top2_p0.498_sent1.6_no_trend_fee0.001,A 股,10,20,365,100,3,0.03,discrete,2,0.498,1.6,False,1.0,1.0,0.001,False,303,142,0.46864686468646866,-0.025852015246154658,0.27864357014025165,-0.3044955853864063,-0.0215479418931398,0.2268225825451804,-0.09750328719520318,-0.13878857107014486,-0.1698487264183353,1.36395989578361,-6.696361173137811e-05,0.0008622317269512388,0.43234323432343236,0.7260726072607261,0.858085808580858
1,42,tech10_sent20_lookback365_hgb100x3_lr0.03,discrete_top2_p0.49_sent1.2_no_trend_fee0.001,A 股,10,20,365,100,3,0.03,discrete,2,0.49,1.2,False,1.0,1.0,0.001,False,303,147,0.48514851485148514,-0.026907479082299846,0.27864357014025165,-0.3055510492225515,-0.022429712260251367,0.2268225825451804,-0.10226302532109333,-0.13878857107014486,-0.17741568708983324,1.36395989578361,-7.032826179894408e-05,0.0008622317269512388,0.43234323432343236,0.7557755775577558,0.8910891089108911
1,72,tech10_sent20_lookback365_hgb100x3_lr0.03,discrete_top2_p0.5_sent1.6_no_trend_fee0.001,A 股,10,20,365,100,3,0.03,discrete,2,0.5,1.6,False,1.0,1.0,0.001,False,303,141,0.46534653465346537,-0.028345258552420094,0.27864357014025165,-0.30698882869267174,-0.02363114117500531,0.2268225825451804,-0.09750328719520318,-0.13878857107014486,-0.19128794050300568,1.36395989578361,-7.541913868330628e-05,0.0008622317269512388,0.43234323432343236,0.7227722772277227,0.8514851485148515
1,54,tech10_sent20_lookback365_hgb100x3_lr0.03,discrete_top2_p0.498_sent1.2_no_trend_fee0.001,A 股,10,20,365,100,3,0.03,discrete,2,0.498,1.2,False,1.0,1.0,0.001,False,303,138,0.45544554455445546,-0.02934494311255298,0.27864357014025165,-0.30798851325280463,-0.02446666811823328,0.2268225825451804,-0.09750328719520318,-0.13878857107014486,-0.20077237290963243,1.36395989578361,-7.892882968643541e-05,0.0008622317269512388,0.429042904290429,0.7128712871287128,0.834983498349835
1,66,tech10_sent20_lookback365_hgb100x3_lr0.03,discrete_top2_p0.5_sent1.2_no_trend_fee0.001,A 股,10,20,365,100,3,0.03,discrete,2,0.5,1.2,False,1.0,1.0,0.001,False,303,137,0.4521452145214521,-0.03182924658713038,0.27864357014025165,-0.31047281672738203,-0.02654365320868657,0.2268225825451804,-0.09750328719520318,-0.13878857107014486,-0.22227243713198133,1.36395989578361,-8.738435663836358e-05,0.0008622317269512388,0.429042904290429,0.7095709570957096,0.8283828382838284
1,6,tech10_sent20_lookback365_hgb100x3_lr0.03,discrete_top1_p0.49_sent1.2_no_trend_fee0.001,A 股,10,20,365,100,3,0.03,discrete,1,0.49,1.2,False,1.0,1.0,0.001,False,303,147,0.48514851485148514,-0.0332193990293399,0.27864357014025165,-0.31186296916959155,-0.02770627207724341,0.2268225825451804,-0.10061137267963649,-0.13878857107014486,-0.22672890200725695,1.36395989578361,-9.122465878602957e-05,0.0008622317269512388,0.42574257425742573,0.7854785478547854,0.48514851485148514
1,12,tech10_sent20_lookback365_hgb100x3_lr0.03,discrete_top1_p0.49_sent1.6_no_trend_fee0.001,A 股,10,20,365,100,3,0.03,discrete,1,0.49,1.6,False,1.0,1.0,0.001,False,303,151,0.49834983498349833,-0.03458859232860667,0.27864357014025165,-0.3132321624688583,-0.028851637379670447,0.2268225825451804,-0.10061137267963649,-0.13878857107014486,-0.23807796989178473,1.36395989578361,-9.586844576079982e-05,0.0008622317269512388,0.42574257425742573,0.7986798679867987,0.49834983498349833
1,18,tech10_sent20_lookback365_hgb100x3_lr0.03,discrete_top1_p0.498_sent1.2_no_trend_fee0.001,A 股,10,20,365,100,3,0.03,discrete,1,0.498,1.2,False,1.0,1.0,0.001,False,303,138,0.45544554455445546,-0.036499787662296446,0.27864357014025165,-0.3151433578025481,-0.03045085862415764,0.2268225825451804,-0.09843166899301925,-0.13878857107014486,-0.25744198565480997,1.36395989578361,-0.00010276101937183999,0.0008622317269512388,0.42244224422442245,0.7326732673267327,0.45544554455445546
1,24,tech10_sent20_lookback365_hgb100x3_lr0.03,discrete_top1_p0.498_sent1.6_no_trend_fee0.001,A 股,10,20,365,100,3,0.03,discrete,1,0.498,1.6,False,1.0,1.0,0.001,False,303,142,0.46864686468646866,-0.037864335144164984,0.27864357014025165,-0.31650790528441664,-0.03159299079434197,0.2268225825451804,-0.09843166899301925,-0.13878857107014486,-0.2688552538280948,1.36395989578361,-0.00010740480634661024,0.0008622317269512388,0.42244224422442245,0.7458745874587459,0.46864686468646866
1,30,tech10_sent20_lookback365_hgb100x3_lr0.03,discrete_top1_p0.5_sent1.2_no_trend_fee0.001,A 股,10,20,365,100,3,0.03,discrete,1,0.5,1.2,False,1.0,1.0,0.001,False,303,137,0.4521452145214521,-0.037954319675377546,0.27864357014025165,-0.3165978898156292,-0.03166831781660806,0.2268225825451804,-0.09843166899301925,-0.13878857107014486,-0.27003189672104866,1.36395989578361,-0.00010775735544221363,0.0008622317269512388,0.42244224422442245,0.7260726072607261,0.4521452145214521
1,36,tech10_sent20_lookback365_hgb100x3_lr0.03,discrete_top1_p0.5_sent1.6_no_trend_fee0.001,A 股,10,20,365,100,3,0.03,discrete,1,0.5,1.6,False,1.0,1.0,0.001,False,303,141,0.46534653465346537,-0.0393168071909169,0.27864357014025165,-0.31796037733116855,-0.032809015815743026,0.2268225825451804,-0.09843166899301925,-0.13878857107014486,-0.2814380193432593,1.36395989578361,-0.00011240114241698388,0.0008622317269512388,0.42244224422442245,0.7392739273927392,0.46534653465346537
