,Benchmark,Strategy
2024-12-02,0.007611566712484974,0.0
2024-12-03,0.0013167695863304611,0.0
2024-12-04,-0.0047887984682174105,0.0
2024-12-05,-0.001873879699063478,0.0
2024-12-06,0.012171747952619142,0.0
2024-12-09,-0.0005117361621231331,0.0016710277991498722
2024-12-10,0.007567613703032744,-0.000157263777669279
2024-12-11,-0.001868609873406868,0.0023763447915950767
2024-12-12,0.009636269853204954,-0.00021362774143717701
2024-12-13,-0.0228551731493951,0.0077291365353150555
2024-12-16,-0.006102560484986738,-0.0016447481619134706
2024-12-17,0.001535519465967583,-3.60406160879441e-05
2024-12-18,0.005263864879318514,5.55532258041882e-05
2024-12-19,0.0014657824728723928,0.0004891876031214996
2024-12-20,-0.0024743966714850796,0.0002134105051704413
2024-12-23,0.00016093957862250985,-0.0003183052648021403
2024-12-24,0.010910450566740143,0.0002046276733312963
2024-12-25,0.00012190624828191388,0.0010416330497066543
2024-12-26,0.0009709565843950135,-7.808830938086339e-05
2024-12-27,-0.0010792456015121937,3.095993744273967e-05
2024-12-30,0.004242179353221215,-0.00024817160418582083
2024-12-31,-0.016139378418051673,0.0007735740810198212
2025-01-02,-0.028791800469918666,-0.00033373115935327817
2025-01-03,-0.011441934044389784,-1.3086664819439832e-05
2025-01-06,-0.004159688070596301,0.0
2025-01-07,0.007942369594704124,-0.0010516693094419266
2025-01-08,-0.0016903272440827455,-0.00020972313136213006
2025-01-09,-0.0013314362970642257,0.0
2025-01-10,-0.01144951187652235,0.0
2025-01-13,-0.0029344942335612634,0.0
2025-01-14,0.025491045915931793,0.0
2025-01-15,-0.0058588835995841415,0.0
2025-01-16,0.00046060214925150444,0.0
2025-01-17,0.0038411334320291035,0.0
2025-01-20,0.003980938925867594,0.0
2025-01-21,0.0011967035042634577,0.0
2025-01-22,-0.009117384268218842,0.0
2025-01-23,0.001807282871996066,0.0
2025-01-24,0.008590832998144449,0.0
2025-01-27,-0.004266051162338191,0.001862617208917539
2025-02-05,-0.005052675218133462,-0.0007011088668395722
2025-02-06,0.01340845251364442,-0.00017511771906970327
2025-02-07,0.013978102786843055,0.0026691530029032875
2025-02-10,0.003111914663108728,0.0065736402425910735
2025-02-11,-0.004227441258454423,0.0003348974456933084
2025-02-12,0.009807660659117562,-0.00029943650114930536
2025-02-13,-0.0024968094509976863,0.000850680775536537
2025-02-14,0.007626950324107845,-8.495203041694903e-05
2025-02-17,0.0017803983317838112,0.000531937752651487
2025-02-18,-0.008270260852123137,6.0512416889676676e-05
2025-02-19,0.0064917396106631,-0.0009637766318421197
2025-02-20,-0.0024536964243352666,0.0011389984749091743
2025-02-21,0.014413911636886823,-0.00031127857891582284
2025-02-24,-0.0033201398295013146,0.0008797758677629008
2025-02-25,-0.009938665357501722,-0.00025784164067242925
2025-02-26,0.008230835531556402,-0.001550004153366783
2025-02-27,0.0016982169020381827,0.0016297620647079598
2025-02-28,-0.018879723607617582,2.4619297132044964e-05
2025-03-03,-0.00263330644102773,-0.0075844598837525486
2025-03-04,-0.0004912336751062146,-0.00037600086908446144
2025-03-05,0.004544622052844782,0.0
2025-03-06,0.014868446397637708,0.0
2025-03-07,-0.0021659650674315106,0.0018728586258082518
2025-03-10,-0.0035210906504992145,-0.0002013513438548128
2025-03-11,0.0023071279532619615,-0.00045034449916336557
2025-03-12,-0.0017875376969338636,0.0003984123236544808
2025-03-13,-0.00525466576842866,-0.00027955097435437
2025-03-14,0.024260103965812824,-0.00017382676987886498
2025-03-17,-0.0022510578565302086,0.003138269725873758
2025-03-18,0.0030215119239190846,-0.0018219600141048777
2025-03-19,0.0005014670635118124,1.28061976667678e-05
2025-03-20,-0.008859952990720066,6.329452309876359e-05
2025-03-21,-0.016112599673059586,-0.0012429252241163173
2025-03-24,0.004142683177166456,-0.0009218065645506242
2025-03-25,0.00027619942910028783,-4.730092271528087e-05
2025-03-26,-0.004349396942277595,-7.0268030908308345e-06
2025-03-27,0.003270562222122936,-6.953113963834769e-06
2025-03-28,-0.00449402627983847,0.00010759400520397871
2025-03-31,-0.0065822312399329425,-2.4211575675950895e-05
2025-04-01,-0.0003823069062910134,0.0
2025-04-02,-0.0008030696017946731,0.0
2025-04-03,-0.005603846302162027,0.0
2025-04-07,-0.07739905377470928,0.0
2025-04-08,0.01746322233121081,-0.007633584554669343
2025-04-09,0.011252241948405906,0.001646473788661961
2025-04-10,0.016318855948485783,0.001093555611564059
2025-04-11,0.004864231936456603,0.0015977751241027594
2025-04-14,0.002701046613737823,0.00047393465189084975
2025-04-15,-0.00018874683308291174,0.0001824388533289543
2025-04-16,0.002391370605502874,-0.00013659824352997308
2025-04-17,0.00014484223094901605,9.365798074299154e-05
2025-04-18,0.002579501871631612,1.433182747893352e-05
2025-04-21,0.0021830896542157086,1.7581474199398122e-05
2025-04-22,0.0002896203782869339,-5.7797086851957174e-05
2025-04-23,0.001417188827440824,4.1251295336124495e-05
2025-04-24,-0.0006625174781747512,-9.304796169176495e-05
2025-04-25,-0.00019979920748584845,-3.1748718458729645e-05
2025-04-28,-0.0012421621489338286,-8.235157945699604e-05
2025-04-29,-0.0015407577830942876,-0.00013198677333484907
2025-04-30,-0.00020005129441627578,-0.00018130471429932872
2025-05-06,0.011279115060569972,-8.924794981766302e-05
2025-05-07,0.0054121557751609095,0.0016552107128228147
2025-05-08,0.006184354329080821,0.0006499821659887478
2025-05-09,-0.0021042110574184397,0.0010289618139341298
2025-05-12,0.01086023387044091,-0.0003586331017328942
2025-05-13,0.0012642758915173136,0.0020984530476014004
2025-05-14,0.011384466517906783,0.0002273564465272228
2025-05-15,-0.008371435208105002,0.004977537961753311
2025-05-16,-0.005255090591212333,-0.0021087848743903525
2025-05-19,-0.0013598562097612843,-0.0013888581194568764
2025-05-20,0.005178729728612663,-0.00034144539817592215
2025-05-21,0.004066160685774783,0.0013312126719514424
2025-05-22,-0.0011389642848018272,0.0010357465075754913
2025-05-23,-0.0075411005782323876,-0.0002903823076097625
2025-05-26,-0.004726091886573927,-0.0015881401333044422
2025-05-27,-0.005307712029856679,-0.0009242342384851165
2025-05-28,-0.0015656765376158704,-0.00018778909412603875
2025-05-29,0.006823669276464245,0.0
2025-05-30,-0.002969676374829089,8.837081071151098e-05
2025-06-03,-0.0007298190919385744,-1.0473565675166483e-05
2025-06-04,0.004167822750374722,0.0
2025-06-05,0.0025016921754638793,0.0
2025-06-06,0.0008310042123499395,4.8865130964238065e-05
2025-06-09,0.0025743132202506736,1.8798816755081426e-05
2025-06-10,-0.005953024352320951,0.00010593199035180675
2025-06-11,0.00767360997910721,-7.391035976721727e-05
2025-06-12,0.000517966085814392,0.001155975321300004
2025-06-13,-0.006091271144453431,7.649841158577047e-05
2025-06-16,0.002542251556793773,-0.00045007169158865106
2025-06-17,-0.00067593906152566,0.0003772574092745716
2025-06-18,0.00014071840866125562,-0.00018741984536774768
2025-06-19,-0.007834942211532483,-3.534089247566314e-05
2025-06-20,0.0005183557584458737,-0.00017407905768540875
2025-06-23,0.0044234299515589215,0.0
2025-06-24,0.01183305915061078,0.0008214416931068725
2025-06-25,0.015154940366082642,0.010584565162167459
2025-06-26,-0.002845050908497654,0.014566578835814043
2025-06-27,-0.005428020019169311,-0.0017033239898121362
2025-06-30,0.0072518518775762375,-0.001432092673059559
2025-07-01,4.146452908901366e-05,0.003958307721947298
2025-07-02,-0.00014589170342166335,-0.00022635204026599402
2025-07-03,0.005777339411152688,-2.063907184831696e-05
2025-07-04,0.0027305536344256753,0.0013987401577516755
2025-07-07,-0.0039698464708096265,0.0006602476527217574
2025-07-08,0.008776306557280428,-0.0007835070943636984
2025-07-09,-0.0009150055032301485,0.0016881507198487382
2025-07-10,0.004825120472094269,-0.00019098293328436707
2025-07-11,0.0037884191511710352,0.0008431280993381713
2025-07-14,-0.0003001110600406448,0.0004205938182965021
2025-07-15,5.600947091916053e-05,-4.951655147029496e-05
2025-07-16,-0.002218239693767138,1.4799141042972916e-05
2025-07-17,0.008853107971420332,-0.0002663599493671226
2025-07-18,0.007119312047659143,0.0010132061155693319
2025-07-21,0.005791851229346862,0.0005467058091545112
2025-07-22,0.009542068328146774,0.002388547055477337
2025-07-23,-0.0006720350641097605,0.0075791137814322194
2025-07-24,0.007586019256921928,-0.0006901530868358648
2025-07-25,-0.00416903980121254,0.0058612011504782305
2025-07-28,0.0032497545984484233,-0.0008968115491646078
2025-07-29,0.004562334414987351,0.0001640801010007623
2025-07-30,-0.0011574952619873985,0.0002888156201789521
2025-07-31,-0.01728498792059721,-3.803759884717297e-05
2025-08-01,-0.004978719619483429,-0.007821937622161204
2025-08-04,0.0040985040726426725,-0.00045306634528379685
2025-08-05,0.007330666009066511,0.001791731995616609
2025-08-06,0.0033525333621297893,0.0009317226039655505
2025-08-07,-0.00026399051699471654,0.0004082694465199703
2025-08-08,-0.002475569844933745,-6.550029776696047e-05
2025-08-11,0.006219240796923042,-0.00045507753615160106
2025-08-12,0.003950634853296359,0.0011228496115357853
2025-08-13,0.008598082981559646,0.0007500155672876218
2025-08-14,-0.0013248661328490174,0.0014962686235306035
2025-08-15,0.009635304852657456,-0.00014478003856906377
2025-08-18,0.007978359298851462,0.001948145889980662
2025-08-19,-0.00619469778432391,0.001680920859702581
2025-08-20,0.0133460404952149,-0.0013410812936258648
2025-08-21,0.0024244972984105995,0.007993441533173117
2025-08-22,0.023567983926503527,8.480058147561419e-05
2025-08-25,0.020104116095880004,0.0214493736708786
2025-08-26,-0.0040191992519743175,0.0011649876972227035
2025-08-27,-0.014780440984871496,-0.0004032960039877555
2025-08-28,0.01815721358049721,-0.0014766616013522204
2025-08-29,0.00989986105279858,0.0018149268924395358
2025-09-01,0.004169675687859531,0.0009908229497634577
2025-09-02,-0.006312428282475455,0.00041608110600686464
2025-09-03,-0.009694747806083148,-0.0006231282571407913
2025-09-04,-0.021697845594505702,-0.0009683168925333273
2025-09-05,0.02368178531923104,-0.0021602262006572065
2025-09-08,0.001931144058470835,0.0023382702829443922
2025-09-09,-0.0059881231842325855,0.0008528590873750378
2025-09-10,0.002073592863807927,-0.005694054939773472
2025-09-11,0.025193222167393864,0.001982256680353077
2025-09-12,-0.006218480272988519,0.01815246947943318
2025-09-15,0.001523349161749274,-0.004371759154114717
2025-09-16,-0.0016507373846206264,0.0008129932186050905
2025-09-17,0.007286875838726781,-0.0010780735235245773
2025-09-18,-0.011617676149236172,0.004411578452675815
2025-09-19,0.0011145092073604757,-0.006163151477486974
2025-09-22,0.0031974774615876334,0.0007596520361589388
2025-09-23,-0.0002894000524776841,-0.00013368991491426516
2025-09-24,0.011049599461166126,-2.6236689404682068e-05
2025-09-25,0.006455257849785928,0.001072305200509957
2025-09-26,-0.008982687200291994,0.0006389360355799988
2025-09-29,0.015058140789952323,-0.0008660115217243444
2025-09-30,0.004940448313935086,0.0014839422964746368
2025-10-09,0.014670903310020134,0.0004910401312965594
2025-10-10,-0.020506548523861245,0.0014505245953263448
2025-10-13,-0.005729641872780952,-0.0020204810431038184
2025-10-14,-0.011920994648836641,-0.0005631377053224083
2025-10-15,0.014103253774731678,-0.001119011734713565
2025-10-16,0.0012209190331010367,0.001398434676209225
2025-10-17,-0.021485569113877917,0.00015474848781335475
2025-10-20,0.003943215854609633,-0.002113550809860759
2025-10-21,0.01549455923519466,0.0003699424124757379
2025-10-22,-0.0032944720116856313,0.0015230112508823482
2025-10-23,0.0036153227304102364,-0.0003043223311004319
2025-10-27,0.024738783379219337,0.00037441418154039936
2025-10-28,-0.005149230926943166,0.0024064200692218074
2025-10-29,0.011930675806049146,-0.0005203606677098925
2025-10-30,-0.007693835835780094,0.0011417334637074718
2025-10-31,-0.012280025215998136,-0.0007543871499309556
2025-11-03,0.0009243582616524915,-0.00121953482573965
2025-11-04,-0.00785491528107854,9.090442270685374e-05
2025-11-05,0.0005345383808252752,-0.0007442697029604835
2025-11-06,0.015054506884355529,4.031121362293841e-05
2025-11-07,-0.0013720834110819563,0.0014900718410963724
2025-11-10,0.0028453980020436143,-0.00013960454852109594
2025-11-11,-0.008706088313857593,0.0002968052537481721
2025-11-12,0.00020358563347878944,-0.0008590645925612635
2025-11-13,0.011118496026145619,4.8276510339556215e-05
2025-11-14,-0.01482797825527217,0.0010870213859779404
2025-11-17,-0.005806592689270709,-0.0014656541911630403
2025-11-18,-0.005908570520893899,-0.000591765836928255
2025-11-19,0.002784975172170412,-0.0005730087866201871
2025-11-20,-0.004925208895148803,0.00028981045962977195
2025-11-21,-0.024790414707551098,-0.0004813978487186185
2025-11-24,-3.641588878902646e-05,-0.0024351067819362846
2025-11-25,0.008676860764657957,-0.00018847446958770504
2025-11-26,0.005532858262083634,0.0002466799916277315
2025-11-27,-0.0013435643311930229,6.0647454224411384e-05
2025-11-28,0.003579881510231253,-4.531187783893503e-05
2025-12-01,0.011055017402061301,0.00012279041499251784
2025-12-02,-0.005385080713908683,5.174092572607127e-05
2025-12-03,-0.004252088266831655,-4.6937229940862833e-05
2025-12-04,0.0026075486550858618,-3.565302606126608e-05
2025-12-05,0.009626380335966717,3.545196315714167e-05
2025-12-08,0.007419513593500515,0.005198098228206032
2025-12-09,-0.005243621794813608,0.004452344738229819
2025-12-10,-0.0010673449574526567,-0.0032159241346180916
2025-12-11,-0.0065030821898808405,-0.0006638979571366886
2025-12-12,0.005556614519057118,-0.0036479741230235853
2025-12-15,-0.004991083449870079,0.003778043751310913
2025-12-16,-0.011231336482473778,-0.002979100288936822
2025-12-17,0.017228138576318636,-0.0019742063632732995
2025-12-18,-0.005436962716695887,0.011696349561279601
2025-12-19,0.005619629905942003,-0.000418486279458881
2025-12-22,0.009284342413942492,0.0029069620393615894
2025-12-23,0.0017625938857263601,0.005573002427725563
2025-12-24,0.004579427902688227,0.0010895337560534206
2025-12-25,0.0018120219555343986,0.002782981195476618
2025-12-26,0.005439440375016563,0.0011835314506967692
2025-12-29,-0.005030021995563516,0.0038071297678552315
2025-12-30,0.0022041580619797663,-0.0031193307381029243
2025-12-31,-0.0024514873581253094,0.001279934128213796
2026-01-05,0.019554789094467062,-0.0014841069723088842
2026-01-06,0.017239223248949748,0.010332726930824886
2026-01-07,-0.002418000842792506,0.016135958288726247
2026-01-08,-0.006047547779507043,-0.0021717008121291867
2026-01-09,0.006662053374446947,-0.0026160597426586833
2026-01-12,0.008321743635972795,0.003913759400531143
2026-01-13,-0.005527389568459731,0.005371225912426256
2026-01-14,-0.002739763370895154,-0.0026575319511845316
2026-01-15,8.078934461488996e-06,-0.0002511694269039471
2026-01-16,-0.0036656874589807292,-8.102970048184982e-05
2026-01-19,0.0013303228948977064,-3.18814363427331e-05
2026-01-20,-0.0035402834257588778,1.4377679458754673e-05
2026-01-21,0.0029295658720391304,-2.753876321442234e-05
2026-01-22,-0.0002586837796209329,3.1859482791183206e-05
2026-01-23,-0.0014132353242699708,-6.344487715215299e-06
2026-01-26,0.0015058802862137066,-0.0003517876722776035
2026-01-27,0.00012953713642185893,-4.485319244954423e-05
2026-01-28,0.004025516791608091,4.262062513174887e-06
2026-01-29,0.0076052473502880025,2.642307890740111e-05
2026-01-30,-0.013437413659828867,2.1058061806239713e-05
2026-02-02,-0.02510514857199138,-7.631683548106209e-05
2026-02-03,0.016514112638140704,-0.007667910789923756
2026-02-04,0.00809677872358941,0.0021897807617303677
2026-02-05,-0.008518370841272202,0.0013019728216243766
2026-02-06,-0.0052179528956029925,-0.0015425768985378083
2026-02-09,0.017089042055591863,-0.002380266733375095
2026-02-10,0.0013109989796652594,0.014546245354425738
2026-02-11,-0.001338301458042997,-0.0006928265236059933
2026-02-12,0.002228980937765221,-0.00015266225408049929
2026-02-13,-0.012883442740398246,0.00024700376251178926
2026-02-24,0.009891595389818554,-0.00016493813446644912
2026-02-25,0.008101193364192325,0.006995379495706379
2026-02-26,-0.0021255111290636114,0.006151582274753671
2026-02-27,-2.6590843249814828e-05,-0.0012685586779850448
2026-03-02,0.002361644052598397,-0.00035879588149994836
2026-03-03,-0.01763679334956673,0.001710865075985338
2026-03-04,-0.012086390583100447,-0.000689847486151764
2026-03-05,0.009203432392279807,-0.004620508068045805
2026-03-06,0.002330135227343069,0.003190819884780784
2026-03-09,-0.009646145434936741,-0.0003618403174349919
2026-03-10,0.01329350964313996,0.0
2026-03-11,0.00463066019403397,0.006786620888307825
2026-03-12,-0.0045589150431082975,-0.00035948044234830997
2026-03-13,-0.0048403100135758275,-0.000193556000739875
2026-03-16,-0.0018864837806881567,-0.0011965004554903133
2026-03-17,-0.008242106829545725,-0.00040752752523407214
2026-03-18,0.004260607131085596,-0.0022809478684604166
2026-03-19,-0.016393758456231883,0.0004968853015148733
2026-03-20,-0.006088180900338876,-0.00013991190742247532
2026-03-23,-0.03254468880648398,-0.002702046346264072
2026-03-24,0.011386409678035713,-0.012577375784430469
2026-03-25,0.01551930909820149,0.001782839090118359
2026-03-26,-0.012873343559536744,-0.00018519192743936887
2026-03-27,0.006564891228794186,0.0
2026-03-30,-0.0010762664081503577,0.001130075583447509
2026-03-31,-0.008356961540039287,-0.0002335585647693689
2026-04-01,0.015400497431772027,-0.0006868488011965835
2026-04-02,-0.011761954573629841,0.004368652176659587
2026-04-03,-0.008128474019420542,-0.00030288263598251446
2026-04-07,-7.055551789962126e-06,-0.0029431504064734203
2026-04-08,0.03686764029625538,-7.58258173131186e-05
2026-04-09,-0.005898038287662789,0.0244008692257964
2026-04-10,0.013389942464198902,-0.005997582760462783
2026-04-13,0.002100907587265407,0.011145205065694365
2026-04-14,0.011819296731566453,-0.0008093953579946804
2026-04-15,-0.002755881613564474,0.002661856383982637
2026-04-16,0.010699420738273149,-0.00029617013276316424
2026-04-17,-0.0017454667669764496,0.007247169142170989
2026-04-20,0.0068838812532441285,-0.0016771395476684306
2026-04-21,0.0005680521550617021,0.004682222195817952
2026-04-22,0.00782941203377959,-0.0006581012623065619
2026-04-23,-0.0034221639962668865,0.004523974077163543
2026-04-24,-0.0029703695142667685,-0.0016189305154019832
2026-04-27,0.0005861384216068188,-0.0020592089094610706
2026-04-28,-0.0036502274210975637,0.0003748600708087147
2026-04-29,0.012098081854048518,-0.0023644012527872264
2026-04-30,0.0021368399395688994,0.007432816293052237
2026-05-06,0.015874057092535754,-0.0004037937093844128
2026-05-07,0.006111194311025297,0.006593806899506208
2026-05-08,-0.0053221465559734555,0.0003034304517952057
2026-05-11,0.017114833834615675,-0.0013141478389796836
2026-05-12,-0.0017034824444111714,0.013993123494229985
2026-05-13,0.010149590673243737,-0.0009132688849353724
2026-05-14,-0.01744915909563792,0.007145647245229871
2026-05-15,-0.013251081728832702,-0.0018694895492088913
2026-05-18,-0.004887525808056872,-0.012627221919569694
2026-05-19,0.004870055797476545,-0.004245181042519141
2026-05-20,0.0014959877752587596,0.004265194862416806
2026-05-21,-0.014476477211921468,-7.007884158272712e-05
2026-05-22,0.011029075516992492,-0.004913581377715612
2026-05-25,0.015269736323770896,0.007215713152596091
2026-05-26,0.0052819787615787156,0.000985130802937488
2026-05-27,-0.010057329343167795,0.0005257299089634568
2026-05-28,-0.0005213289410322582,-0.0009977421035303976
2026-05-29,-0.0049488768995872906,-6.702529519877972e-05
2026-06-01,-0.0122069204189206,-0.0004467124147304774
2026-06-02,0.012891777661396351,-0.002643685037132933
2026-06-03,0.005548084732021705,0.005439165555556855
