index_component_type,secucode,stock_code,stock_name,close_price,change_rate,trade_date,industry,region,weight,eps,roe,free_cap,pe,source,family_id,display_name,index_code,rank_in_family,rank_basis
7,601869.SH,601869,长飞光纤,444.99,8.868718500758,2026-06-03 00:00:00,通信设备,武汉市,,0.6,3.53,1808.16,186.02,eastmoney_datacenter:RPT_INDEX_TS_COMPONENT,CSI_1000,中证1000,000852,1,free_cap
7,603256.SH,603256,宏和科技,197.37,-0.719315895372,2026-06-03 00:00:00,玻璃玻纤,上海市,,0.16,8.15,1736.32,318.29,eastmoney_datacenter:RPT_INDEX_TS_COMPONENT,CSI_1000,中证1000,000852,2,free_cap
7,300620.SZ,300620,光库科技,337.06,5.324667208299,2026-06-03 00:00:00,通信设备,珠海市,,0.1795,2.05,832.89,469.35,eastmoney_datacenter:RPT_INDEX_TS_COMPONENT,CSI_1000,中证1000,000852,3,free_cap
7,300475.SZ,300475,香农芯创,177.03,1.084908353794,2026-06-03 00:00:00,其他电子Ⅱ,宣城市,,2.86,31.53,796.7,15.66,eastmoney_datacenter:RPT_INDEX_TS_COMPONENT,CSI_1000,中证1000,000852,4,free_cap
7,688313.SH,688313,仕佳光子,168.86,9.294498381877,2026-06-03 00:00:00,通信设备,鹤壁市,,0.257,7.24,763.22,164.24,eastmoney_datacenter:RPT_INDEX_TS_COMPONENT,CSI_1000,中证1000,000852,5,free_cap
7,601126.SH,601126,四方股份,76.5,-0.2087138012,2026-06-03 00:00:00,电网设备,北京市,,0.33,5.38,631.19,58.87,eastmoney_datacenter:RPT_INDEX_TS_COMPONENT,CSI_1000,中证1000,000852,6,free_cap
7,002428.SZ,002428,云南锗业,88.99,3.03346069237,2026-06-03 00:00:00,小金属,临沧市,,0.014,0.62,581.14,1595.49,eastmoney_datacenter:RPT_INDEX_TS_COMPONENT,CSI_1000,中证1000,000852,7,free_cap
7,601208.SH,601208,东材科技,56.49,10.009737098345,2026-06-03 00:00:00,塑料,绵阳市,,0.18,3.06,570.65,76.36,eastmoney_datacenter:RPT_INDEX_TS_COMPONENT,CSI_1000,中证1000,000852,8,free_cap
7,603083.SH,603083,剑桥科技,202.6,6.715828285489,2026-06-03 00:00:00,通信设备,上海市,,0.34,1.58,558.34,150.95,eastmoney_datacenter:RPT_INDEX_TS_COMPONENT,CSI_1000,中证1000,000852,9,free_cap
7,688519.SH,688519,南亚新材,228.7,-4.277582454378,2026-06-03 00:00:00,元件,上海市,,0.66,5.08,537.86,89.56,eastmoney_datacenter:RPT_INDEX_TS_COMPONENT,CSI_1000,中证1000,000852,10,free_cap
7,601777.SH,601777,千里科技,10.72,-0.740740740741,2026-06-03 00:00:00,摩托车及其他,重庆市,,0.0107,0.47,484.66,250.5,eastmoney_datacenter:RPT_INDEX_TS_COMPONENT,CSI_1000,中证1000,000852,11,free_cap
7,301511.SZ,301511,德福科技,124.53,-1.960321209258,2026-06-03 00:00:00,电池,九江市,,0.2338,3.54,466.53,133.29,eastmoney_datacenter:RPT_INDEX_TS_COMPONENT,CSI_1000,中证1000,000852,12,free_cap
7,002222.SZ,002222,福晶科技,99.0,5.712760277629,2026-06-03 00:00:00,光学光电子,福州市,,0.1387,3.63,463.47,178.4,eastmoney_datacenter:RPT_INDEX_TS_COMPONENT,CSI_1000,中证1000,000852,13,free_cap
7,688409.SH,688409,富创精密,143.36,2.4,2026-06-03 00:00:00,半导体,沈阳市,,0.19,1.29,438.98,189.4,eastmoney_datacenter:RPT_INDEX_TS_COMPONENT,CSI_1000,中证1000,000852,14,free_cap
7,603308.SH,603308,应流股份,63.87,2.388586085284,2026-06-03 00:00:00,通用设备,合肥市,,0.18,2.35,433.71,90.23,eastmoney_datacenter:RPT_INDEX_TS_COMPONENT,CSI_1000,中证1000,000852,15,free_cap
7,300870.SZ,300870,欧陆通,271.0,-0.224586723611,2026-06-03 00:00:00,其他电源设备Ⅱ,深圳市,,-0.12,-0.47,413.62,-824.6,eastmoney_datacenter:RPT_INDEX_TS_COMPONENT,CSI_1000,中证1000,000852,16,free_cap
7,688433.SH,688433,华曙高科,97.0,1.263179872638,2026-06-03 00:00:00,通用设备,长沙市,,-0.0088,-0.18,403.11,-2765.92,eastmoney_datacenter:RPT_INDEX_TS_COMPONENT,CSI_1000,中证1000,000852,17,free_cap
7,002015.SZ,002015,协鑫能科,24.37,4.592274678112,2026-06-03 00:00:00,电力,无锡市,,0.182,2.41,395.6,34.36,eastmoney_datacenter:RPT_INDEX_TS_COMPONENT,CSI_1000,中证1000,000852,18,free_cap
7,688205.SH,688205,德科立,241.0,3.615804634765,2026-06-03 00:00:00,通信设备,无锡市,,0.12,0.84,383.76,488.52,eastmoney_datacenter:RPT_INDEX_TS_COMPONENT,CSI_1000,中证1000,000852,19,free_cap
7,002378.SZ,002378,章源钨业,30.84,4.648795385137,2026-06-03 00:00:00,小金属,赣州市,,0.32,15.08,368.58,24.29,eastmoney_datacenter:RPT_INDEX_TS_COMPONENT,CSI_1000,中证1000,000852,20,free_cap
7,603306.SH,603306,华懋科技,106.98,5.078086631961,2026-06-03 00:00:00,汽车零部件,厦门市,,0.035,0.34,352.49,753.43,eastmoney_datacenter:RPT_INDEX_TS_COMPONENT,CSI_1000,中证1000,000852,21,free_cap
7,688127.SH,688127,蓝特光学,84.71,3.103700097371,2026-06-03 00:00:00,光学光电子,嘉兴市,,0.32,5.74,343.84,66.35,eastmoney_datacenter:RPT_INDEX_TS_COMPONENT,CSI_1000,中证1000,000852,22,free_cap
7,300438.SZ,300438,鹏辉能源,81.56,-1.485686677135,2026-06-03 00:00:00,电池,广州市,,0.6426,5.69,329.64,31.73,eastmoney_datacenter:RPT_INDEX_TS_COMPONENT,CSI_1000,中证1000,000852,23,free_cap
7,002456.SZ,002456,欧菲光,9.82,3.151260504202,2026-06-03 00:00:00,光学光电子,深圳市,,-0.0742,-6.37,325.79,-33.32,eastmoney_datacenter:RPT_INDEX_TS_COMPONENT,CSI_1000,中证1000,000852,24,free_cap
7,002245.SZ,002245,蔚蓝锂芯,19.93,-3.111327175498,2026-06-03 00:00:00,电池,苏州市,,0.1697,2.53,320.2,43.46,eastmoney_datacenter:RPT_INDEX_TS_COMPONENT,CSI_1000,中证1000,000852,25,free_cap
7,600667.SH,600667,太极实业,14.87,-0.468540829987,2026-06-03 00:00:00,工程咨询服务Ⅱ,无锡市,,0.06,1.49,311.01,60.22,eastmoney_datacenter:RPT_INDEX_TS_COMPONENT,CSI_1000,中证1000,000852,26,free_cap
7,000811.SZ,000811,冰轮环境,31.76,2.418574653338,2026-06-03 00:00:00,通用设备,烟台市,,0.12,1.81,310.74,67.23,eastmoney_datacenter:RPT_INDEX_TS_COMPONENT,CSI_1000,中证1000,000852,27,free_cap
7,301526.SZ,301526,国际复材,22.01,-5.04745470233,2026-06-03 00:00:00,玻璃玻纤,重庆市,,0.0717,3.22,309.11,76.8,eastmoney_datacenter:RPT_INDEX_TS_COMPONENT,CSI_1000,中证1000,000852,28,free_cap
7,600595.SH,600595,中孚实业,7.55,0.0,2026-06-03 00:00:00,工业金属,郑州市,,0.2,4.69,302.6,9.21,eastmoney_datacenter:RPT_INDEX_TS_COMPONENT,CSI_1000,中证1000,000852,29,free_cap
7,002046.SZ,002046,国机精工,56.98,10.0,2026-06-03 00:00:00,通用设备,洛阳市,,-0.017,-0.21,302.1,-841.12,eastmoney_datacenter:RPT_INDEX_TS_COMPONENT,CSI_1000,中证1000,000852,30,free_cap
13,688195.SH,688195,腾景科技,246.0,6.11681477008,2026-06-03 00:00:00,光学光电子,福州市,,0.11,1.45,445.48,771.6,eastmoney_datacenter:RPT_INDEX_TS_COMPONENT,CSI_2000,中证2000,932000,1,free_cap
13,688668.SH,688668,鼎通科技,302.0,4.231379857804,2026-06-03 00:00:00,通信设备,东莞市,,0.58,3.88,420.6,130.9,eastmoney_datacenter:RPT_INDEX_TS_COMPONENT,CSI_2000,中证2000,932000,2,free_cap
13,300903.SZ,300903,科翔股份,69.97,5.44002411091,2026-06-03 00:00:00,元件,惠州市,,-0.1233,-3.31,231.38,-146.46,eastmoney_datacenter:RPT_INDEX_TS_COMPONENT,CSI_2000,中证2000,932000,3,free_cap
13,688268.SH,688268,华特气体,176.27,20.001361563074,2026-06-03 00:00:00,电子化学品Ⅱ,佛山市,,0.28,1.67,220.37,162.73,eastmoney_datacenter:RPT_INDEX_TS_COMPONENT,CSI_2000,中证2000,932000,4,free_cap
13,688531.SH,688531,日联科技,185.26,2.716788644932,2026-06-03 00:00:00,专用设备,无锡市,,0.27,1.3,212.64,173.7,eastmoney_datacenter:RPT_INDEX_TS_COMPONENT,CSI_2000,中证2000,932000,5,free_cap
13,300975.SZ,300975,商络电子,42.69,-1.658604008293,2026-06-03 00:00:00,元件,南京市,,0.3755,10.1,210.07,28.57,eastmoney_datacenter:RPT_INDEX_TS_COMPONENT,CSI_2000,中证2000,932000,6,free_cap
13,603950.SH,603950,长源东谷,63.68,-4.855819512924,2026-06-03 00:00:00,汽车零部件,襄阳市,,0.26,2.71,206.07,62.29,eastmoney_datacenter:RPT_INDEX_TS_COMPONENT,CSI_2000,中证2000,932000,7,free_cap
13,301128.SZ,301128,强瑞技术,136.7,-2.398971869199,2026-06-03 00:00:00,专用设备,深圳市,,0.142,1.59,197.97,336.84,eastmoney_datacenter:RPT_INDEX_TS_COMPONENT,CSI_2000,中证2000,932000,8,free_cap
13,603002.SH,603002,宏昌电子,17.31,-5.82154515778,2026-06-03 00:00:00,电子化学品Ⅱ,广州市,,0.0004,0.01,196.31,10474.69,eastmoney_datacenter:RPT_INDEX_TS_COMPONENT,CSI_2000,中证2000,932000,9,free_cap
13,300489.SZ,300489,光智科技,135.5,-1.203062340503,2026-06-03 00:00:00,光学光电子,衢州市,,0.1117,2.34,187.87,306.44,eastmoney_datacenter:RPT_INDEX_TS_COMPONENT,CSI_2000,中证2000,932000,10,free_cap
13,603738.SH,603738,泰晶科技,45.8,4.949587534372,2026-06-03 00:00:00,元件,随州市,,0.06,1.28,176.74,191.73,eastmoney_datacenter:RPT_INDEX_TS_COMPONENT,CSI_2000,中证2000,932000,11,free_cap
13,688028.SH,688028,沃尔德,115.18,-0.483843096596,2026-06-03 00:00:00,通用设备,北京市,,0.1878,1.42,173.86,153.33,eastmoney_datacenter:RPT_INDEX_TS_COMPONENT,CSI_2000,中证2000,932000,12,free_cap
13,603800.SH,603800,洪田股份,75.87,6.874207634878,2026-06-03 00:00:00,专用设备,苏州市,,-0.08,-2.0,157.81,-246.26,eastmoney_datacenter:RPT_INDEX_TS_COMPONENT,CSI_2000,中证2000,932000,13,free_cap
13,000592.SZ,000592,平潭发展,8.22,-1.792114695341,2026-06-03 00:00:00,林业Ⅱ,福州市,,-0.001,-0.1,157.42,-2195.57,eastmoney_datacenter:RPT_INDEX_TS_COMPONENT,CSI_2000,中证2000,932000,14,free_cap
13,002565.SZ,002565,顺灏股份,14.62,1.668984700974,2026-06-03 00:00:00,包装印刷,上海市,,0.0189,1.1,154.97,193.87,eastmoney_datacenter:RPT_INDEX_TS_COMPONENT,CSI_2000,中证2000,932000,15,free_cap
13,000534.SZ,000534,万泽股份,30.84,-1.752150366359,2026-06-03 00:00:00,生物制品,汕头市,,0.1534,4.7,154.48,50.71,eastmoney_datacenter:RPT_INDEX_TS_COMPONENT,CSI_2000,中证2000,932000,16,free_cap
13,605389.SH,605389,长龄液压,83.51,2.315608919383,2026-06-03 00:00:00,工程机械,无锡市,,0.26,1.78,147.94,103.75,eastmoney_datacenter:RPT_INDEX_TS_COMPONENT,CSI_2000,中证2000,932000,17,free_cap
13,003036.SZ,003036,泰坦股份,68.05,0.368731563422,2026-06-03 00:00:00,专用设备,绍兴市,,0.09,1.38,147.18,179.4,eastmoney_datacenter:RPT_INDEX_TS_COMPONENT,CSI_2000,中证2000,932000,18,free_cap
13,601133.SH,601133,柏诚股份,27.46,4.015151515152,2026-06-03 00:00:00,专业工程,无锡市,,0.06,1.03,144.0,116.63,eastmoney_datacenter:RPT_INDEX_TS_COMPONENT,CSI_2000,中证2000,932000,19,free_cap
13,000973.SZ,000973,佛塑科技,14.55,-0.205761316872,2026-06-03 00:00:00,塑料,佛山市,,0.38,10.94,140.76,16.07,eastmoney_datacenter:RPT_INDEX_TS_COMPONENT,CSI_2000,中证2000,932000,20,free_cap
13,600397.SH,600397,江钨装备,14.07,2.775748721695,2026-06-03 00:00:00,专用设备,萍乡市,,0.0013,0.69,139.29,2612.15,eastmoney_datacenter:RPT_INDEX_TS_COMPONENT,CSI_2000,中证2000,932000,21,free_cap
13,002348.SZ,002348,高乐股份,15.29,2.548625083836,2026-06-03 00:00:00,文娱用品,揭阳市,,-0.0148,-3.46,138.15,-258.46,eastmoney_datacenter:RPT_INDEX_TS_COMPONENT,CSI_2000,中证2000,932000,22,free_cap
13,603936.SH,603936,博敏电子,21.71,-1.897876186173,2026-06-03 00:00:00,元件,梅州市,,-0.02,-0.25,136.86,-322.69,eastmoney_datacenter:RPT_INDEX_TS_COMPONENT,CSI_2000,中证2000,932000,23,free_cap
13,300328.SZ,300328,宜安科技,19.64,-1.947079380929,2026-06-03 00:00:00,工业金属,东莞市,,-0.0278,-1.85,134.94,-176.76,eastmoney_datacenter:RPT_INDEX_TS_COMPONENT,CSI_2000,中证2000,932000,24,free_cap
13,300436.SZ,300436,广生堂,97.94,1.629137698454,2026-06-03 00:00:00,化学制药,宁德市,,-0.1628,-9.8,133.91,-150.42,eastmoney_datacenter:RPT_INDEX_TS_COMPONENT,CSI_2000,中证2000,932000,25,free_cap
13,300720.SZ,300720,海川智能,72.4,8.059701492537,2026-06-03 00:00:00,通用设备,佛山市,,0.04,1.21,133.32,498.41,eastmoney_datacenter:RPT_INDEX_TS_COMPONENT,CSI_2000,中证2000,932000,26,free_cap
13,300304.SZ,300304,云意电气,14.76,0.20366598778,2026-06-03 00:00:00,汽车零部件,徐州市,,0.08,2.04,126.13,46.07,eastmoney_datacenter:RPT_INDEX_TS_COMPONENT,CSI_2000,中证2000,932000,27,free_cap
13,300322.SZ,300322,硕贝德,28.09,-1.886133426476,2026-06-03 00:00:00,消费电子,惠州市,,0.02,1.03,123.72,309.79,eastmoney_datacenter:RPT_INDEX_TS_COMPONENT,CSI_2000,中证2000,932000,28,free_cap
13,002169.SZ,002169,智光电气,16.13,2.804333970682,2026-06-03 00:00:00,电网设备,广州市,,0.0294,0.81,122.37,138.46,eastmoney_datacenter:RPT_INDEX_TS_COMPONENT,CSI_2000,中证2000,932000,29,free_cap
13,688079.SH,688079,美迪凯,30.2,12.855007473842,2026-06-03 00:00:00,光学光电子,杭州市,,-0.1,-3.29,122.12,-74.89,eastmoney_datacenter:RPT_INDEX_TS_COMPONENT,CSI_2000,中证2000,932000,30,free_cap
1,300308.SZ,300308,中际旭创,1275.0,6.980139451758,2026-06-03 00:00:00,通信设备,烟台市,4.94,5.18,17.54,14147.6,61.97,eastmoney_datacenter:RPT_INDEX_TS_COMPONENT,CSI_300,沪深300,000300,1,weight
1,300750.SZ,300750,宁德时代,426.42,-1.721634515661,2026-06-03 00:00:00,电池,宁德市,4.28,4.58,5.98,18152.75,23.78,eastmoney_datacenter:RPT_INDEX_TS_COMPONENT,CSI_300,沪深300,000300,2,weight
1,600519.SH,600519,贵州茅台,1281.91,-1.936169887242,2026-06-03 00:00:00,白酒Ⅱ,遵义市,3.05,21.76,10.57,16024.92,14.71,eastmoney_datacenter:RPT_INDEX_TS_COMPONENT,CSI_300,沪深300,000300,3,weight
1,300502.SZ,300502,新易盛,782.25,4.718875502008,2026-06-03 00:00:00,通信设备,成都市,2.77,2.8,14.52,6940.75,70.05,eastmoney_datacenter:RPT_INDEX_TS_COMPONENT,CSI_300,沪深300,000300,4,weight
1,601318.SH,601318,中国平安,53.7,-0.702662721893,2026-06-03 00:00:00,保险Ⅱ,深圳市,2.15,1.43,2.5,5724.45,9.72,eastmoney_datacenter:RPT_INDEX_TS_COMPONENT,CSI_300,沪深300,000300,5,weight
1,601899.SH,601899,紫金矿业,31.27,-0.981633945535,2026-06-03 00:00:00,工业金属,龙岩市,1.94,0.755,10.35,6442.18,10.35,eastmoney_datacenter:RPT_INDEX_TS_COMPONENT,CSI_300,沪深300,000300,6,weight
1,600036.SH,600036,招商银行,38.5,-0.773195876289,2026-06-03 00:00:00,银行Ⅱ,深圳市,1.79,1.49,3.37,7942.14,6.41,eastmoney_datacenter:RPT_INDEX_TS_COMPONENT,CSI_300,沪深300,000300,7,weight
1,688256.SH,688256,寒武纪,1378.1,6.007692307692,2026-06-03 00:00:00,半导体,北京市,1.52,2.4,8.2,8658.51,213.64,eastmoney_datacenter:RPT_INDEX_TS_COMPONENT,CSI_300,沪深300,000300,8,weight
1,000333.SZ,000333,美的集团,82.61,0.01210653753,2026-06-03 00:00:00,白色家电,佛山市,1.52,1.69,5.56,5668.42,12.4,eastmoney_datacenter:RPT_INDEX_TS_COMPONENT,CSI_300,沪深300,000300,9,weight
1,002475.SZ,002475,立讯精密,74.8,1.081081081081,2026-06-03 00:00:00,消费电子,深圳市,1.41,0.5,4.2,5437.42,37.23,eastmoney_datacenter:RPT_INDEX_TS_COMPONENT,CSI_300,沪深300,000300,10,weight
1,600900.SH,600900,长江电力,27.89,-0.250357653791,2026-06-03 00:00:00,电力,北京市,1.27,0.2763,3.01,6824.19,25.23,eastmoney_datacenter:RPT_INDEX_TS_COMPONENT,CSI_300,沪深300,000300,11,weight
1,601138.SH,601138,工业富联,81.05,1.29983752031,2026-06-03 00:00:00,消费电子,深圳市,1.18,0.53,6.18,16083.64,37.95,eastmoney_datacenter:RPT_INDEX_TS_COMPONENT,CSI_300,沪深300,000300,12,weight
1,603986.SH,603986,兆易创新,492.23,3.695043080747,2026-06-03 00:00:00,半导体,北京市,1.18,2.19,6.12,3287.33,59.04,eastmoney_datacenter:RPT_INDEX_TS_COMPONENT,CSI_300,沪深300,000300,13,weight
1,601166.SH,601166,兴业银行,18.49,-0.644814615798,2026-06-03 00:00:00,银行Ⅱ,福州市,1.17,1.13,2.89,3913.01,4.1,eastmoney_datacenter:RPT_INDEX_TS_COMPONENT,CSI_300,沪深300,000300,14,weight
1,002384.SZ,002384,东山精密,223.99,6.191627554165,2026-06-03 00:00:00,元件,苏州市,1.01,0.61,5.05,3105.22,92.41,eastmoney_datacenter:RPT_INDEX_TS_COMPONENT,CSI_300,沪深300,000300,15,weight
1,688008.SH,688008,澜起科技,253.9,7.130801687764,2026-06-03 00:00:00,半导体,上海市,1.01,0.73,5.39,2910.78,91.55,eastmoney_datacenter:RPT_INDEX_TS_COMPONENT,CSI_300,沪深300,000300,16,weight
1,688981.SH,688981,中芯国际,134.0,1.147342995169,2026-06-03 00:00:00,半导体,境外,0.99,0.17,0.9,2679.41,197.22,eastmoney_datacenter:RPT_INDEX_TS_COMPONENT,CSI_300,沪深300,000300,17,weight
1,688041.SH,688041,海光信息,285.94,0.864228015098,2026-06-03 00:00:00,半导体,天津市,0.98,0.3,2.99,6646.21,241.82,eastmoney_datacenter:RPT_INDEX_TS_COMPONENT,CSI_300,沪深300,000300,18,weight
1,002594.SZ,002594,比亚迪,94.82,-2.004960727573,2026-06-03 00:00:00,乘用车,深圳市,0.98,0.448,1.65,3306.01,52.91,eastmoney_datacenter:RPT_INDEX_TS_COMPONENT,CSI_300,沪深300,000300,19,weight
1,002371.SZ,002371,北方华创,614.84,1.997345719973,2026-06-03 00:00:00,半导体,北京市,0.97,2.2556,4.25,4453.0,68.15,eastmoney_datacenter:RPT_INDEX_TS_COMPONENT,CSI_300,沪深300,000300,20,weight
1,600030.SH,600030,中信证券,25.6,0.078186082877,2026-06-03 00:00:00,证券Ⅱ,深圳市,0.93,0.67,3.46,3117.2,9.28,eastmoney_datacenter:RPT_INDEX_TS_COMPONENT,CSI_300,沪深300,000300,21,weight
1,300274.SZ,300274,阳光电源,170.8,-1.100173711639,2026-06-03 00:00:00,光伏设备,合肥市,0.93,1.12,4.81,2711.5,38.64,eastmoney_datacenter:RPT_INDEX_TS_COMPONENT,CSI_300,沪深300,000300,22,weight
1,603259.SH,603259,药明康德,98.85,-0.902255639098,2026-06-03 00:00:00,医疗服务,无锡市,0.92,1.59,5.68,2444.84,15.85,eastmoney_datacenter:RPT_INDEX_TS_COMPONENT,CSI_300,沪深300,000300,23,weight
1,601398.SH,601398,工商银行,7.28,-0.817438692098,2026-06-03 00:00:00,银行Ⅱ,北京市,0.89,0.24,2.21,19627.77,7.46,eastmoney_datacenter:RPT_INDEX_TS_COMPONENT,CSI_300,沪深300,000300,24,weight
1,300059.SZ,300059,东方财富,18.91,0.0,2026-06-03 00:00:00,证券Ⅱ,上海市,0.89,0.2365,3.99,2525.11,20.01,eastmoney_datacenter:RPT_INDEX_TS_COMPONENT,CSI_300,沪深300,000300,25,weight
1,600276.SH,600276,恒瑞医药,47.2,-2.479338842975,2026-06-03 00:00:00,化学制药,连云港市,0.81,0.34,4.15,3010.89,34.32,eastmoney_datacenter:RPT_INDEX_TS_COMPONENT,CSI_300,沪深300,000300,26,weight
1,300394.SZ,300394,天孚通信,497.38,8.835886214442,2026-06-03 00:00:00,通信设备,苏州市,0.79,0.6331,8.57,3867.61,196.83,eastmoney_datacenter:RPT_INDEX_TS_COMPONENT,CSI_300,沪深300,000300,27,weight
1,300476.SZ,300476,胜宏科技,353.44,1.248997364501,2026-06-03 00:00:00,元件,惠州市,0.79,1.48,7.62,3057.95,67.4,eastmoney_datacenter:RPT_INDEX_TS_COMPONENT,CSI_300,沪深300,000300,28,weight
1,000725.SZ,000725,京东方A,5.59,2.193784277879,2026-06-03 00:00:00,光学光电子,北京市,0.75,0.05,1.26,2031.5,30.32,eastmoney_datacenter:RPT_INDEX_TS_COMPONENT,CSI_300,沪深300,000300,29,weight
1,601288.SH,601288,农业银行,6.36,-1.395348837209,2026-06-03 00:00:00,银行Ⅱ,北京市,0.69,0.2,2.65,20303.93,7.4,eastmoney_datacenter:RPT_INDEX_TS_COMPONENT,CSI_300,沪深300,000300,30,weight
3,600487.SH,600487,亨通光电,91.43,9.997593840231,2026-06-03 00:00:00,通信设备,苏州市,1.56,0.4563,3.44,2235.63,51.0,eastmoney_datacenter:RPT_INDEX_TS_COMPONENT,CSI_500,中证500,000905,1,weight
3,002008.SZ,002008,大族激光,130.6,2.834645669291,2026-06-03 00:00:00,自动化设备,深圳市,1.0,0.34,1.87,1249.49,94.94,eastmoney_datacenter:RPT_INDEX_TS_COMPONENT,CSI_500,中证500,000905,2,weight
3,002281.SZ,002281,光迅科技,224.0,4.132769280833,2026-06-03 00:00:00,通信设备,武汉市,0.99,0.3,2.35,1747.11,188.28,eastmoney_datacenter:RPT_INDEX_TS_COMPONENT,CSI_500,中证500,000905,3,weight
3,688525.SH,688525,佰维存储,314.0,3.493737640079,2026-06-03 00:00:00,半导体,深圳市,0.94,6.21,41.98,1480.72,12.77,eastmoney_datacenter:RPT_INDEX_TS_COMPONENT,CSI_500,中证500,000905,4,weight
3,300604.SZ,300604,长川科技,214.25,3.193333975532,2026-06-03 00:00:00,半导体,杭州市,0.88,0.5571,7.17,1048.69,96.39,eastmoney_datacenter:RPT_INDEX_TS_COMPONENT,CSI_500,中证500,000905,5,weight
3,688347.SH,688347,华虹公司,233.24,2.975717439294,2026-06-03 00:00:00,半导体,香港特别行政区,0.88,0.08,0.31,951.04,725.99,eastmoney_datacenter:RPT_INDEX_TS_COMPONENT,CSI_500,中证500,000905,6,weight
3,002353.SZ,002353,杰瑞股份,143.04,-3.41008845972,2026-06-03 00:00:00,专用设备,烟台市,0.87,0.58,2.52,988.46,62.24,eastmoney_datacenter:RPT_INDEX_TS_COMPONENT,CSI_500,中证500,000905,7,weight
3,300136.SZ,300136,信维通信,95.6,3.946939219311,2026-06-03 00:00:00,消费电子,深圳市,0.85,0.1101,1.31,788.89,220.47,eastmoney_datacenter:RPT_INDEX_TS_COMPONENT,CSI_500,中证500,000905,8,weight
3,301308.SZ,301308,江波龙,532.51,2.504331087584,2026-06-03 00:00:00,半导体,深圳市,0.83,9.21,39.4,1500.89,14.58,eastmoney_datacenter:RPT_INDEX_TS_COMPONENT,CSI_500,中证500,000905,9,weight
3,300857.SZ,300857,协创数据,240.0,1.897847407974,2026-06-03 00:00:00,消费电子,深圳市,0.76,2.17,15.66,1168.46,39.13,eastmoney_datacenter:RPT_INDEX_TS_COMPONENT,CSI_500,中证500,000905,10,weight
3,002156.SZ,002156,通富微电,70.22,9.99373433584,2026-06-03 00:00:00,半导体,南通市,0.74,0.2168,2.1,1065.55,80.96,eastmoney_datacenter:RPT_INDEX_TS_COMPONENT,CSI_500,中证500,000905,11,weight
3,002436.SZ,002436,兴森科技,39.82,-5.684509711037,2026-06-03 00:00:00,元件,深圳市,0.68,0.01,0.35,604.44,902.67,eastmoney_datacenter:RPT_INDEX_TS_COMPONENT,CSI_500,中证500,000905,12,weight
3,300757.SZ,300757,罗博特科,687.65,5.696367912203,2026-06-03 00:00:00,自动化设备,苏州市,0.62,-0.23,-2.35,1117.89,-742.28,eastmoney_datacenter:RPT_INDEX_TS_COMPONENT,CSI_500,中证500,000905,13,weight
3,600549.SH,600549,厦门钨业,60.01,7.525533058592,2026-06-03 00:00:00,小金属,厦门市,0.59,0.6972,6.24,932.51,21.52,eastmoney_datacenter:RPT_INDEX_TS_COMPONENT,CSI_500,中证500,000905,14,weight
3,000657.SZ,000657,中钨高新,71.71,7.818373176966,2026-06-03 00:00:00,小金属,海口市,0.58,0.4,9.03,1041.89,44.35,eastmoney_datacenter:RPT_INDEX_TS_COMPONENT,CSI_500,中证500,000905,15,weight
3,688120.SH,688120,华海清科,247.86,1.266546821376,2026-06-03 00:00:00,半导体,天津市,0.58,0.7,3.26,876.56,88.61,eastmoney_datacenter:RPT_INDEX_TS_COMPONENT,CSI_500,中证500,000905,16,weight
3,000426.SZ,000426,兴业银锡,42.08,-2.071212473819,2026-06-03 00:00:00,贵金属,赤峰市,0.58,0.7533,13.17,747.01,13.96,eastmoney_datacenter:RPT_INDEX_TS_COMPONENT,CSI_500,中证500,000905,17,weight
3,300058.SZ,300058,蓝色光标,16.55,-3.159742539497,2026-06-03 00:00:00,广告营销,北京市,0.58,0.035,1.59,575.6,117.79,eastmoney_datacenter:RPT_INDEX_TS_COMPONENT,CSI_500,中证500,000905,18,weight
3,688777.SH,688777,中控技术,92.35,-1.849293229886,2026-06-03 00:00:00,自动化设备,杭州市,0.57,0.1,0.75,726.98,244.59,eastmoney_datacenter:RPT_INDEX_TS_COMPONENT,CSI_500,中证500,000905,19,weight
3,002851.SZ,002851,麦格米特,157.98,6.779317336938,2026-06-03 00:00:00,其他电源设备Ⅱ,深圳市,0.57,0.2019,1.43,723.69,200.29,eastmoney_datacenter:RPT_INDEX_TS_COMPONENT,CSI_500,中证500,000905,20,weight
3,002202.SZ,002202,金风科技,23.61,1.592082616179,2026-06-03 00:00:00,风电设备,乌鲁木齐市,0.54,0.2091,2.23,794.12,27.48,eastmoney_datacenter:RPT_INDEX_TS_COMPONENT,CSI_500,中证500,000905,21,weight
3,600988.SH,600988,赤峰黄金,33.45,-2.049780380673,2026-06-03 00:00:00,贵金属,赤峰市,0.54,0.52,7.13,556.58,16.08,eastmoney_datacenter:RPT_INDEX_TS_COMPONENT,CSI_500,中证500,000905,22,weight
3,601168.SH,601168,西部矿业,32.75,-0.63713592233,2026-06-03 00:00:00,工业金属,西宁市,0.52,0.67,8.26,780.43,12.3,eastmoney_datacenter:RPT_INDEX_TS_COMPONENT,CSI_500,中证500,000905,23,weight
3,600673.SH,600673,东阳光,34.79,-2.330151600225,2026-06-03 00:00:00,综合Ⅱ,韶关市,0.51,0.04,1.24,1044.24,219.45,eastmoney_datacenter:RPT_INDEX_TS_COMPONENT,CSI_500,中证500,000905,24,weight
3,300450.SZ,300450,先导智能,47.7,-1.016808466487,2026-06-03 00:00:00,电池,无锡市,0.5,0.26,3.03,743.84,49.25,eastmoney_datacenter:RPT_INDEX_TS_COMPONENT,CSI_500,中证500,000905,25,weight
3,002837.SZ,002837,英维克,68.32,1.229811823974,2026-06-03 00:00:00,专用设备,深圳市,0.49,0.01,0.25,772.33,2514.08,eastmoney_datacenter:RPT_INDEX_TS_COMPONENT,CSI_500,中证500,000905,26,weight
3,600879.SH,600879,航天电子,19.98,3.042805569881,2026-06-03 00:00:00,航天装备Ⅱ,武汉市,0.49,0.009,0.15,659.2,526.89,eastmoney_datacenter:RPT_INDEX_TS_COMPONENT,CSI_500,中证500,000905,27,weight
3,300054.SZ,300054,鼎龙股份,70.4,4.389086595492,2026-06-03 00:00:00,电子化学品Ⅱ,武汉市,0.49,0.26,4.71,519.66,66.49,eastmoney_datacenter:RPT_INDEX_TS_COMPONENT,CSI_500,中证500,000905,28,weight
3,002273.SZ,002273,水晶光电,36.85,-0.593471810089,2026-06-03 00:00:00,光学光电子,台州市,0.49,0.18,2.49,501.93,51.94,eastmoney_datacenter:RPT_INDEX_TS_COMPONENT,CSI_500,中证500,000905,29,weight
3,300395.SZ,300395,菲利华,118.99,-0.426778242678,2026-06-03 00:00:00,航空装备Ⅱ,荆州市,0.48,0.2761,3.06,609.88,108.82,eastmoney_datacenter:RPT_INDEX_TS_COMPONENT,CSI_500,中证500,000905,30,weight
1,300308.SZ,300308,中际旭创,1275.0,6.980139451758,2026-06-03 00:00:00,通信设备,烟台市,4.94,5.18,17.54,14147.6,61.97,eastmoney_datacenter:RPT_INDEX_TS_COMPONENT,CSI_800,中证800,000906,1,weight
1,300750.SZ,300750,宁德时代,426.42,-1.721634515661,2026-06-03 00:00:00,电池,宁德市,4.28,4.58,5.98,18152.75,23.78,eastmoney_datacenter:RPT_INDEX_TS_COMPONENT,CSI_800,中证800,000906,2,weight
1,600519.SH,600519,贵州茅台,1281.91,-1.936169887242,2026-06-03 00:00:00,白酒Ⅱ,遵义市,3.05,21.76,10.57,16024.92,14.71,eastmoney_datacenter:RPT_INDEX_TS_COMPONENT,CSI_800,中证800,000906,3,weight
1,300502.SZ,300502,新易盛,782.25,4.718875502008,2026-06-03 00:00:00,通信设备,成都市,2.77,2.8,14.52,6940.75,70.05,eastmoney_datacenter:RPT_INDEX_TS_COMPONENT,CSI_800,中证800,000906,4,weight
1,601318.SH,601318,中国平安,53.7,-0.702662721893,2026-06-03 00:00:00,保险Ⅱ,深圳市,2.15,1.43,2.5,5724.45,9.72,eastmoney_datacenter:RPT_INDEX_TS_COMPONENT,CSI_800,中证800,000906,5,weight
1,601899.SH,601899,紫金矿业,31.27,-0.981633945535,2026-06-03 00:00:00,工业金属,龙岩市,1.94,0.755,10.35,6442.18,10.35,eastmoney_datacenter:RPT_INDEX_TS_COMPONENT,CSI_800,中证800,000906,6,weight
1,600036.SH,600036,招商银行,38.5,-0.773195876289,2026-06-03 00:00:00,银行Ⅱ,深圳市,1.79,1.49,3.37,7942.14,6.41,eastmoney_datacenter:RPT_INDEX_TS_COMPONENT,CSI_800,中证800,000906,7,weight
3,600487.SH,600487,亨通光电,91.43,9.997593840231,2026-06-03 00:00:00,通信设备,苏州市,1.56,0.4563,3.44,2235.63,51.0,eastmoney_datacenter:RPT_INDEX_TS_COMPONENT,CSI_800,中证800,000906,8,weight
1,688256.SH,688256,寒武纪,1378.1,6.007692307692,2026-06-03 00:00:00,半导体,北京市,1.52,2.4,8.2,8658.51,213.64,eastmoney_datacenter:RPT_INDEX_TS_COMPONENT,CSI_800,中证800,000906,9,weight
1,000333.SZ,000333,美的集团,82.61,0.01210653753,2026-06-03 00:00:00,白色家电,佛山市,1.52,1.69,5.56,5668.42,12.4,eastmoney_datacenter:RPT_INDEX_TS_COMPONENT,CSI_800,中证800,000906,10,weight
1,002475.SZ,002475,立讯精密,74.8,1.081081081081,2026-06-03 00:00:00,消费电子,深圳市,1.41,0.5,4.2,5437.42,37.23,eastmoney_datacenter:RPT_INDEX_TS_COMPONENT,CSI_800,中证800,000906,11,weight
1,600900.SH,600900,长江电力,27.89,-0.250357653791,2026-06-03 00:00:00,电力,北京市,1.27,0.2763,3.01,6824.19,25.23,eastmoney_datacenter:RPT_INDEX_TS_COMPONENT,CSI_800,中证800,000906,12,weight
1,601138.SH,601138,工业富联,81.05,1.29983752031,2026-06-03 00:00:00,消费电子,深圳市,1.18,0.53,6.18,16083.64,37.95,eastmoney_datacenter:RPT_INDEX_TS_COMPONENT,CSI_800,中证800,000906,13,weight
1,603986.SH,603986,兆易创新,492.23,3.695043080747,2026-06-03 00:00:00,半导体,北京市,1.18,2.19,6.12,3287.33,59.04,eastmoney_datacenter:RPT_INDEX_TS_COMPONENT,CSI_800,中证800,000906,14,weight
1,601166.SH,601166,兴业银行,18.49,-0.644814615798,2026-06-03 00:00:00,银行Ⅱ,福州市,1.17,1.13,2.89,3913.01,4.1,eastmoney_datacenter:RPT_INDEX_TS_COMPONENT,CSI_800,中证800,000906,15,weight
1,002384.SZ,002384,东山精密,223.99,6.191627554165,2026-06-03 00:00:00,元件,苏州市,1.01,0.61,5.05,3105.22,92.41,eastmoney_datacenter:RPT_INDEX_TS_COMPONENT,CSI_800,中证800,000906,16,weight
1,688008.SH,688008,澜起科技,253.9,7.130801687764,2026-06-03 00:00:00,半导体,上海市,1.01,0.73,5.39,2910.78,91.55,eastmoney_datacenter:RPT_INDEX_TS_COMPONENT,CSI_800,中证800,000906,17,weight
3,002008.SZ,002008,大族激光,130.6,2.834645669291,2026-06-03 00:00:00,自动化设备,深圳市,1.0,0.34,1.87,1249.49,94.94,eastmoney_datacenter:RPT_INDEX_TS_COMPONENT,CSI_800,中证800,000906,18,weight
1,688981.SH,688981,中芯国际,134.0,1.147342995169,2026-06-03 00:00:00,半导体,境外,0.99,0.17,0.9,2679.41,197.22,eastmoney_datacenter:RPT_INDEX_TS_COMPONENT,CSI_800,中证800,000906,19,weight
3,002281.SZ,002281,光迅科技,224.0,4.132769280833,2026-06-03 00:00:00,通信设备,武汉市,0.99,0.3,2.35,1747.11,188.28,eastmoney_datacenter:RPT_INDEX_TS_COMPONENT,CSI_800,中证800,000906,20,weight
1,688041.SH,688041,海光信息,285.94,0.864228015098,2026-06-03 00:00:00,半导体,天津市,0.98,0.3,2.99,6646.21,241.82,eastmoney_datacenter:RPT_INDEX_TS_COMPONENT,CSI_800,中证800,000906,21,weight
1,002594.SZ,002594,比亚迪,94.82,-2.004960727573,2026-06-03 00:00:00,乘用车,深圳市,0.98,0.448,1.65,3306.01,52.91,eastmoney_datacenter:RPT_INDEX_TS_COMPONENT,CSI_800,中证800,000906,22,weight
1,002371.SZ,002371,北方华创,614.84,1.997345719973,2026-06-03 00:00:00,半导体,北京市,0.97,2.2556,4.25,4453.0,68.15,eastmoney_datacenter:RPT_INDEX_TS_COMPONENT,CSI_800,中证800,000906,23,weight
3,688525.SH,688525,佰维存储,314.0,3.493737640079,2026-06-03 00:00:00,半导体,深圳市,0.94,6.21,41.98,1480.72,12.77,eastmoney_datacenter:RPT_INDEX_TS_COMPONENT,CSI_800,中证800,000906,24,weight
1,600030.SH,600030,中信证券,25.6,0.078186082877,2026-06-03 00:00:00,证券Ⅱ,深圳市,0.93,0.67,3.46,3117.2,9.28,eastmoney_datacenter:RPT_INDEX_TS_COMPONENT,CSI_800,中证800,000906,25,weight
1,300274.SZ,300274,阳光电源,170.8,-1.100173711639,2026-06-03 00:00:00,光伏设备,合肥市,0.93,1.12,4.81,2711.5,38.64,eastmoney_datacenter:RPT_INDEX_TS_COMPONENT,CSI_800,中证800,000906,26,weight
1,603259.SH,603259,药明康德,98.85,-0.902255639098,2026-06-03 00:00:00,医疗服务,无锡市,0.92,1.59,5.68,2444.84,15.85,eastmoney_datacenter:RPT_INDEX_TS_COMPONENT,CSI_800,中证800,000906,27,weight
1,601398.SH,601398,工商银行,7.28,-0.817438692098,2026-06-03 00:00:00,银行Ⅱ,北京市,0.89,0.24,2.21,19627.77,7.46,eastmoney_datacenter:RPT_INDEX_TS_COMPONENT,CSI_800,中证800,000906,28,weight
1,300059.SZ,300059,东方财富,18.91,0.0,2026-06-03 00:00:00,证券Ⅱ,上海市,0.89,0.2365,3.99,2525.11,20.01,eastmoney_datacenter:RPT_INDEX_TS_COMPONENT,CSI_800,中证800,000906,29,weight
3,300604.SZ,300604,长川科技,214.25,3.193333975532,2026-06-03 00:00:00,半导体,杭州市,0.88,0.5571,7.17,1048.69,96.39,eastmoney_datacenter:RPT_INDEX_TS_COMPONENT,CSI_800,中证800,000906,30,weight
8,300750.SZ,300750,宁德时代,426.42,-1.721634515661,2026-06-03 00:00:00,电池,宁德市,,4.58,5.98,18152.75,23.78,eastmoney_datacenter:RPT_INDEX_TS_COMPONENT,CSI_A50,中证A50,930050,1,free_cap
8,300308.SZ,300308,中际旭创,1275.0,6.980139451758,2026-06-03 00:00:00,通信设备,烟台市,,5.18,17.54,14147.6,61.97,eastmoney_datacenter:RPT_INDEX_TS_COMPONENT,CSI_A50,中证A50,930050,2,free_cap
8,300502.SZ,300502,新易盛,782.25,4.718875502008,2026-06-03 00:00:00,通信设备,成都市,,2.8,14.52,6940.75,70.05,eastmoney_datacenter:RPT_INDEX_TS_COMPONENT,CSI_A50,中证A50,930050,3,free_cap
8,000333.SZ,000333,美的集团,82.61,0.01210653753,2026-06-03 00:00:00,白色家电,佛山市,,1.69,5.56,5668.42,12.4,eastmoney_datacenter:RPT_INDEX_TS_COMPONENT,CSI_A50,中证A50,930050,4,free_cap
8,002475.SZ,002475,立讯精密,74.8,1.081081081081,2026-06-03 00:00:00,消费电子,深圳市,,0.5,4.2,5437.42,37.23,eastmoney_datacenter:RPT_INDEX_TS_COMPONENT,CSI_A50,中证A50,930050,5,free_cap
8,002371.SZ,002371,北方华创,614.84,1.997345719973,2026-06-03 00:00:00,半导体,北京市,,2.2556,4.25,4453.0,68.15,eastmoney_datacenter:RPT_INDEX_TS_COMPONENT,CSI_A50,中证A50,930050,6,free_cap
8,002594.SZ,002594,比亚迪,94.82,-2.004960727573,2026-06-03 00:00:00,乘用车,深圳市,,0.448,1.65,3306.01,52.91,eastmoney_datacenter:RPT_INDEX_TS_COMPONENT,CSI_A50,中证A50,930050,7,free_cap
8,000858.SZ,000858,五粮液,82.35,-0.435255712731,2026-06-03 00:00:00,白酒Ⅱ,宜宾市,,2.0772,6.5,3196.43,9.91,eastmoney_datacenter:RPT_INDEX_TS_COMPONENT,CSI_A50,中证A50,930050,8,free_cap
8,300476.SZ,300476,胜宏科技,353.44,1.248997364501,2026-06-03 00:00:00,元件,惠州市,,1.48,7.62,3057.95,67.4,eastmoney_datacenter:RPT_INDEX_TS_COMPONENT,CSI_A50,中证A50,930050,9,free_cap
8,002415.SZ,002415,海康威视,30.77,0.065040650407,2026-06-03 00:00:00,计算机设备,杭州市,,0.303,3.28,2783.58,25.35,eastmoney_datacenter:RPT_INDEX_TS_COMPONENT,CSI_A50,中证A50,930050,10,free_cap
8,300274.SZ,300274,阳光电源,170.8,-1.100173711639,2026-06-03 00:00:00,光伏设备,合肥市,,1.12,4.81,2711.5,38.64,eastmoney_datacenter:RPT_INDEX_TS_COMPONENT,CSI_A50,中证A50,930050,11,free_cap
8,300059.SZ,300059,东方财富,18.91,0.0,2026-06-03 00:00:00,证券Ⅱ,上海市,,0.2365,3.99,2525.11,20.01,eastmoney_datacenter:RPT_INDEX_TS_COMPONENT,CSI_A50,中证A50,930050,12,free_cap
8,300408.SZ,300408,三环集团,134.89,0.319797709356,2026-06-03 00:00:00,元件,潮州市,,0.41,3.59,2522.18,81.72,eastmoney_datacenter:RPT_INDEX_TS_COMPONENT,CSI_A50,中证A50,930050,13,free_cap
8,002463.SZ,002463,沪电股份,129.8,-0.916030534351,2026-06-03 00:00:00,元件,苏州市,,0.6455,7.81,2495.81,50.27,eastmoney_datacenter:RPT_INDEX_TS_COMPONENT,CSI_A50,中证A50,930050,14,free_cap
8,000651.SZ,000651,格力电器,39.5,-0.050607287449,2026-06-03 00:00:00,白色家电,珠海市,,1.09,4.07,2181.19,9.09,eastmoney_datacenter:RPT_INDEX_TS_COMPONENT,CSI_A50,中证A50,930050,15,free_cap
8,000725.SZ,000725,京东方A,5.59,2.193784277879,2026-06-03 00:00:00,光学光电子,北京市,,0.05,1.26,2031.5,30.32,eastmoney_datacenter:RPT_INDEX_TS_COMPONENT,CSI_A50,中证A50,930050,16,free_cap
8,300124.SZ,300124,汇川技术,75.86,-0.797698443834,2026-06-03 00:00:00,自动化设备,深圳市,,0.37,2.83,1828.46,50.67,eastmoney_datacenter:RPT_INDEX_TS_COMPONENT,CSI_A50,中证A50,930050,17,free_cap
8,300760.SZ,300760,迈瑞医疗,144.59,-1.632764133615,2026-06-03 00:00:00,医疗器械,深圳市,,1.9225,5.96,1751.56,18.81,eastmoney_datacenter:RPT_INDEX_TS_COMPONENT,CSI_A50,中证A50,930050,18,free_cap
8,002352.SZ,002352,顺丰控股,34.57,-0.945558739255,2026-06-03 00:00:00,物流,深圳市,,0.51,2.52,1648.99,17.24,eastmoney_datacenter:RPT_INDEX_TS_COMPONENT,CSI_A50,中证A50,930050,19,free_cap
8,000792.SZ,000792,盐湖股份,30.24,-0.362438220758,2026-06-03 00:00:00,农化制品,海西蒙古族藏族自治州,,0.572,6.54,1600.16,13.22,eastmoney_datacenter:RPT_INDEX_TS_COMPONENT,CSI_A50,中证A50,930050,20,free_cap
8,000063.SZ,000063,中兴通讯,36.44,0.385674931129,2026-06-03 00:00:00,通信设备,深圳市,,0.27,1.72,1467.67,33.25,eastmoney_datacenter:RPT_INDEX_TS_COMPONENT,CSI_A50,中证A50,930050,21,free_cap
8,002714.SZ,002714,牧原股份,36.2,-1.523394994559,2026-06-03 00:00:00,养殖业,南阳市,,-0.22,-1.57,1375.67,-43.01,eastmoney_datacenter:RPT_INDEX_TS_COMPONENT,CSI_A50,中证A50,930050,22,free_cap
8,000568.SZ,000568,泸州老窖,87.55,-1.073446327684,2026-06-03 00:00:00,白酒Ⅱ,泸州市,,2.52,7.32,1287.91,8.69,eastmoney_datacenter:RPT_INDEX_TS_COMPONENT,CSI_A50,中证A50,930050,23,free_cap
8,002230.SZ,002230,科大讯飞,47.51,-1.554082055533,2026-06-03 00:00:00,软件开发,合肥市,,-0.07,-0.91,1040.13,-168.1,eastmoney_datacenter:RPT_INDEX_TS_COMPONENT,CSI_A50,中证A50,930050,24,free_cap
8,300033.SZ,300033,同花顺,223.69,-1.122751182425,2026-06-03 00:00:00,软件开发,杭州市,,0.34,2.67,980.68,164.45,eastmoney_datacenter:RPT_INDEX_TS_COMPONENT,CSI_A50,中证A50,930050,25,free_cap
8,000977.SZ,000977,浪潮信息,64.22,-1.2,2026-06-03 00:00:00,计算机设备,济南市,,0.4119,2.75,942.0,38.98,eastmoney_datacenter:RPT_INDEX_TS_COMPONENT,CSI_A50,中证A50,930050,26,free_cap
8,002001.SZ,002001,新和成,30.07,-0.595041322314,2026-06-03 00:00:00,化学制品,绍兴市,,0.59,5.37,913.18,12.64,eastmoney_datacenter:RPT_INDEX_TS_COMPONENT,CSI_A50,中证A50,930050,27,free_cap
8,000100.SZ,000100,TCL科技,4.74,6.997742663657,2026-06-03 00:00:00,光学光电子,惠州市,,0.0692,2.47,906.86,15.84,eastmoney_datacenter:RPT_INDEX_TS_COMPONENT,CSI_A50,中证A50,930050,28,free_cap
8,000538.SZ,000538,云南白药,49.15,-0.626769106349,2026-06-03 00:00:00,中药Ⅱ,昆明市,,1.14,4.96,871.4,10.76,eastmoney_datacenter:RPT_INDEX_TS_COMPONENT,CSI_A50,中证A50,930050,29,free_cap
8,000425.SZ,000425,徐工机械,9.37,-3.102378490176,2026-06-03 00:00:00,工程机械,徐州市,,0.175,3.34,843.35,13.34,eastmoney_datacenter:RPT_INDEX_TS_COMPONENT,CSI_A50,中证A50,930050,30,free_cap
6,601288.SH,601288,农业银行,6.36,-1.395348837209,2026-06-03 00:00:00,银行Ⅱ,北京市,,0.2,2.65,20303.93,7.4,eastmoney_datacenter:RPT_INDEX_TS_COMPONENT,CSI_A500,中证A500,000510,1,free_cap
6,601398.SH,601398,工商银行,7.28,-0.817438692098,2026-06-03 00:00:00,银行Ⅱ,北京市,,0.24,2.21,19627.77,7.46,eastmoney_datacenter:RPT_INDEX_TS_COMPONENT,CSI_A500,中证A500,000510,2,free_cap
6,300750.SZ,300750,宁德时代,426.42,-1.721634515661,2026-06-03 00:00:00,电池,宁德市,,4.58,5.98,18152.75,23.78,eastmoney_datacenter:RPT_INDEX_TS_COMPONENT,CSI_A500,中证A500,000510,3,free_cap
6,601857.SH,601857,中国石油,10.85,1.782363977486,2026-06-03 00:00:00,炼化及贸易,北京市,,0.264,3.0,17568.55,10.27,eastmoney_datacenter:RPT_INDEX_TS_COMPONENT,CSI_A500,中证A500,000510,4,free_cap
6,600519.SH,600519,贵州茅台,1281.91,-1.936169887242,2026-06-03 00:00:00,白酒Ⅱ,遵义市,,21.76,10.57,16024.92,14.71,eastmoney_datacenter:RPT_INDEX_TS_COMPONENT,CSI_A500,中证A500,000510,5,free_cap
6,300308.SZ,300308,中际旭创,1275.0,6.980139451758,2026-06-03 00:00:00,通信设备,烟台市,,5.18,17.54,14147.6,61.97,eastmoney_datacenter:RPT_INDEX_TS_COMPONENT,CSI_A500,中证A500,000510,6,free_cap
6,601988.SH,601988,中国银行,5.95,-0.335008375209,2026-06-03 00:00:00,银行Ⅱ,北京市,,0.18,2.12,12540.55,8.46,eastmoney_datacenter:RPT_INDEX_TS_COMPONENT,CSI_A500,中证A500,000510,7,free_cap
6,688256.SH,688256,寒武纪,1378.1,6.007692307692,2026-06-03 00:00:00,半导体,北京市,,2.4,8.2,8658.51,213.64,eastmoney_datacenter:RPT_INDEX_TS_COMPONENT,CSI_A500,中证A500,000510,8,free_cap
6,601088.SH,601088,中国神华,48.85,1.264510779436,2026-06-03 00:00:00,煤炭开采,北京市,,0.53,2.4,8055.87,24.83,eastmoney_datacenter:RPT_INDEX_TS_COMPONENT,CSI_A500,中证A500,000510,9,free_cap
6,600036.SH,600036,招商银行,38.5,-0.773195876289,2026-06-03 00:00:00,银行Ⅱ,深圳市,,1.49,3.37,7942.14,6.41,eastmoney_datacenter:RPT_INDEX_TS_COMPONENT,CSI_A500,中证A500,000510,10,free_cap
6,300502.SZ,300502,新易盛,782.25,4.718875502008,2026-06-03 00:00:00,通信设备,成都市,,2.8,14.52,6940.75,70.05,eastmoney_datacenter:RPT_INDEX_TS_COMPONENT,CSI_A500,中证A500,000510,11,free_cap
6,601628.SH,601628,中国人寿,32.88,-1.083032490975,2026-06-03 00:00:00,保险Ⅱ,北京市,,0.69,3.27,6846.78,11.91,eastmoney_datacenter:RPT_INDEX_TS_COMPONENT,CSI_A500,中证A500,000510,12,free_cap
6,600900.SH,600900,长江电力,27.89,-0.250357653791,2026-06-03 00:00:00,电力,北京市,,0.2763,3.01,6824.19,25.23,eastmoney_datacenter:RPT_INDEX_TS_COMPONENT,CSI_A500,中证A500,000510,13,free_cap
6,688041.SH,688041,海光信息,285.94,0.864228015098,2026-06-03 00:00:00,半导体,天津市,,0.3,2.99,6646.21,241.82,eastmoney_datacenter:RPT_INDEX_TS_COMPONENT,CSI_A500,中证A500,000510,14,free_cap
6,601899.SH,601899,紫金矿业,31.27,-0.981633945535,2026-06-03 00:00:00,工业金属,龙岩市,,0.755,10.35,6442.18,10.35,eastmoney_datacenter:RPT_INDEX_TS_COMPONENT,CSI_A500,中证A500,000510,15,free_cap
6,601318.SH,601318,中国平安,53.7,-0.702662721893,2026-06-03 00:00:00,保险Ⅱ,深圳市,,1.43,2.5,5724.45,9.72,eastmoney_datacenter:RPT_INDEX_TS_COMPONENT,CSI_A500,中证A500,000510,16,free_cap
6,000333.SZ,000333,美的集团,82.61,0.01210653753,2026-06-03 00:00:00,白色家电,佛山市,,1.69,5.56,5668.42,12.4,eastmoney_datacenter:RPT_INDEX_TS_COMPONENT,CSI_A500,中证A500,000510,17,free_cap
6,002475.SZ,002475,立讯精密,74.8,1.081081081081,2026-06-03 00:00:00,消费电子,深圳市,,0.5,4.2,5437.42,37.23,eastmoney_datacenter:RPT_INDEX_TS_COMPONENT,CSI_A500,中证A500,000510,18,free_cap
6,601728.SH,601728,中国电信,6.12,-0.649350649351,2026-06-03 00:00:00,通信服务,北京市,,0.08,1.58,4750.94,19.05,eastmoney_datacenter:RPT_INDEX_TS_COMPONENT,CSI_A500,中证A500,000510,19,free_cap
6,600028.SH,600028,中国石化,4.86,0.829875518672,2026-06-03 00:00:00,炼化及贸易,北京市,,0.141,2.04,4604.97,8.64,eastmoney_datacenter:RPT_INDEX_TS_COMPONENT,CSI_A500,中证A500,000510,20,free_cap
6,002371.SZ,002371,北方华创,614.84,1.997345719973,2026-06-03 00:00:00,半导体,北京市,,2.2556,4.25,4453.0,68.15,eastmoney_datacenter:RPT_INDEX_TS_COMPONENT,CSI_A500,中证A500,000510,21,free_cap
6,601166.SH,601166,兴业银行,18.49,-0.644814615798,2026-06-03 00:00:00,银行Ⅱ,福州市,,1.13,2.89,3913.01,4.1,eastmoney_datacenter:RPT_INDEX_TS_COMPONENT,CSI_A500,中证A500,000510,22,free_cap
6,300394.SZ,300394,天孚通信,497.38,8.835886214442,2026-06-03 00:00:00,通信设备,苏州市,,0.6331,8.57,3867.61,196.83,eastmoney_datacenter:RPT_INDEX_TS_COMPONENT,CSI_A500,中证A500,000510,23,free_cap
6,601658.SH,601658,邮储银行,4.98,-0.59880239521,2026-06-03 00:00:00,银行Ⅱ,北京市,,0.2,2.43,3611.88,5.81,eastmoney_datacenter:RPT_INDEX_TS_COMPONENT,CSI_A500,中证A500,000510,24,free_cap
6,603993.SH,603993,洛阳钼业,19.89,0.759878419453,2026-06-03 00:00:00,工业金属,洛阳市,,0.36,9.06,3472.96,13.71,eastmoney_datacenter:RPT_INDEX_TS_COMPONENT,CSI_A500,中证A500,000510,25,free_cap
6,600183.SH,600183,生益科技,141.09,0.014177358758,2026-06-03 00:00:00,元件,东莞市,,0.48,6.68,3378.4,73.98,eastmoney_datacenter:RPT_INDEX_TS_COMPONENT,CSI_A500,中证A500,000510,26,free_cap
6,002594.SZ,002594,比亚迪,94.82,-2.004960727573,2026-06-03 00:00:00,乘用车,深圳市,,0.448,1.65,3306.01,52.91,eastmoney_datacenter:RPT_INDEX_TS_COMPONENT,CSI_A500,中证A500,000510,27,free_cap
6,603986.SH,603986,兆易创新,492.23,3.695043080747,2026-06-03 00:00:00,半导体,北京市,,2.19,6.12,3287.33,59.04,eastmoney_datacenter:RPT_INDEX_TS_COMPONENT,CSI_A500,中证A500,000510,28,free_cap
6,000858.SZ,000858,五粮液,82.35,-0.435255712731,2026-06-03 00:00:00,白酒Ⅱ,宜宾市,,2.0772,6.5,3196.43,9.91,eastmoney_datacenter:RPT_INDEX_TS_COMPONENT,CSI_A500,中证A500,000510,29,free_cap
6,600030.SH,600030,中信证券,25.6,0.078186082877,2026-06-03 00:00:00,证券Ⅱ,深圳市,,0.67,3.46,3117.2,9.28,eastmoney_datacenter:RPT_INDEX_TS_COMPONENT,CSI_A500,中证A500,000510,30,free_cap
