代码,日期,开盘价,收盘价,最高价,最低价,成交量,成交额,振幅,涨跌幅,涨跌额,换手率
159358,2024-11-29,1.002,1.017,1.027,1.001,10760797.0,,,,,
159358,2024-12-02,1.014,1.026,1.03,1.013,6968392.0,,1.6715830875123037,0.8849557522124012,0.0090000000000001,
159358,2024-12-03,1.026,1.025,1.031,1.019,5443566.0,,1.1695906432748548,-0.097465886939582,-0.0010000000000001,
159358,2024-12-04,1.025,1.02,1.027,1.016,5411998.0,,1.0731707317073074,-0.4878048780487701,-0.0049999999999998,
159358,2024-12-05,1.015,1.018,1.022,1.015,4786767.0,,0.686274509803933,-0.1960784313725491,-0.002,
159358,2024-12-06,1.015,1.031,1.038,1.015,5331138.0,,2.2593320235756518,1.277013752455786,0.0129999999999999,
159358,2024-12-09,1.03,1.029,1.038,1.023,5280419.0,,1.4548981571290132,-0.1939864209505336,-0.002,
159358,2024-12-10,1.053,1.038,1.068,1.035,6204313.0,,3.206997084548119,0.8746355685131312,0.0090000000000001,
159358,2024-12-11,1.038,1.036,1.04,1.033,4726258.0,,0.6743737957610902,-0.1926782273603084,-0.002,
159358,2024-12-12,1.036,1.046,1.048,1.034,5068545.0,,1.3513513513513524,0.965250965250966,0.01,
159358,2024-12-13,1.046,1.024,1.046,1.021,5552144.0,,2.390057361376686,-2.103250478011474,-0.022,
159358,2024-12-16,1.023,1.015,1.024,1.013,4747262.0,,1.0742187500000118,-0.8789062500000117,-0.0090000000000001,
159358,2024-12-17,1.016,1.015,1.025,1.014,4744481.0,,1.083743842364522,0.0,0.0,
159358,2024-12-18,1.016,1.02,1.025,1.016,4276973.0,,0.8866995073891526,0.4926108374384351,0.0050000000000001,
159358,2024-12-19,1.016,1.024,1.025,1.01,4504743.0,,1.470588235294108,0.3921568627450983,0.004,
159358,2024-12-20,1.023,1.022,1.028,1.019,4858373.0,,0.8789062500000117,-0.1953125000000001,-0.002,
159358,2024-12-23,1.022,1.02,1.028,1.017,5222350.0,,1.0763209393346498,-0.1956947162426616,-0.002,
159358,2024-12-24,1.018,1.029,1.032,1.018,5014225.0,,1.3725490196078445,0.8823529411764606,0.0089999999999998,
159358,2024-12-25,1.03,1.027,1.033,1.024,4360553.0,,0.8746355685131096,-0.1943634596695823,-0.002,
159358,2024-12-26,1.027,1.031,1.032,1.025,3782094.0,,0.6815968841285411,0.3894839337877316,0.004,
159358,2024-12-27,1.031,1.03,1.038,1.027,4184217.0,,1.066925315227946,-0.096993210475256,-0.0009999999999998,
159358,2024-12-30,1.03,1.032,1.035,1.029,5543077.0,,0.5825242718446607,0.1941747572815535,0.002,
159358,2024-12-31,1.03,1.021,1.034,1.015,4890197.0,,1.8410852713178416,-1.0658914728682287,-0.0110000000000001,
159358,2025-01-02,1.016,0.984,1.017,0.978,4241228.0,,3.8197845249755074,-3.623898139079327,-0.0369999999999999,
159358,2025-01-03,0.983,0.972,0.989,0.97,4791549.0,,1.9308943089430912,-1.2195121951219523,-0.012,
159358,2025-01-06,0.973,0.969,0.974,0.964,3333362.0,,1.0288065843621408,-0.3086419753086422,-0.003,
159358,2025-01-07,0.969,0.977,0.977,0.965,2923738.0,,1.2383900928792582,0.8255933952528388,0.008,
159358,2025-01-08,0.973,0.974,0.982,0.957,3250280.0,,2.558853633572162,-0.3070624360286594,-0.003,
159358,2025-01-09,0.973,0.975,0.977,0.971,2620304.0,,0.6160164271047234,0.1026694045174538,0.001,
159358,2025-01-10,0.975,0.963,0.977,0.963,2830412.0,,1.4358974358974372,-1.2307692307692315,-0.012,
159358,2025-01-13,0.956,0.959,0.964,0.954,3086207.0,,1.0384215991692636,-0.4153686396677055,-0.004,
159358,2025-01-14,0.96,0.987,0.989,0.959,3241672.0,,3.1282586027111607,2.919708029197083,0.028,
159358,2025-01-15,0.987,0.98,0.987,0.978,2740110.0,,0.9118541033434658,-0.7092198581560291,-0.007,
159358,2025-01-16,0.98,0.982,0.995,0.975,2733082.0,,2.040816326530614,0.2040816326530614,0.002,
159358,2025-01-17,0.982,0.986,0.992,0.978,2853011.0,,1.4256619144602865,0.4073319755600819,0.004,
159358,2025-01-20,0.99,0.991,0.998,0.988,2491497.0,,1.0141987829614614,0.5070993914807307,0.005,
159358,2025-01-21,0.993,0.992,0.996,0.986,2687736.0,,1.009081735620586,0.1009081735620586,0.001,
159358,2025-01-22,0.987,0.983,0.99,0.979,2839781.0,,1.1088709677419364,-0.9072580645161298,-0.009,
159358,2025-01-23,0.987,0.984,1.002,0.983,2999368.0,,1.9328585961342843,0.1017293997965412,0.001,
159358,2025-01-24,0.984,0.992,0.997,0.983,2514247.0,,1.4227642276422778,0.8130081300813016,0.008,
159358,2025-01-27,0.993,0.987,0.997,0.987,2670097.0,,1.0080645161290331,-0.5040322580645166,-0.005,
159358,2025-02-05,0.992,0.983,0.994,0.981,2095292.0,,1.3171225937183395,-0.4052684903748737,-0.004,
159358,2025-02-06,0.98,1.0,1.0,0.98,3063735.0,,2.034587995930826,1.729399796541202,0.017,
159358,2025-02-07,1.001,1.014,1.022,0.998,2733707.0,,2.400000000000002,1.4000000000000012,0.014,
159358,2025-02-10,1.014,1.018,1.021,1.012,2966043.0,,0.8875739644970312,0.394477317554241,0.004,
159358,2025-02-11,1.013,1.015,1.018,1.01,2544927.0,,0.7858546168958749,-0.294695481335964,-0.0030000000000001,
159358,2025-02-12,1.01,1.026,1.027,1.01,2514627.0,,1.6748768472906312,1.083743842364544,0.0110000000000001,
159358,2025-02-13,1.026,1.022,1.03,1.02,2423975.0,,0.9746588693957124,-0.3898635477582849,-0.004,
159358,2025-02-14,1.022,1.03,1.031,1.021,2765427.0,,0.978473581213308,0.7827788649706464,0.008,
159358,2025-02-17,1.027,1.031,1.034,1.024,2474112.0,,0.9708737864077678,0.097087378640766,0.0009999999999998,
159358,2025-02-18,1.031,1.021,1.035,1.017,2694794.0,,1.745877788554803,-0.9699321047526682,-0.01,
159358,2025-02-19,1.016,1.029,1.03,1.016,2323364.0,,1.3712047012732629,0.7835455435847216,0.008,
159358,2025-02-20,1.026,1.028,1.03,1.023,2754360.0,,0.6802721088435488,-0.0971817298347803,-0.0009999999999998,
159358,2025-02-21,1.025,1.042,1.044,1.025,2332520.0,,1.8482490272373664,1.3618677042801568,0.014,
159358,2025-02-24,1.041,1.039,1.046,1.034,3053221.0,,1.1516314779270642,-0.2879078694817767,-0.0030000000000001,
159358,2025-02-25,1.034,1.03,1.038,1.027,2691081.0,,1.058710298363823,-0.8662175168431084,-0.0089999999999998,
159358,2025-02-26,1.027,1.038,1.039,1.027,1954726.0,,1.1650485436893214,0.7766990291262142,0.008,
159358,2025-02-27,1.037,1.039,1.041,1.029,1847766.0,,1.156069364161851,0.0963391136801435,0.0009999999999998,
159358,2025-02-28,1.021,1.018,1.037,1.014,2195001.0,,2.2136669874879606,-2.0211742059672675,-0.0209999999999999,
159358,2025-03-03,1.016,1.015,1.028,1.012,1846732.0,,1.5717092337917498,-0.294695481335964,-0.0030000000000001,
159358,2025-03-04,1.015,1.017,1.017,1.008,1655771.0,,0.8866995073891526,0.1970443349753696,0.002,
159358,2025-03-05,1.017,1.02,1.022,1.013,1916770.0,,0.8849557522124012,0.2949852507374743,0.0030000000000001,
159358,2025-03-06,1.023,1.035,1.038,1.023,1934224.0,,1.4705882352941295,1.470588235294108,0.0149999999999999,
159358,2025-03-07,1.035,1.034,1.039,1.031,1873171.0,,0.7729468599033824,-0.096618357487912,-0.0009999999999998,
159358,2025-03-10,1.029,1.029,1.035,1.023,2149928.0,,1.160541586073502,-0.4835589941973032,-0.0050000000000001,
159358,2025-03-11,1.024,1.031,1.031,1.02,1602086.0,,1.068999028182692,0.1943634596695823,0.002,
159358,2025-03-12,1.035,1.031,1.038,1.029,1790207.0,,0.8729388942774122,0.0,0.0,
159358,2025-03-13,1.031,1.026,1.033,1.019,1704300.0,,1.3579049466537354,-0.4849660523763234,-0.0049999999999998,
159358,2025-03-14,1.025,1.047,1.049,1.021,2822205.0,,2.7290448343079943,2.046783625730985,0.0209999999999999,
159358,2025-03-17,1.043,1.046,1.051,1.043,2104394.0,,0.7640878701050628,-0.0955109837631222,-0.0009999999999998,
159358,2025-03-18,1.046,1.049,1.052,1.046,2158698.0,,0.573613766730402,0.2868068833651904,0.0029999999999998,
159358,2025-03-19,1.046,1.049,1.051,1.043,1825567.0,,0.7626310772163973,0.0,0.0,
159358,2025-03-20,1.048,1.039,1.048,1.037,1896982.0,,1.0486177311725569,-0.9532888465204966,-0.01,
159358,2025-03-21,1.038,1.022,1.04,1.02,1806048.0,,1.924927815206932,-1.6361886429258812,-0.0169999999999999,
159358,2025-03-24,1.024,1.025,1.028,1.018,1855639.0,,0.978473581213308,0.2935420743639815,0.0029999999999998,
159358,2025-03-25,1.027,1.027,1.029,1.022,1560168.0,,0.6829268292682825,0.1951219512195124,0.002,
159358,2025-03-26,1.027,1.022,1.028,1.021,1755210.0,,0.6815968841285411,-0.4868549172346537,-0.0049999999999998,
159358,2025-03-27,1.018,1.025,1.03,1.016,1681972.0,,1.3698630136986312,0.2935420743639815,0.0029999999999998,
159358,2025-03-28,1.024,1.02,1.025,1.017,1544280.0,,0.7804878048780496,-0.4878048780487701,-0.0049999999999998,
159358,2025-03-31,1.018,1.013,1.021,1.006,1470801.0,,1.470588235294108,-0.686274509803933,-0.0070000000000001,
159358,2025-04-01,1.013,1.013,1.018,1.011,1304911.0,,0.6910167818361419,0.0,0.0,
159358,2025-04-02,1.013,1.013,1.017,1.01,1438498.0,,0.69101678183612,0.0,0.0,
159358,2025-04-03,1.009,1.004,1.011,1.0,1818718.0,,1.0858835143139092,-0.8884501480750145,-0.0089999999999998,
159358,2025-04-07,0.935,0.912,0.997,0.904,1943013.0,,9.262948207171313,-9.163346613545814,-0.0919999999999999,
159358,2025-04-08,0.911,0.934,0.936,0.911,1422661.0,,2.741228070175441,2.412280701754388,0.022,
159358,2025-04-09,0.932,0.945,0.951,0.918,1558281.0,,3.5331905781584494,1.1777301927194752,0.0109999999999998,
159358,2025-04-10,0.958,0.963,0.973,0.958,1618140.0,,1.587301587301589,1.9047619047619069,0.018,
159358,2025-04-11,0.962,0.969,0.974,0.958,1332667.0,,1.661474558670822,0.6230529595015583,0.006,
159358,2025-04-14,0.973,0.973,0.977,0.971,987147.0,,0.6191950464396291,0.4127966976264194,0.004,
159358,2025-04-15,0.97,0.971,0.973,0.967,1370267.0,,0.6166495375128475,-0.2055498458376158,-0.002,
159358,2025-04-16,0.969,0.971,0.973,0.961,1306703.0,,1.235839340885686,0.0,0.0,
159358,2025-04-17,0.965,0.971,0.976,0.965,836076.0,,1.1328527291452122,0.0,0.0,
159358,2025-04-18,0.97,0.974,0.975,0.968,1001372.0,,0.7209062821833168,0.3089598352214215,0.003,
159358,2025-04-21,0.97,0.979,0.981,0.97,928847.0,,1.1293634496919926,0.5133470225872695,0.005,
159358,2025-04-22,0.98,0.981,0.983,0.978,1262461.0,,0.5107252298263538,0.2042900919305415,0.002,
159358,2025-04-23,0.986,0.981,0.986,0.978,999881.0,,0.8154943934760456,0.0,0.0,
159358,2025-04-24,0.981,0.98,0.986,0.975,1060774.0,,1.1213047910295628,-0.1019367991845057,-0.001,
159358,2025-04-25,0.981,0.982,0.985,0.979,1061359.0,,0.6122448979591842,0.2040816326530614,0.002,
159358,2025-04-28,0.982,0.978,0.982,0.975,741318.0,,0.7128309572301432,-0.4073319755600819,-0.004,
159358,2025-04-29,0.976,0.977,0.98,0.974,1164173.0,,0.613496932515338,-0.1022494887525563,-0.001,
159358,2025-04-30,0.977,0.979,0.983,0.977,1037997.0,,0.6141248720573189,0.2047082906857729,0.002,
159358,2025-05-06,0.983,0.991,0.992,0.982,1181801.0,,1.0214504596527076,1.2257405515832491,0.012,
159358,2025-05-07,0.991,0.996,1.006,0.991,1161502.0,,1.5136226034308793,0.5045408678102931,0.005,
159358,2025-05-08,0.994,1.002,1.007,0.994,1632177.0,,1.3052208835341266,0.6024096385542175,0.006,
159358,2025-05-09,1.001,0.998,1.002,0.996,1010833.0,,0.5988023952095813,-0.3992015968063875,-0.004,
159358,2025-05-12,1.001,1.011,1.012,1.001,1716836.0,,1.1022044088176473,1.3026052104208317,0.0129999999999999,
159358,2025-05-13,1.016,1.012,1.018,1.01,1144220.0,,0.7912957467853619,0.0989119683481812,0.0010000000000001,
159358,2025-05-14,1.008,1.021,1.027,1.008,1901139.0,,1.877470355731216,0.8893280632410966,0.0089999999999998,
159358,2025-05-15,1.022,1.012,1.022,1.009,1549417.0,,1.2732615083251837,-0.8814887365328009,-0.0089999999999998,
159358,2025-05-16,1.007,1.007,1.011,1.004,1367476.0,,0.6916996047430727,-0.4940711462450706,-0.0050000000000001,
159358,2025-05-19,1.006,1.006,1.006,1.001,1441475.0,,0.4965243296921665,-0.09930486593842,-0.0009999999999998,
159358,2025-05-20,1.008,1.012,1.014,1.005,1242179.0,,0.8946322067594551,0.5964214711729627,0.006,
159358,2025-05-21,1.008,1.016,1.018,1.008,1385862.0,,0.9881422924901194,0.3952569169960477,0.004,
159358,2025-05-22,1.014,1.013,1.016,1.012,1336191.0,,0.3937007874015751,-0.2952755905511923,-0.0030000000000001,
159358,2025-05-23,1.009,1.007,1.018,1.005,1525552.0,,1.2833168805528257,-0.5923000987166838,-0.006,
159358,2025-05-26,1.005,1.003,1.007,0.998,1530587.0,,0.8937437934458687,-0.3972194637537243,-0.004,
159358,2025-05-27,1.003,0.997,1.003,0.994,1457298.0,,0.8973080757726718,-0.5982053838484441,-0.0059999999999998,
159358,2025-05-28,0.997,0.995,0.998,0.994,1417853.0,,0.4012036108324978,-0.2006018054162489,-0.002,
159358,2025-05-29,0.995,1.001,1.005,0.994,1107159.0,,1.105527638190945,0.6030150753768738,0.0059999999999998,
159358,2025-05-30,1.001,0.998,1.001,0.992,1282940.0,,0.899100899100889,-0.2997002997002889,-0.0029999999999998,
159358,2025-06-03,0.997,0.997,1.0,0.995,1255488.0,,0.5010020040080164,-0.1002004008016032,-0.001,
159358,2025-06-04,0.999,1.002,1.004,0.999,1382642.0,,0.5015045135406223,0.5015045135406223,0.005,
159358,2025-06-05,1.003,1.005,1.007,1.0,1299192.0,,0.6986027944111672,0.2994011976047795,0.0029999999999998,
159358,2025-06-06,1.006,1.006,1.01,1.004,1562194.0,,0.5970149253731349,0.0995024875622001,0.0010000000000001,
159358,2025-06-09,1.011,1.009,1.012,1.006,1131739.0,,0.5964214711729627,0.2982107355864704,0.0029999999999998,
159358,2025-06-10,1.009,1.004,1.011,1.0,1318206.0,,1.0901883052527157,-0.4955401387512283,-0.0049999999999998,
159358,2025-06-11,1.005,1.011,1.016,1.005,1227185.0,,1.0956175298804902,0.6972111553784757,0.0069999999999998,
159358,2025-06-12,1.009,1.013,1.014,1.006,1386929.0,,0.7912957467853619,0.1978239366963404,0.002,
159358,2025-06-13,1.008,1.006,1.011,1.001,1137163.0,,0.9871668311944728,-0.69101678183612,-0.0069999999999998,
159358,2025-06-16,1.001,1.008,1.008,1.001,1178010.0,,0.6958250497018009,0.1988071570576542,0.002,
159358,2025-06-17,1.005,1.006,1.009,1.004,1301630.0,,0.4960317460317354,-0.1984126984126985,-0.002,
159358,2025-06-18,1.005,1.007,1.008,1.002,1514011.0,,0.5964214711729627,0.0994035785288161,0.0009999999999998,
159358,2025-06-19,1.007,0.999,1.007,0.996,1573086.0,,1.0923535253227308,-0.7944389275074376,-0.0079999999999998,
159358,2025-06-20,0.999,0.997,1.002,0.997,1329882.0,,0.5005005005005009,-0.2002002002002003,-0.002,
159358,2025-06-23,0.996,1.002,1.004,0.994,1488016.0,,1.0030090270812446,0.5015045135406223,0.005,
159358,2025-06-24,0.999,1.014,1.017,0.999,1296506.0,,1.7964071856287331,1.197604790419163,0.012,
159358,2025-06-25,1.014,1.029,1.03,1.014,1649363.0,,1.577909270216964,1.4792899408283928,0.0149999999999999,
159358,2025-06-26,1.022,1.026,1.031,1.022,977098.0,,0.8746355685131096,-0.2915451895043627,-0.0029999999999998,
159358,2025-06-27,1.024,1.023,1.033,1.022,1311043.0,,1.0721247563352727,-0.2923976608187245,-0.0030000000000001,
159358,2025-06-30,1.023,1.032,1.032,1.023,1347867.0,,0.8797653958944398,0.8797653958944398,0.0090000000000001,
159358,2025-07-01,1.031,1.033,1.033,1.027,1109636.0,,0.5813953488372098,0.0968992248061908,0.0009999999999998,
159358,2025-07-02,1.03,1.031,1.032,1.027,887714.0,,0.4840271055179203,-0.1936108422071638,-0.002,
159358,2025-07-03,1.032,1.037,1.038,1.03,1033827.0,,0.7759456838021347,0.5819592628516009,0.006,
159358,2025-07-04,1.033,1.04,1.047,1.033,1157443.0,,1.350048216007716,0.2892960462873783,0.0030000000000001,
159358,2025-07-07,1.036,1.032,1.038,1.031,1175269.0,,0.6730769230769343,-0.7692307692307698,-0.008,
159358,2025-07-08,1.031,1.045,1.045,1.031,1212481.0,,1.356589147286823,1.2596899224806104,0.0129999999999999,
159358,2025-07-09,1.043,1.044,1.048,1.02,1378106.0,,2.6794258373205766,-0.0956937799042956,-0.0009999999999998,
159358,2025-07-10,1.04,1.048,1.052,1.04,1442860.0,,1.1494252873563229,0.3831417624521076,0.004,
159358,2025-07-11,1.047,1.052,1.063,1.046,1364941.0,,1.6221374045801435,0.3816793893129774,0.004,
159358,2025-07-14,1.051,1.051,1.055,1.05,1608721.0,,0.4752851711026514,-0.0950570342205429,-0.0010000000000001,
159358,2025-07-15,1.056,1.053,1.057,1.045,1390252.0,,1.1417697431018088,0.1902949571836348,0.002,
159358,2025-07-16,1.05,1.05,1.057,1.048,1305256.0,,0.8547008547008449,-0.2849002849002746,-0.0029999999999998,
159358,2025-07-17,1.052,1.06,1.061,1.052,1325961.0,,0.8571428571428473,0.9523809523809532,0.01,
159358,2025-07-18,1.064,1.068,1.069,1.062,1709466.0,,0.6603773584905561,0.7547169811320761,0.008,
159358,2025-07-21,1.067,1.074,1.075,1.067,1314240.0,,0.7490636704119856,0.5617977528089892,0.006,
159358,2025-07-22,1.076,1.083,1.085,1.071,1405580.0,,1.303538175046556,0.8379888268156327,0.0089999999999998,
159358,2025-07-23,1.086,1.084,1.092,1.082,1507869.0,,0.9233610341643592,0.0923361034164461,0.0010000000000001,
159358,2025-07-24,1.084,1.092,1.093,1.082,1520491.0,,1.0147601476014667,0.7380073800738013,0.008,
159358,2025-07-25,1.09,1.09,1.094,1.087,1654483.0,,0.6410256410256516,-0.1831501831501833,-0.002,
159358,2025-07-28,1.09,1.093,1.094,1.085,1456470.0,,0.8256880733945062,0.2752293577981551,0.0029999999999998,
159358,2025-07-29,1.091,1.1,1.1,1.088,1891341.0,,1.0978956999085097,0.6404391582799741,0.0070000000000001,
159358,2025-07-30,1.095,1.097,1.107,1.089,1751179.0,,1.6363636363636376,-0.272727272727283,-0.0030000000000001,
159358,2025-07-31,1.097,1.078,1.097,1.073,1776171.0,,2.1877848678213327,-1.7319963536918783,-0.0189999999999999,
159358,2025-08-01,1.078,1.073,1.08,1.067,1503309.0,,1.2059369202226458,-0.4638218923933316,-0.0050000000000001,
159358,2025-08-04,1.071,1.077,1.077,1.068,1311180.0,,0.8387698042870361,0.3727865796831317,0.004,
159358,2025-08-05,1.078,1.086,1.086,1.078,1437307.0,,0.7428040854224706,0.8356545961002897,0.0090000000000001,
159358,2025-08-06,1.086,1.089,1.089,1.083,1319876.0,,0.5524861878453042,0.2762430939226419,0.0029999999999998,
159358,2025-08-07,1.09,1.088,1.093,1.082,1467856.0,,1.0101010101010008,-0.0918273645546271,-0.0009999999999998,
159358,2025-08-08,1.088,1.086,1.091,1.084,998671.0,,0.6433823529411669,-0.1838235294117648,-0.002,
159358,2025-08-11,1.086,1.098,1.098,1.086,1263066.0,,1.1049723756906085,1.1049723756906085,0.012,
159358,2025-08-12,1.093,1.101,1.101,1.092,1458573.0,,0.8196721311475315,0.2732240437158371,0.0029999999999998,
159358,2025-08-13,1.1,1.108,1.113,1.098,1269613.0,,1.362397820163479,0.6357856494096383,0.0070000000000001,
159358,2025-08-14,1.109,1.108,1.119,1.103,1214882.0,,1.44404332129964,0.0,0.0,
159358,2025-08-15,1.105,1.117,1.119,1.103,1033301.0,,1.44404332129964,0.8122743682310375,0.0089999999999998,
159358,2025-08-18,1.116,1.128,1.136,1.116,1442984.0,,1.7905102954341805,0.9847806624888004,0.0109999999999998,
159358,2025-08-19,1.129,1.122,1.134,1.121,1063098.0,,1.1524822695035373,-0.5319148936170021,-0.0059999999999997,
159358,2025-08-20,1.12,1.137,1.137,1.113,1208729.0,,2.1390374331550817,1.3368983957219165,0.0149999999999999,
159358,2025-08-21,1.134,1.14,1.146,1.134,1213673.0,,1.0554089709762544,0.2638522427440538,0.0029999999999998,
159358,2025-08-22,1.138,1.163,1.166,1.138,1314304.0,,2.4561403508771957,2.017543859649135,0.0230000000000001,
159358,2025-08-25,1.17,1.19,1.191,1.17,1273131.0,,1.8056749785038808,2.321582115219253,0.0269999999999999,
159358,2025-08-26,1.186,1.19,1.193,1.18,1321623.0,,1.0924369747899263,0.0,0.0,
159358,2025-08-27,1.19,1.17,1.201,1.169,1518378.0,,2.6890756302521037,-1.6806722689075646,-0.02,
159358,2025-08-28,1.17,1.19,1.196,1.165,1596623.0,,2.6495726495726424,1.7094017094017109,0.02,
159358,2025-08-29,1.192,1.206,1.21,1.19,1480504.0,,1.6806722689075646,1.3445378151260516,0.016,
159358,2025-09-01,1.206,1.215,1.215,1.202,1269939.0,,1.0779436152570585,0.7462686567164278,0.0090000000000001,
159358,2025-09-02,1.215,1.2,1.219,1.189,981144.0,,2.469135802469138,-1.234567901234578,-0.0150000000000001,
159358,2025-09-03,1.204,1.194,1.205,1.183,1021727.0,,1.833333333333335,-0.5000000000000004,-0.006,
159358,2025-09-04,1.194,1.166,1.194,1.151,1115966.0,,3.6013400335008314,-2.345058626465664,-0.028,
159358,2025-09-05,1.165,1.192,1.197,1.159,1012237.0,,3.259005145797602,2.229845626072043,0.026,
159358,2025-09-08,1.195,1.198,1.201,1.189,771598.0,,1.006711409395974,0.5033557046979871,0.006,
159358,2025-09-09,1.199,1.19,1.201,1.184,875865.0,,1.4190317195325648,-0.6677796327212027,-0.008,
159358,2025-09-10,1.19,1.195,1.198,1.181,2324390.0,,1.4285714285714206,0.4201680672269005,0.0050000000000001,
159358,2025-09-11,1.195,1.225,1.225,1.186,1211007.0,,3.263598326359845,2.510460251046027,0.03,
159358,2025-09-12,1.221,1.216,1.226,1.216,1342733.0,,0.8163265306122455,-0.7346938775510301,-0.0090000000000001,
159358,2025-09-15,1.216,1.22,1.229,1.216,1108818.0,,1.0690789473684312,0.3289473684210529,0.004,
159358,2025-09-16,1.221,1.218,1.226,1.209,909084.0,,1.393442622950812,-0.1639344262295083,-0.002,
159358,2025-09-17,1.22,1.232,1.232,1.215,931156.0,,1.395730706075526,1.1494252873563229,0.014,
159358,2025-09-18,1.232,1.214,1.239,1.204,1075157.0,,2.840909090909103,-1.4610389610389625,-0.018,
159358,2025-09-19,1.218,1.219,1.227,1.215,1184538.0,,0.9884678747940702,0.4118616144975383,0.0050000000000001,
159358,2025-09-22,1.218,1.221,1.223,1.212,1118271.0,,0.9023789991796652,0.1640689089417557,0.002,
159358,2025-09-23,1.222,1.222,1.23,1.202,1101129.0,,2.2932022932022957,0.0819000819000728,0.0009999999999998,
159358,2025-09-24,1.214,1.237,1.237,1.213,905441.0,,1.9639934533551573,1.2274959083469823,0.0150000000000001,
159358,2025-09-25,1.238,1.245,1.252,1.235,803471.0,,1.3742926434923122,0.6467259498787393,0.008,
159358,2025-09-26,1.24,1.234,1.248,1.233,1002100.0,,1.2048192771084258,-0.8835341365461944,-0.0110000000000001,
159358,2025-09-29,1.233,1.25,1.257,1.23,1268529.0,,2.1880064829821646,1.2965964343598066,0.016,
159358,2025-09-30,1.25,1.259,1.26,1.25,856110.0,,0.8000000000000007,0.7199999999999918,0.0089999999999998,
159358,2025-10-09,1.262,1.283,1.284,1.261,828278.0,,1.826846703733132,1.9062748212867373,0.024,
159358,2025-10-10,1.278,1.253,1.278,1.246,1133070.0,,2.4941543257989114,-2.338269680436479,-0.03,
159358,2025-10-13,1.242,1.248,1.248,1.215,1098800.0,,2.633679169992013,-0.3990422984836307,-0.0049999999999998,
159358,2025-10-14,1.25,1.227,1.268,1.217,1329220.0,,4.086538461538456,-1.6826923076923004,-0.0209999999999999,
159358,2025-10-15,1.227,1.242,1.242,1.219,1524504.0,,1.8744906275468547,1.2224938875305542,0.0149999999999999,
159358,2025-10-16,1.24,1.24,1.249,1.235,1273192.0,,1.1272141706924326,-0.1610305958132046,-0.002,
159358,2025-10-17,1.239,1.213,1.24,1.208,1410866.0,,2.580645161290325,-2.177419354838703,-0.0269999999999999,
159358,2025-10-20,1.216,1.221,1.227,1.211,890035.0,,1.3190436933223424,0.6595218466611712,0.008,
159358,2025-10-21,1.221,1.239,1.239,1.22,1061386.0,,1.5561015561015663,1.4742014742014755,0.018,
159358,2025-10-22,1.233,1.232,1.235,1.225,918230.0,,0.8071025020177569,-0.5649717514124388,-0.0070000000000001,
159358,2025-10-23,1.228,1.239,1.239,1.216,956534.0,,1.8668831168831277,0.5681818181818278,0.0070000000000001,
159358,2025-10-24,1.237,1.251,1.252,1.237,922816.0,,1.2106537530266264,0.9685230024212904,0.0119999999999997,
159358,2025-10-27,1.261,1.268,1.271,1.261,822818.0,,0.7993605115907281,1.3589128697042467,0.0170000000000001,
159358,2025-10-28,1.268,1.263,1.275,1.26,889627.0,,1.1829652996845348,-0.3943217665615233,-0.0050000000000001,
159358,2025-10-29,1.264,1.28,1.28,1.264,1046838.0,,1.2668250197941422,1.3460015835312849,0.0170000000000001,
159358,2025-10-30,1.282,1.269,1.282,1.267,1071209.0,,1.1718750000000098,-0.8593750000000094,-0.0110000000000001,
159358,2025-10-31,1.269,1.256,1.27,1.254,966423.0,,1.2608353033884965,-1.0244286840031445,-0.0129999999999999,
159358,2025-11-03,1.253,1.257,1.257,1.238,868768.0,,1.5127388535031772,0.0796178343948957,0.0009999999999998,
159358,2025-11-04,1.257,1.243,1.257,1.236,880622.0,,1.6706443914081073,-1.113762927605393,-0.0139999999999997,
159358,2025-11-05,1.234,1.249,1.25,1.226,788248.0,,1.9308125502815785,0.4827031375703946,0.006,
159358,2025-11-06,1.247,1.264,1.267,1.247,829260.0,,1.6012810248198397,1.200960768614884,0.0149999999999999,
159358,2025-11-07,1.263,1.265,1.267,1.256,922442.0,,0.870253164556954,0.0791139240506241,0.0009999999999998,
159358,2025-11-10,1.268,1.265,1.269,1.256,982359.0,,1.0276679841897154,0.0,0.0,
159358,2025-11-11,1.269,1.259,1.27,1.253,823376.0,,1.3438735177865713,-0.4743083003952574,-0.006,
159358,2025-11-12,1.254,1.257,1.259,1.244,938436.0,,1.191421763304202,-0.1588562351072281,-0.002,
159358,2025-11-13,1.252,1.267,1.269,1.252,784921.0,,1.3524264120922758,0.7955449482895791,0.01,
159358,2025-11-14,1.262,1.252,1.264,1.248,745786.0,,1.2628255722178383,-1.183898973954215,-0.0149999999999999,
159358,2025-11-17,1.248,1.244,1.25,1.239,762888.0,,0.8785942492012699,-0.6389776357827481,-0.008,
159358,2025-11-18,1.243,1.24,1.244,1.23,705359.0,,1.1254019292604511,-0.3215434083601289,-0.004,
159358,2025-11-19,1.237,1.239,1.243,1.233,636691.0,,0.8064516129032264,-0.0806451612903137,-0.0009999999999998,
159358,2025-11-20,1.242,1.23,1.248,1.228,772022.0,,1.6142050040355138,-0.7263922518159902,-0.0090000000000001,
159358,2025-11-21,1.229,1.203,1.229,1.196,748153.0,,2.682926829268304,-2.1951219512195053,-0.0269999999999999,
159358,2025-11-24,1.203,1.198,1.21,1.191,784302.0,,1.5793848711554366,-0.415627597672495,-0.0050000000000001,
159358,2025-11-25,1.202,1.211,1.218,1.202,853647.0,,1.335559265442405,1.0851419031719636,0.0130000000000001,
159358,2025-11-26,1.212,1.217,1.223,1.21,1033889.0,,1.073492981007442,0.4954582989265074,0.006,
159358,2025-11-27,1.217,1.218,1.231,1.215,513424.0,,1.3147082990961392,0.0821692686934995,0.0009999999999998,
159358,2025-11-28,1.216,1.225,1.225,1.212,786591.0,,1.0673234811165948,0.5747126436781705,0.0070000000000001,
159358,2025-12-01,1.224,1.236,1.236,1.224,808880.0,,0.9795918367346949,0.8979591836734611,0.0109999999999998,
159358,2025-12-02,1.236,1.229,1.237,1.226,836761.0,,0.8899676375404628,-0.5663430420711889,-0.0069999999999998,
159358,2025-12-03,1.228,1.224,1.233,1.22,672793.0,,1.0577705451586756,-0.4068348250610346,-0.0050000000000001,
159358,2025-12-04,1.223,1.227,1.23,1.218,772479.0,,0.980392156862746,0.2450980392156955,0.0030000000000001,
159358,2025-12-05,1.227,1.24,1.242,1.223,910880.0,,1.5484922575387046,1.0594947025264791,0.0129999999999999,
159358,2025-12-08,1.24,1.247,1.254,1.24,1306644.0,,1.1290322580645171,0.5645161290322674,0.0070000000000001,
159358,2025-12-09,1.249,1.242,1.251,1.239,1279481.0,,0.96230954290295,-0.4009623095429122,-0.0050000000000001,
159358,2025-12-10,1.242,1.241,1.245,1.23,846024.0,,1.2077294685990438,-0.0805152979065933,-0.0009999999999998,
159358,2025-12-11,1.243,1.233,1.248,1.232,710553.0,,1.289282836422241,-0.6446414182111205,-0.008,
159358,2025-12-12,1.233,1.241,1.244,1.229,797630.0,,1.216545012165442,0.6488240064882406,0.008,
159358,2025-12-15,1.241,1.235,1.246,1.234,850595.0,,0.9669621273166809,-0.4834810636583404,-0.006,
159358,2025-12-16,1.235,1.219,1.235,1.213,1471114.0,,1.7813765182186252,-1.2955465587044543,-0.016,
159358,2025-12-17,1.218,1.242,1.247,1.217,3436307.0,,2.461033634126335,1.886792452830181,0.0229999999999999,
159358,2025-12-18,1.24,1.235,1.242,1.233,901603.0,,0.724637681159412,-0.5636070853462074,-0.0069999999999998,
159358,2025-12-19,1.238,1.241,1.247,1.235,895828.0,,0.9716599190283408,0.4858299595141704,0.006,
159358,2025-12-22,1.251,1.254,1.256,1.248,961838.0,,0.6446414182111205,1.047542304593062,0.0129999999999999,
159358,2025-12-23,1.254,1.257,1.265,1.254,894339.0,,0.8771929824561323,0.2392344497607569,0.0029999999999998,
159358,2025-12-24,1.258,1.266,1.267,1.255,678734.0,,0.954653937947495,0.7159904534606301,0.0090000000000001,
159358,2025-12-25,1.263,1.267,1.272,1.261,567725.0,,0.8688783570300254,0.0789889415481745,0.0009999999999998,
159358,2025-12-26,1.27,1.276,1.281,1.267,677400.0,,1.104972375690609,0.7103393843725431,0.0090000000000001,
159358,2025-12-29,1.276,1.269,1.278,1.265,920544.0,,1.0188087774294767,-0.5485893416927992,-0.0070000000000001,
159358,2025-12-30,1.268,1.272,1.278,1.263,902515.0,,1.182033096926724,0.2364066193853517,0.0030000000000001,
159358,2025-12-31,1.272,1.269,1.277,1.266,2225648.0,,0.8647798742138285,-0.2358490566037825,-0.0030000000000001,
159358,2026-01-05,1.274,1.295,1.297,1.274,752968.0,,1.8124507486209545,2.0488573680063062,0.026,
159358,2026-01-06,1.295,1.319,1.319,1.295,1251678.0,,1.853281853281855,1.853281853281855,0.024,
159358,2026-01-07,1.316,1.318,1.324,1.311,970835.0,,0.9855951478392816,-0.0758150113722433,-0.0009999999999998,
159358,2026-01-08,1.318,1.312,1.318,1.305,767564.0,,0.986342943854334,-0.4552352048558425,-0.006,
159358,2026-01-09,1.312,1.323,1.328,1.307,914783.0,,1.6006097560975707,0.8384146341463337,0.0109999999999998,
159358,2026-01-12,1.325,1.338,1.343,1.322,543820.0,,1.5873015873015803,1.1337868480725717,0.0150000000000001,
159358,2026-01-13,1.338,1.329,1.349,1.325,725655.0,,1.7937219730941718,-0.6726457399103227,-0.0090000000000001,
159358,2026-01-14,1.333,1.328,1.351,1.319,712957.0,,2.407825432656135,-0.0752445447704958,-0.0009999999999998,
159358,2026-01-15,1.32,1.325,1.336,1.319,1036236.0,,1.2801204819277203,-0.2259036144578398,-0.0030000000000001,
159358,2026-01-16,1.332,1.322,1.342,1.32,1192994.0,,1.6603773584905674,-0.2264150943396144,-0.0029999999999998,
159358,2026-01-19,1.323,1.327,1.335,1.321,1173649.0,,1.0590015128593049,0.3782148260211719,0.0049999999999998,
159358,2026-01-20,1.329,1.321,1.333,1.31,1149109.0,,1.7332328560663084,-0.4521477015825174,-0.006,
159358,2026-01-21,1.32,1.327,1.336,1.32,1058513.0,,1.2112036336109018,0.4542013626040882,0.006,
159358,2026-01-22,1.329,1.327,1.337,1.321,1388485.0,,1.2057272042200462,0.0,0.0,
159358,2026-01-23,1.329,1.332,1.337,1.328,1047240.0,,0.6782215523737677,0.3767897513187728,0.0050000000000001,
159358,2026-01-26,1.337,1.332,1.348,1.328,960840.0,,1.5015015015015027,0.0,0.0,
159358,2026-01-27,1.326,1.333,1.341,1.32,648177.0,,1.5765765765765696,0.0750750750750668,0.0009999999999998,
159358,2026-01-28,1.335,1.339,1.343,1.333,678839.0,,0.7501875468867224,0.4501125281320334,0.006,
159358,2026-01-29,1.34,1.347,1.35,1.334,874321.0,,1.1949215832710989,0.5974607916355494,0.008,
159358,2026-01-30,1.335,1.326,1.338,1.305,385686.0,,2.4498886414254004,-1.559020044543423,-0.0209999999999999,
159358,2026-02-02,1.31,1.286,1.326,1.285,967176.0,,3.0920060331825145,-3.016591251885372,-0.04,
159358,2026-02-03,1.299,1.316,1.316,1.289,624887.0,,2.0995334370140077,2.3328149300155543,0.03,
159358,2026-02-04,1.31,1.325,1.326,1.307,566116.0,,1.443768996960496,0.6838905775075909,0.0089999999999998,
159358,2026-02-05,1.318,1.311,1.318,1.301,559033.0,,1.2830188679245378,-1.0566037735849063,-0.014,
159358,2026-02-06,1.304,1.305,1.316,1.289,734327.0,,2.059496567505731,-0.4576659038901606,-0.006,
159358,2026-02-09,1.315,1.33,1.33,1.315,371729.0,,1.149425287356331,1.9157088122605463,0.0250000000000001,
159358,2026-02-10,1.33,1.33,1.331,1.325,605950.0,,0.4511278195488725,0.0,0.0,
159358,2026-02-11,1.328,1.329,1.332,1.327,547100.0,,0.3759398496240688,-0.0751879699248204,-0.0010000000000001,
159358,2026-02-12,1.329,1.334,1.334,1.327,1576933.0,,0.5267118133935378,0.3762227238525294,0.0050000000000001,
159358,2026-02-13,1.332,1.315,1.332,1.315,848685.0,,1.274362818590714,-1.4242878560719734,-0.0190000000000001,
159358,2026-02-24,1.33,1.33,1.337,1.326,810633.0,,0.8365019011406768,1.1406844106463974,0.0150000000000001,
159358,2026-02-25,1.332,1.343,1.351,1.33,491283.0,,1.5789473684210458,0.9774436090225488,0.0129999999999999,
159358,2026-02-26,1.351,1.341,1.351,1.335,756224.0,,1.1913626209977672,-0.1489203276247209,-0.002,
159358,2026-02-27,1.338,1.344,1.345,1.327,596842.0,,1.342281879194632,0.2237136465324469,0.0030000000000001,
159358,2026-03-02,1.337,1.346,1.349,1.329,676479.0,,1.4880952380952397,0.1488095238095239,0.002,
159358,2026-03-03,1.348,1.317,1.351,1.316,526147.0,,2.600297176820202,-2.1545319465081825,-0.0290000000000001,
159358,2026-03-04,1.301,1.303,1.317,1.296,548392.0,,1.5945330296127496,-1.0630220197418383,-0.014,
159358,2026-03-05,1.314,1.316,1.329,1.309,554576.0,,1.534919416730623,0.9976976208749134,0.0130000000000001,
159358,2026-03-06,1.31,1.319,1.323,1.307,683776.0,,1.2158054711246211,0.227963525835858,0.0029999999999998,
159358,2026-03-09,1.312,1.305,1.312,1.279,707434.0,,2.501895375284317,-1.0614101592115248,-0.014,
159358,2026-03-10,1.311,1.326,1.328,1.311,487883.0,,1.3026819923371746,1.6091954022988606,0.0210000000000001,
159358,2026-03-11,1.328,1.332,1.337,1.326,439330.0,,0.829562594268469,0.4524886877828058,0.006,
159358,2026-03-12,1.334,1.325,1.334,1.315,491611.0,,1.426426426426436,-0.5255255255255343,-0.0070000000000001,
159358,2026-03-13,1.323,1.316,1.331,1.314,465707.0,,1.2830188679245211,-0.6792452830188602,-0.0089999999999998,
159358,2026-03-16,1.314,1.313,1.315,1.298,494014.0,,1.2917933130699015,-0.2279635258358748,-0.0030000000000001,
159358,2026-03-17,1.318,1.299,1.326,1.298,667609.0,,2.1325209444021347,-1.0662604722010671,-0.014,
159358,2026-03-18,1.305,1.306,1.307,1.289,533867.0,,1.3856812933025418,0.5388760585065526,0.0070000000000001,
159358,2026-03-19,1.294,1.282,1.297,1.277,517585.0,,1.531393568147015,-1.8376722817764184,-0.024,
159358,2026-03-20,1.284,1.275,1.295,1.273,823566.0,,1.7160686427457112,-0.546021840873644,-0.0070000000000001,
159358,2026-03-23,1.256,1.232,1.272,1.226,728505.0,,3.6078431372549056,-3.372549019607838,-0.0429999999999999,
159358,2026-03-24,1.242,1.247,1.249,1.222,671462.0,,2.1915584415584526,1.2175324675324777,0.0150000000000001,
159358,2026-03-25,1.254,1.268,1.271,1.254,810248.0,,1.3632718524458622,1.6840417000801848,0.0209999999999999,
159358,2026-03-26,1.266,1.251,1.27,1.248,558610.0,,1.735015772870664,-1.340694006309158,-0.0170000000000001,
159358,2026-03-27,1.245,1.261,1.268,1.234,500953.0,,2.717825739408476,0.7993605115907281,0.01,
159358,2026-03-30,1.255,1.26,1.262,1.244,544404.0,,1.427438540840604,-0.0793021411578025,-0.0009999999999998,
159358,2026-03-31,1.262,1.248,1.269,1.247,583406.0,,1.74603174603173,-0.9523809523809532,-0.012,
159358,2026-04-01,1.261,1.267,1.271,1.259,654512.0,,0.9615384615384625,1.52243589743589,0.0189999999999999,
159358,2026-04-02,1.265,1.251,1.265,1.244,580461.0,,1.6574585635359047,-1.2628255722178383,-0.016,
159358,2026-04-03,1.253,1.24,1.254,1.238,636822.0,,1.278976818545165,-0.8792965627497922,-0.0109999999999998,
159358,2026-04-07,1.242,1.241,1.249,1.236,594348.0,,1.0483870967742035,0.0806451612903316,0.0010000000000001,
159358,2026-04-08,1.26,1.29,1.291,1.242,480917.0,,3.948428686543105,3.948428686543105,0.0489999999999999,
159358,2026-04-09,1.288,1.284,1.289,1.278,626011.0,,0.8527131782945658,-0.4651162790697679,-0.006,
159358,2026-04-10,1.287,1.301,1.31,1.287,640816.0,,1.7912772585669885,1.3239875389408025,0.0169999999999999,
159358,2026-04-13,1.297,1.304,1.307,1.297,683468.0,,0.7686395080707156,0.2305918524212231,0.0030000000000001,
159358,2026-04-14,1.309,1.321,1.322,1.308,619374.0,,1.0736196319018414,1.3036809815950847,0.0169999999999999,
159358,2026-04-15,1.325,1.314,1.33,1.311,557045.0,,1.4383043149129546,-0.5299015897047612,-0.0069999999999998,
159358,2026-04-16,1.317,1.334,1.334,1.317,572128.0,,1.2937595129376045,1.5220700152207014,0.02,
159358,2026-04-17,1.334,1.331,1.335,1.327,681659.0,,0.599700149925038,-0.2248875562218975,-0.0030000000000001,
159358,2026-04-20,1.33,1.342,1.346,1.33,469686.0,,1.2021036814425254,0.8264462809917446,0.0110000000000001,
159358,2026-04-21,1.342,1.344,1.347,1.331,585426.0,,1.1922503725782423,0.1490312965722803,0.002,
159358,2026-04-22,1.35,1.358,1.358,1.339,524530.0,,1.4136904761904856,1.0416666666666674,0.014,
159358,2026-04-23,1.358,1.348,1.362,1.34,577036.0,,1.6200294550810026,-0.7363770250368195,-0.01,
159358,2026-04-24,1.346,1.346,1.352,1.336,519956.0,,1.1869436201780426,-0.1483679525222553,-0.002,
159358,2026-04-27,1.351,1.348,1.353,1.344,444453.0,,0.6686478454680458,0.148588410104012,0.002,
159358,2026-04-28,1.345,1.343,1.349,1.335,813466.0,,1.0385756676557871,-0.3709198813056465,-0.0050000000000001,
159358,2026-04-29,1.336,1.36,1.362,1.335,521314.0,,2.010424422933741,1.265822784810136,0.0170000000000001,
159358,2026-04-30,1.356,1.363,1.365,1.342,438854.0,,1.6911764705882286,0.2205882352941096,0.0029999999999998,
159358,2026-05-06,1.37,1.387,1.394,1.37,387214.0,,1.7608217168011593,1.7608217168011755,0.024,
159358,2026-05-07,1.376,1.396,1.398,1.373,404302.0,,1.8024513338139807,0.648882480173028,0.0089999999999998,
159358,2026-05-08,1.396,1.396,1.396,1.383,486381.0,,0.9312320916905372,0.0,0.0,
159358,2026-05-11,1.399,1.419,1.419,1.396,570023.0,,1.6475644699140497,1.6475644699140497,0.0230000000000001,
159358,2026-05-12,1.422,1.412,1.422,1.407,619051.0,,1.0570824524312827,-0.4933051444679434,-0.0070000000000001,
159358,2026-05-13,1.399,1.428,1.43,1.399,479419.0,,2.1954674220963115,1.133144475920681,0.016,
159358,2026-05-14,1.43,1.402,1.439,1.401,560581.0,,2.6610644257703107,-1.8207282913165288,-0.026,
159358,2026-05-15,1.399,1.383,1.406,1.374,596380.0,,2.2824536376604714,-1.3552068473609065,-0.0189999999999999,
159358,2026-05-18,1.373,1.378,1.387,1.368,665583.0,,1.373825018076638,-0.3615328994938623,-0.0050000000000001,
159358,2026-05-19,1.371,1.385,1.405,1.358,473965.0,,3.4107402031930287,0.5079825834542901,0.0070000000000001,
159358,2026-05-20,1.384,1.393,1.393,1.378,520601.0,,1.0830324909747382,0.577617328519856,0.008,
159358,2026-05-21,1.394,1.365,1.414,1.364,540616.0,,3.5893754486719187,-2.010050251256283,-0.028,
159358,2026-05-22,1.375,1.384,1.387,1.367,468179.0,,1.4652014652014669,1.391941391941385,0.0189999999999999,
159358,2026-05-25,1.391,1.406,1.406,1.37,467472.0,,2.601156069364148,1.589595375722545,0.022,
159358,2026-05-26,1.396,1.413,1.413,1.393,543440.0,,1.4224751066856345,0.4978662873399799,0.0070000000000001,
159358,2026-05-27,1.411,1.398,1.421,1.391,512810.0,,2.1231422505307878,-1.0615711252654016,-0.0150000000000001,
159358,2026-05-28,1.388,1.398,1.402,1.377,522944.0,,1.788268955650924,0.0,0.0,
159358,2026-05-29,1.399,1.385,1.407,1.379,586511.0,,2.002861230329044,-0.9298998569384764,-0.0129999999999999,
159358,2026-06-01,1.386,1.369,1.395,1.367,527417.0,,2.021660649819496,-1.155234657039712,-0.016,
159358,2026-06-02,1.372,1.387,1.394,1.361,513758.0,,2.410518626734837,1.31482834185537,0.018,
159358,2026-06-03,1.387,1.395,1.411,1.385,594841.0,,1.874549387166548,0.5767844268204764,0.008,
