code,date,open,close,high,low,volume,amount,amplitude,pct_chg,price_change,turnover_rate
560350,2024-03-12,0.953,0.961,0.961,0.948,8950808.0,,,,,
560350,2024-03-13,0.959,0.954,0.96,0.949,2245468.0,,1.1446409989594184,-0.7284079084287207,-0.007000000000000006,
560350,2024-03-14,0.952,0.952,0.962,0.947,2175895.0,,1.5723270440251587,-0.20964360587002115,-0.0020000000000000018,
560350,2024-03-15,0.95,0.95,0.952,0.94,1995698.0,,1.2605042016806736,-0.21008403361344558,-0.0020000000000000018,
560350,2024-03-18,0.95,0.956,0.957,0.948,1517327.0,,0.9473684210526325,0.6315789473684217,0.006000000000000005,
560350,2024-03-19,0.956,0.949,0.956,0.947,1081726.0,,0.9414225941422603,-0.7322175732217581,-0.007000000000000006,
560350,2024-03-20,0.945,0.949,0.952,0.945,1592889.0,,0.7376185458377247,0.0,0.0,
560350,2024-03-21,0.951,0.949,0.955,0.947,996682.0,,0.8429926238145424,0.0,0.0,
560350,2024-03-22,0.948,0.939,0.948,0.931,2582023.0,,1.7913593256058908,-1.053740779768178,-0.010000000000000009,
560350,2024-03-25,0.937,0.936,0.944,0.934,1349425.0,,1.0649627263045687,-0.3194888178913623,-0.0029999999999998916,
560350,2024-03-26,0.937,0.94,0.943,0.935,1414332.0,,0.8547008547008436,0.42735042735041584,0.0039999999999998925,
560350,2024-03-27,0.94,0.935,0.943,0.933,1440377.0,,1.0638297872340319,-0.5319148936170099,-0.004999999999999893,
560350,2024-03-28,0.934,0.938,0.945,0.928,1833477.0,,1.8181818181818077,0.32085561497325044,0.0029999999999998916,
560350,2024-03-29,0.937,0.941,0.943,0.936,1234260.0,,0.7462686567164067,0.31982942430703654,0.0030000000000000027,
560350,2024-04-01,0.942,0.957,0.96,0.942,2384416.0,,1.912858660998939,1.7003188097768347,0.016000000000000014,
560350,2024-04-02,0.957,0.954,0.958,0.95,1255481.0,,0.8359456635318712,-0.3134796238244517,-0.0030000000000000027,
560350,2024-04-03,0.954,0.953,0.954,0.948,1437596.0,,0.6289308176100634,-0.10482180293501057,-0.0010000000000000009,
560350,2024-04-08,0.95,0.944,0.951,0.943,1981631.0,,0.8394543546694656,-0.9443861490031489,-0.009000000000000008,
560350,2024-04-09,0.944,0.943,0.946,0.939,1798008.0,,0.7415254237288142,-0.10593220338983061,-0.0010000000000000009,
560350,2024-04-10,0.943,0.935,0.944,0.932,1643735.0,,1.272534464475069,-0.848356309650042,-0.007999999999999896,
560350,2024-04-11,0.933,0.933,0.938,0.928,1494107.0,,1.069518716577529,-0.2139037433155082,-0.0020000000000000018,
560350,2024-04-12,0.933,0.923,0.936,0.922,1994079.0,,1.5005359056806014,-1.0718113612004296,-0.010000000000000009,
560350,2024-04-15,0.924,0.944,0.947,0.924,2406217.0,,2.4918743228602285,2.275189599133251,0.020999999999999908,
560350,2024-04-16,0.942,0.941,0.948,0.935,3024572.0,,1.3771186440677863,-0.3177966101694918,-0.0030000000000000027,
560350,2024-04-17,0.94,0.95,0.951,0.935,1942947.0,,1.700318809776823,0.9564293304994695,0.009000000000000008,
560350,2024-04-18,0.946,0.952,0.962,0.946,3501210.0,,1.6842105263157912,0.2105263157894739,0.0020000000000000018,
560350,2024-04-19,0.948,0.946,0.952,0.941,1616420.0,,1.1554621848739506,-0.6302521008403368,-0.006000000000000005,
560350,2024-04-22,0.945,0.946,0.954,0.944,2004401.0,,1.0570824524312907,0.0,0.0,
560350,2024-04-23,0.944,0.938,0.946,0.935,1486596.0,,1.162790697674408,-0.8456659619450324,-0.008000000000000007,
560350,2024-04-24,0.938,0.94,0.942,0.935,1229915.0,,0.7462686567164067,0.21321961620469104,0.0020000000000000018,
560350,2024-04-25,0.938,0.944,0.948,0.935,1956346.0,,1.3829787234042448,0.42553191489361747,0.0040000000000000036,
560350,2024-04-26,0.946,0.959,0.961,0.944,2219131.0,,1.8008474576271205,1.5889830508474594,0.015000000000000013,
560350,2024-04-29,0.96,0.972,0.979,0.956,2492610.0,,2.39833159541189,1.3555787278415028,0.013000000000000012,
560350,2024-04-30,0.971,0.968,0.973,0.966,1637277.0,,0.7201646090534986,-0.41152263374485637,-0.0040000000000000036,
560350,2024-05-06,0.98,0.986,0.987,0.98,1938408.0,,0.7231404958677692,1.8595041322314068,0.018000000000000016,
560350,2024-05-07,0.984,0.985,0.989,0.981,3187710.0,,0.811359026369169,-0.10141987829614613,-0.0010000000000000009,
560350,2024-05-08,0.983,0.976,0.983,0.975,1282102.0,,0.812182741116752,-0.9137055837563459,-0.009000000000000008,
560350,2024-05-09,0.975,0.985,0.988,0.975,1338557.0,,1.3319672131147553,0.9221311475409845,0.009000000000000008,
560350,2024-05-10,0.986,0.986,0.99,0.979,1834451.0,,1.116751269035534,0.101522842639594,0.0010000000000000009,
560350,2024-05-13,0.982,0.981,0.986,0.975,2512727.0,,1.1156186612576076,-0.5070993914807307,-0.0050000000000000044,
560350,2024-05-14,0.984,0.979,0.985,0.976,1355874.0,,0.9174311926605512,-0.2038735983690114,-0.0020000000000000018,
560350,2024-05-15,0.978,0.972,0.98,0.97,3475039.0,,1.0214504596527076,-0.7150153217568954,-0.007000000000000006,
560350,2024-05-16,0.974,0.978,0.982,0.97,3042786.0,,1.234567901234569,0.6172839506172845,0.006000000000000005,
560350,2024-05-17,0.98,0.99,0.992,0.974,2677070.0,,1.8404907975460139,1.226993865030676,0.01200000000000001,
560350,2024-05-20,0.992,0.991,0.998,0.988,2830225.0,,1.010101010101011,0.10101010101010109,0.0010000000000000009,
560350,2024-05-21,0.989,0.987,0.992,0.982,2679035.0,,1.0090817356205861,-0.40363269424823445,-0.0040000000000000036,
560350,2024-05-22,0.985,0.988,0.99,0.984,2138144.0,,0.6079027355623106,0.10131712259371843,0.0010000000000000009,
560350,2024-05-23,0.984,0.978,0.985,0.974,1748843.0,,1.1133603238866407,-1.0121457489878551,-0.010000000000000009,
560350,2024-05-24,0.975,0.967,0.979,0.965,2146113.0,,1.4314928425357885,-1.1247443762781197,-0.01100000000000001,
560350,2024-05-27,0.967,0.973,0.974,0.966,1974257.0,,0.8273009307135478,0.6204756980351609,0.006000000000000005,
560350,2024-05-28,0.971,0.966,0.974,0.965,1807840.0,,0.9249743062692711,-0.7194244604316553,-0.007000000000000006,
560350,2024-05-29,0.965,0.968,0.974,0.965,1610484.0,,0.9316770186335412,0.20703933747412026,0.0020000000000000018,
560350,2024-05-30,0.968,0.963,0.972,0.959,3714383.0,,1.3429752066115714,-0.5165289256198352,-0.0050000000000000044,
560350,2024-05-31,0.963,0.959,0.969,0.958,2413486.0,,1.1422637590861902,-0.4153686396677055,-0.0040000000000000036,
560350,2024-06-03,0.959,0.962,0.965,0.953,2523683.0,,1.2513034410844641,0.31282586027111603,0.0030000000000000027,
560350,2024-06-04,0.96,0.972,0.974,0.96,1956041.0,,1.4553014553014565,1.0395010395010404,0.010000000000000009,
560350,2024-06-05,0.97,0.967,0.974,0.966,2027909.0,,0.8230452674897127,-0.5144032921810704,-0.0050000000000000044,
560350,2024-06-06,0.97,0.966,0.976,0.964,2063356.0,,1.2409513960703218,-0.10341261633919348,-0.0010000000000000009,
560350,2024-06-07,0.967,0.958,0.968,0.951,2257751.0,,1.7598343685300222,-0.828157349896481,-0.008000000000000007,
560350,2024-06-11,0.954,0.951,0.956,0.944,3254970.0,,1.2526096033402934,-0.7306889352818379,-0.007000000000000006,
560350,2024-06-12,0.949,0.947,0.951,0.944,3423848.0,,0.7360672975814939,-0.42060988433228225,-0.0040000000000000036,
560350,2024-06-13,0.948,0.942,0.95,0.939,3108290.0,,1.1615628299894414,-0.5279831045406552,-0.0050000000000000044,
560350,2024-06-14,0.942,0.947,0.949,0.934,2400334.0,,1.5923566878980788,0.5307855626326968,0.0050000000000000044,
560350,2024-06-17,0.942,0.943,0.947,0.941,1854100.0,,0.6335797254487862,-0.4223864836325242,-0.0040000000000000036,
560350,2024-06-18,0.944,0.944,0.948,0.94,1759870.0,,0.8483563096500538,0.10604453870625673,0.0010000000000000009,
560350,2024-06-19,0.944,0.942,0.946,0.94,1699410.0,,0.6355932203389836,-0.21186440677966123,-0.0020000000000000018,
560350,2024-06-20,0.941,0.935,0.944,0.934,2124729.0,,1.0615711252653819,-0.7430997876857639,-0.006999999999999895,
560350,2024-06-21,0.935,0.932,0.938,0.926,2246546.0,,1.2834224598930375,-0.3208556149732623,-0.0030000000000000027,
560350,2024-06-24,0.927,0.932,0.939,0.925,2372425.0,,1.5021459227467706,0.0,0.0,
560350,2024-06-25,0.932,0.929,0.935,0.923,4055560.0,,1.2875536480686707,-0.32188841201716767,-0.0030000000000000027,
560350,2024-06-26,0.925,0.934,0.937,0.924,2629698.0,,1.3993541442411206,0.538213132400431,0.0050000000000000044,
560350,2024-06-27,0.933,0.929,0.933,0.925,2754756.0,,0.856531049250536,-0.5353319057815851,-0.0050000000000000044,
560350,2024-06-28,0.928,0.931,0.935,0.926,5014823.0,,0.9687836383207759,0.21528525296017242,0.0020000000000000018,
560350,2024-07-01,0.926,0.927,0.929,0.92,3492181.0,,0.9667024704618699,-0.42964554242749764,-0.0040000000000000036,
560350,2024-07-02,0.925,0.926,0.932,0.925,3065080.0,,0.7551240560949305,-0.10787486515641866,-0.0010000000000000009,
560350,2024-07-03,0.927,0.929,0.931,0.924,2383655.0,,0.7559395248380136,0.32397408207343437,0.0030000000000000027,
560350,2024-07-04,0.93,0.928,0.937,0.928,2882920.0,,0.9687836383207759,-0.10764262648008621,-0.0010000000000000009,
560350,2024-07-05,0.927,0.923,0.93,0.914,2083079.0,,1.7241379310344842,-0.5387931034482764,-0.0050000000000000044,
560350,2024-07-08,0.923,0.916,0.924,0.914,1907958.0,,1.0834236186348871,-0.758396533044421,-0.007000000000000006,
560350,2024-07-09,0.914,0.924,0.928,0.911,2162448.0,,1.8558951965065518,0.873362445414848,0.008000000000000007,
560350,2024-07-10,0.923,0.922,0.929,0.92,2956347.0,,0.9740259740259749,-0.21645021645021661,-0.0020000000000000018,
560350,2024-07-11,0.929,0.937,0.939,0.927,2563560.0,,1.3015184381778633,1.626898047722344,0.015000000000000013,
560350,2024-07-12,0.939,0.943,0.945,0.935,2499843.0,,1.0672358591248556,0.6403415154749087,0.005999999999999894,
560350,2024-07-15,0.94,0.941,0.944,0.939,1607886.0,,0.5302226935312836,-0.21208907741251345,-0.0020000000000000018,
560350,2024-07-16,0.941,0.944,0.945,0.937,1766274.0,,0.8501594048884056,0.3188097768331565,0.0030000000000000027,
560350,2024-07-17,0.944,0.948,0.951,0.941,2158688.0,,1.059322033898306,0.42372881355932246,0.0040000000000000036,
560350,2024-07-18,0.947,0.956,0.958,0.944,2631477.0,,1.4767932489451492,0.8438818565400852,0.008000000000000007,
560350,2024-07-19,0.954,0.964,0.965,0.949,2662551.0,,1.6736401673640184,0.8368200836820092,0.008000000000000007,
560350,2024-07-22,0.964,0.956,0.966,0.951,2123078.0,,1.5560165975103748,-0.8298755186721999,-0.008000000000000007,
560350,2024-07-23,0.956,0.937,0.957,0.935,2178432.0,,2.3012552301255136,-1.9874476987447602,-0.018999999999999906,
560350,2024-07-24,0.937,0.929,0.94,0.926,2942227.0,,1.4941302027748027,-0.853788687299894,-0.008000000000000007,
560350,2024-07-25,0.927,0.923,0.929,0.918,2152073.0,,1.1840688912809483,-0.6458557588805173,-0.006000000000000005,
560350,2024-07-26,0.924,0.926,0.932,0.922,1795973.0,,1.0834236186348871,0.3250270855904661,0.0030000000000000027,
560350,2024-07-29,0.926,0.918,0.926,0.917,1978387.0,,0.9719222462203032,-0.8639308855291584,-0.008000000000000007,
560350,2024-07-30,0.917,0.911,0.917,0.906,1983079.0,,1.1982570806100228,-0.762527233115469,-0.007000000000000006,
560350,2024-07-31,0.909,0.933,0.934,0.909,2655718.0,,2.7442371020856227,2.414928649835348,0.02200000000000002,
560350,2024-08-01,0.93,0.924,0.935,0.924,2687020.0,,1.1789924973204726,-0.9646302250803866,-0.009000000000000008,
560350,2024-08-02,0.921,0.915,0.925,0.913,2108705.0,,1.2987012987012998,-0.9740259740259749,-0.009000000000000008,
560350,2024-08-05,0.912,0.908,0.924,0.907,2700742.0,,1.8579234972677612,-0.7650273224043722,-0.007000000000000006,
560350,2024-08-06,0.912,0.903,0.916,0.896,2409526.0,,2.2026431718061694,-0.5506607929515424,-0.0050000000000000044,
560350,2024-08-07,0.904,0.902,0.908,0.898,1833764.0,,1.1074197120708758,-0.11074197120708759,-0.0010000000000000009,
560350,2024-08-08,0.901,0.904,0.909,0.896,1644423.0,,1.4412416851441254,0.22172949002217313,0.0020000000000000018,
560350,2024-08-09,0.907,0.901,0.911,0.9,1768880.0,,1.2168141592920365,-0.3318584070796463,-0.0030000000000000027,
560350,2024-08-12,0.9,0.899,0.903,0.898,1591403.0,,0.5549389567147619,-0.22197558268590473,-0.0020000000000000018,
560350,2024-08-13,0.9,0.899,0.9,0.893,2026535.0,,0.7786429365962186,0.0,0.0,
560350,2024-08-14,0.9,0.892,0.9,0.891,2295835.0,,1.0011123470522811,-0.7786429365962186,-0.007000000000000006,
560350,2024-08-15,0.892,0.901,0.906,0.888,2177369.0,,2.0179372197309435,1.0089686098654718,0.009000000000000008,
560350,2024-08-16,0.902,0.903,0.907,0.899,1427310.0,,0.8879023307436189,0.22197558268590473,0.0020000000000000018,
560350,2024-08-19,0.903,0.906,0.914,0.903,1729382.0,,1.2181616832779634,0.33222591362126275,0.0030000000000000027,
560350,2024-08-20,0.904,0.9,0.907,0.897,1479188.0,,1.1037527593818994,-0.6622516556291397,-0.006000000000000005,
560350,2024-08-21,0.898,0.898,0.902,0.893,1700577.0,,1.0000000000000009,-0.2222222222222224,-0.0020000000000000018,
560350,2024-08-22,0.896,0.897,0.901,0.894,1560789.0,,0.7795100222717155,-0.11135857461024509,-0.0010000000000000009,
560350,2024-08-23,0.897,0.905,0.907,0.895,1904532.0,,1.3377926421404693,0.8918617614269797,0.008000000000000007,
560350,2024-08-26,0.894,0.906,0.907,0.894,1889918.0,,1.4364640883977913,0.11049723756906087,0.0010000000000000009,
560350,2024-08-27,0.902,0.902,0.904,0.898,1364833.0,,0.6622516556291397,-0.44150110375275975,-0.0040000000000000036,
560350,2024-08-28,0.9,0.896,0.901,0.891,1759423.0,,1.1086474501108656,-0.6651884700665195,-0.006000000000000005,
560350,2024-08-29,0.894,0.896,0.899,0.892,1555049.0,,0.7812500000000007,0.0,0.0,
560350,2024-08-30,0.894,0.92,0.921,0.894,2810805.0,,3.0133928571428594,2.678571428571431,0.02400000000000002,
560350,2024-09-02,0.913,0.897,0.913,0.896,2322598.0,,1.8478260869565233,-2.500000000000002,-0.02300000000000002,
560350,2024-09-03,0.896,0.901,0.904,0.895,1410261.0,,1.003344481605352,0.44593088071348985,0.0040000000000000036,
560350,2024-09-04,0.897,0.897,0.903,0.896,1216383.0,,0.7769145394006666,-0.44395116537180945,-0.0040000000000000036,
560350,2024-09-05,0.897,0.898,0.902,0.895,1776279.0,,0.7803790412486071,0.11148272017837246,0.0010000000000000009,
560350,2024-09-06,0.897,0.89,0.903,0.89,2264948.0,,1.447661469933186,-0.8908685968819607,-0.008000000000000007,
560350,2024-09-09,0.889,0.879,0.89,0.875,2042274.0,,1.6853932584269677,-1.2359550561797763,-0.01100000000000001,
560350,2024-09-10,0.88,0.877,0.881,0.873,2109202.0,,0.9101251422070543,-0.22753128555176358,-0.0020000000000000018,
560350,2024-09-11,0.877,0.879,0.882,0.872,2031014.0,,1.1402508551881425,0.22805017103762845,0.0020000000000000018,
560350,2024-09-12,0.88,0.876,0.885,0.875,2186592.0,,1.137656427758818,-0.34129692832764535,-0.0030000000000000027,
560350,2024-09-13,0.876,0.872,0.881,0.872,1684160.0,,1.0273972602739736,-0.45662100456621046,-0.0040000000000000036,
560350,2024-09-18,0.872,0.879,0.882,0.872,3291919.0,,1.1467889908256892,0.8027522935779824,0.007000000000000006,
560350,2024-09-19,0.878,0.884,0.889,0.87,2546838.0,,2.1615472127417537,0.568828213879409,0.0050000000000000044,
560350,2024-09-20,0.883,0.884,0.885,0.875,2362401.0,,1.1312217194570147,0.0,0.0,
560350,2024-09-23,0.883,0.886,0.892,0.882,1956724.0,,1.1312217194570147,0.2262443438914029,0.0020000000000000018,
560350,2024-09-24,0.896,0.926,0.928,0.89,5338173.0,,4.28893905191874,4.514672686230252,0.040000000000000036,
560350,2024-09-25,0.939,0.945,0.963,0.939,3810473.0,,2.591792656587475,2.051835853131739,0.018999999999999906,
560350,2024-09-26,0.942,0.993,0.994,0.942,3647360.0,,5.502645502645508,5.079365079365084,0.04800000000000004,
560350,2024-09-27,1.007,1.045,1.07,1.007,2641603.0,,6.344410876132947,5.236656596173206,0.051999999999999935,
560350,2024-09-30,1.094,1.15,1.153,1.067,4195553.0,,8.229665071770341,10.047846889952151,0.10499999999999998,
560350,2024-10-08,1.27,1.206,1.27,1.155,5037926.0,,10.0,4.869565217391309,0.05600000000000005,
560350,2024-10-09,1.164,1.102,1.181,1.099,3656666.0,,6.7993366500829255,-8.623548922056374,-0.10399999999999987,
560350,2024-10-10,1.109,1.114,1.15,1.098,6290501.0,,4.718693284936463,1.0889292196007267,0.01200000000000001,
560350,2024-10-11,1.114,1.085,1.114,1.071,4902807.0,,3.8599640933572843,-2.6032315978456135,-0.029000000000000137,
560350,2024-10-14,1.085,1.106,1.111,1.083,2257586.0,,2.580645161290325,1.9354838709677538,0.02100000000000013,
560350,2024-10-15,1.106,1.074,1.108,1.073,2625094.0,,3.1645569620253293,-2.8933092224231487,-0.03200000000000003,
560350,2024-10-16,1.06,1.064,1.079,1.059,1590123.0,,1.8621973929236515,-0.9310986964618257,-0.010000000000000009,
560350,2024-10-17,1.067,1.049,1.079,1.049,2102937.0,,2.8195488721804534,-1.4097744360902371,-0.015000000000000124,
560350,2024-10-18,1.049,1.093,1.115,1.045,3777738.0,,6.673021925643477,4.194470924690185,0.04400000000000004,
560350,2024-10-21,1.102,1.094,1.107,1.088,2558907.0,,1.7383348581884634,0.09149130832571929,0.001000000000000112,
560350,2024-10-22,1.094,1.1,1.104,1.09,2000575.0,,1.2797074954296173,0.5484460694698359,0.006000000000000005,
560350,2024-10-23,1.101,1.107,1.118,1.095,1596845.0,,2.090909090909103,0.6363636363636268,0.006999999999999895,
560350,2024-10-24,1.108,1.095,1.108,1.09,3159436.0,,1.6260162601626031,-1.084010840108402,-0.01200000000000001,
560350,2024-10-25,1.092,1.103,1.115,1.092,2776638.0,,2.100456621004558,0.7305936073059367,0.008000000000000007,
560350,2024-10-28,1.102,1.103,1.103,1.091,1230890.0,,1.0879419764279248,0.0,0.0,
560350,2024-10-29,1.102,1.093,1.11,1.091,3242941.0,,1.7225747960108913,-0.9066183136899374,-0.010000000000000009,
560350,2024-10-30,1.092,1.081,1.094,1.074,2629796.0,,1.8298261665141826,-1.0978956999085097,-0.01200000000000001,
560350,2024-10-31,1.082,1.078,1.09,1.071,4022604.0,,1.757631822386691,-0.27752081406104456,-0.0029999999999998916,
560350,2024-11-01,1.078,1.085,1.093,1.077,1137146.0,,1.4842300556586283,0.6493506493506396,0.006999999999999895,
560350,2024-11-04,1.086,1.1,1.101,1.083,1122616.0,,1.6589861751152088,1.3824884792626844,0.015000000000000124,
560350,2024-11-05,1.098,1.126,1.127,1.093,2491036.0,,3.0909090909090935,2.363636363636345,0.0259999999999998,
560350,2024-11-06,1.128,1.117,1.137,1.11,2967288.0,,2.3978685612788557,-0.7992895204262787,-0.008999999999999897,
560350,2024-11-07,1.109,1.155,1.155,1.107,2287549.0,,4.297224709042081,3.401969561324981,0.038000000000000034,
560350,2024-11-08,1.161,1.142,1.171,1.136,2801784.0,,3.0303030303030427,-1.1255411255411363,-0.013000000000000123,
560350,2024-11-11,1.132,1.145,1.147,1.121,2164651.0,,2.2767075306479883,0.2626970227670853,0.0030000000000001137,
560350,2024-11-12,1.14,1.133,1.165,1.127,1328065.0,,3.318777292576422,-1.0480349344978175,-0.01200000000000001,
560350,2024-11-13,1.131,1.14,1.145,1.126,3272592.0,,1.6769638128861544,0.6178287731685698,0.006999999999999895,
560350,2024-11-14,1.139,1.122,1.142,1.12,2596003.0,,1.9298245614034912,-1.5789473684210347,-0.017999999999999794,
560350,2024-11-15,1.122,1.102,1.124,1.101,1654895.0,,2.0499108734402967,-1.7825311942959017,-0.020000000000000018,
560350,2024-11-18,1.113,1.097,1.118,1.09,2890978.0,,2.5408348457350294,-0.45372050816697956,-0.0050000000000001155,
560350,2024-11-19,1.096,1.102,1.103,1.081,1615351.0,,2.0054694621695552,0.4557885141294545,0.0050000000000001155,
560350,2024-11-20,1.101,1.104,1.109,1.097,1016591.0,,1.0889292196007267,0.1814882032667878,0.0020000000000000018,
560350,2024-11-21,1.099,1.103,1.107,1.097,1574903.0,,0.905797101449276,-0.09057971014493767,-0.001000000000000112,
560350,2024-11-22,1.101,1.07,1.104,1.068,2632045.0,,3.263825929283774,-2.9918404351767833,-0.03299999999999992,
560350,2024-11-25,1.071,1.063,1.079,1.056,2441287.0,,2.1495327102803654,-0.6542056074766464,-0.007000000000000117,
560350,2024-11-26,1.06,1.061,1.071,1.059,1252094.0,,1.1288805268109137,-0.1881467544684856,-0.0020000000000000018,
560350,2024-11-27,1.062,1.075,1.076,1.054,1476932.0,,2.0735155513666372,1.3195098963242236,0.014000000000000012,
560350,2024-11-28,1.076,1.065,1.077,1.061,919291.0,,1.4883720930232571,-0.9302325581395358,-0.010000000000000009,
560350,2024-11-29,1.063,1.075,1.089,1.062,1575800.0,,2.535211267605626,0.9389671361502356,0.010000000000000009,
560350,2024-12-02,1.073,1.082,1.086,1.072,758780.0,,1.30232558139535,0.6511627906976853,0.007000000000000117,
560350,2024-12-03,1.083,1.081,1.086,1.074,927176.0,,1.1090573012939011,-0.09242144177450203,-0.001000000000000112,
560350,2024-12-04,1.078,1.077,1.082,1.073,2200594.0,,0.8325624421831749,-0.3700277520814064,-0.0040000000000000036,
560350,2024-12-05,1.075,1.073,1.077,1.069,1395765.0,,0.7428040854224706,-0.3714020427112353,-0.0040000000000000036,
560350,2024-12-06,1.071,1.09,1.096,1.071,1419731.0,,2.3299161230195837,1.5843429636533204,0.017000000000000126,
560350,2024-12-09,1.09,1.09,1.099,1.084,1083412.0,,1.3761467889908165,0.0,0.0,
560350,2024-12-10,1.123,1.1,1.134,1.097,1662609.0,,3.3944954128440292,0.9174311926605512,0.010000000000000009,
560350,2024-12-11,1.097,1.097,1.104,1.094,658366.0,,0.9090909090909097,-0.27272727272728303,-0.0030000000000001137,
560350,2024-12-12,1.095,1.11,1.11,1.093,1387323.0,,1.5496809480401208,1.1850501367365656,0.013000000000000123,
560350,2024-12-13,1.105,1.082,1.105,1.078,1121945.0,,2.4324324324324245,-2.5225225225225243,-0.028000000000000025,
560350,2024-12-16,1.078,1.074,1.081,1.072,927389.0,,0.8317929759704156,-0.739371534195934,-0.008000000000000007,
560350,2024-12-17,1.074,1.082,1.091,1.073,1585192.0,,1.6759776536312863,0.7448789571694605,0.008000000000000007,
560350,2024-12-18,1.083,1.086,1.091,1.083,499151.0,,0.739371534195934,0.369685767097967,0.0040000000000000036,
560350,2024-12-19,1.081,1.088,1.09,1.075,867151.0,,1.381215469613271,0.18416206261510146,0.0020000000000000018,
560350,2024-12-20,1.086,1.082,1.089,1.08,1211916.0,,0.8272058823529317,-0.5514705882352946,-0.006000000000000005,
560350,2024-12-23,1.082,1.083,1.09,1.081,1387028.0,,0.831792975970436,0.0924214417744815,0.0009999999999998899,
560350,2024-12-24,1.084,1.096,1.099,1.083,1305774.0,,1.4773776546629747,1.2003693444136772,0.013000000000000123,
560350,2024-12-25,1.096,1.097,1.102,1.094,1352148.0,,0.7299270072992706,0.09124087591239871,0.0009999999999998899,
560350,2024-12-26,1.094,1.094,1.098,1.092,1747219.0,,0.5469462169553332,-0.2734731084776565,-0.0029999999999998916,
560350,2024-12-27,1.094,1.092,1.099,1.088,2841342.0,,1.005484460694689,-0.18281535648994532,-0.0020000000000000018,
560350,2024-12-30,1.091,1.099,1.101,1.091,1477217.0,,0.9157509157509165,0.6410256410256314,0.006999999999999895,
560350,2024-12-31,1.099,1.089,1.101,1.088,1839461.0,,1.1828935395814286,-0.9099181073703375,-0.010000000000000009,
560350,2025-01-02,1.086,1.055,1.087,1.049,2073886.0,,3.48943985307622,-3.1221303948576704,-0.03400000000000003,
560350,2025-01-03,1.053,1.047,1.06,1.043,1484921.0,,1.6113744075829506,-0.75829383886256,-0.008000000000000007,
560350,2025-01-06,1.048,1.043,1.049,1.035,1438164.0,,1.3371537726838598,-0.3820439350525314,-0.0040000000000000036,
560350,2025-01-07,1.041,1.045,1.047,1.036,2129715.0,,1.054650047938629,0.19175455417066173,0.0020000000000000018,
560350,2025-01-08,1.041,1.04,1.047,1.027,1403606.0,,1.913875598086126,-0.47846889952152094,-0.004999999999999893,
560350,2025-01-09,1.04,1.039,1.043,1.035,892450.0,,0.7692307692307698,-0.09615384615385691,-0.001000000000000112,
560350,2025-01-10,1.04,1.03,1.042,1.029,866143.0,,1.2512030798845162,-0.8662175168431084,-0.008999999999999897,
560350,2025-01-13,1.024,1.028,1.032,1.022,1020644.0,,0.9708737864077678,-0.19417475728155356,-0.0020000000000000018,
560350,2025-01-14,1.028,1.052,1.056,1.028,1065912.0,,2.7237354085603136,2.3346303501945544,0.02400000000000002,
560350,2025-01-15,1.05,1.045,1.051,1.043,840932.0,,0.7604562737642592,-0.6653992395437374,-0.007000000000000117,
560350,2025-01-16,1.047,1.044,1.059,1.04,1328043.0,,1.8181818181818095,-0.09569377990429569,-0.0009999999999998899,
560350,2025-01-17,1.043,1.049,1.054,1.039,1066968.0,,1.436781609195414,0.47892720306512393,0.004999999999999893,
560350,2025-01-20,1.056,1.057,1.066,1.056,1212093.0,,0.9532888465204966,0.7626310772163973,0.008000000000000007,
560350,2025-01-21,1.067,1.061,1.067,1.056,919882.0,,1.0406811731314949,0.37842951750236553,0.0040000000000000036,
560350,2025-01-22,1.06,1.046,1.06,1.042,895560.0,,1.6965127238454305,-1.413760603204515,-0.014999999999999902,
560350,2025-01-23,1.058,1.046,1.065,1.044,740955.0,,2.0076481835563964,0.0,0.0,
560350,2025-01-24,1.046,1.056,1.062,1.045,1021751.0,,1.6252390057361497,0.95602294455067,0.010000000000000009,
560350,2025-01-27,1.058,1.051,1.062,1.051,1209014.0,,1.041666666666678,-0.47348484848485944,-0.0050000000000001155,
560350,2025-02-05,1.053,1.047,1.059,1.044,967092.0,,1.4272121788772507,-0.38058991436726963,-0.0040000000000000036,
560350,2025-02-06,1.048,1.058,1.06,1.044,1688874.0,,1.5281757402101257,1.0506208213944719,0.01100000000000012,
560350,2025-02-07,1.06,1.075,1.081,1.055,2912247.0,,2.457466918714558,1.6068052930056618,0.016999999999999904,
560350,2025-02-10,1.076,1.076,1.079,1.07,1072905.0,,0.8372093023255719,0.0930232558139639,0.001000000000000112,
560350,2025-02-11,1.075,1.07,1.078,1.066,1111939.0,,1.1152416356877333,-0.5576208178438666,-0.006000000000000005,
560350,2025-02-12,1.069,1.079,1.081,1.063,1264358.0,,1.6822429906542071,0.8411214953270931,0.008999999999999897,
560350,2025-02-13,1.078,1.08,1.089,1.077,1573984.0,,1.1121408711770169,0.09267840593142836,0.001000000000000112,
560350,2025-02-14,1.082,1.093,1.096,1.079,1808664.0,,1.5740740740740857,1.2037037037036944,0.0129999999999999,
560350,2025-02-17,1.092,1.09,1.097,1.084,975808.0,,1.1893870082342086,-0.2744739249771173,-0.0029999999999998916,
560350,2025-02-18,1.09,1.083,1.097,1.08,1259001.0,,1.5596330275229269,-0.642201834862396,-0.007000000000000117,
560350,2025-02-19,1.082,1.091,1.093,1.081,982161.0,,1.1080332409972309,0.7386888273314873,0.008000000000000007,
560350,2025-02-20,1.091,1.088,1.091,1.083,1486288.0,,0.7332722273143911,-0.2749770852428865,-0.0029999999999998916,
560350,2025-02-21,1.088,1.101,1.103,1.088,1809092.0,,1.3786764705882262,1.1948529411764612,0.0129999999999999,
560350,2025-02-24,1.098,1.099,1.107,1.093,1911501.0,,1.2715712988192562,-0.1816530426884652,-0.0020000000000000018,
560350,2025-02-25,1.094,1.087,1.094,1.083,1593512.0,,1.0009099181073813,-1.0919017288444048,-0.01200000000000001,
560350,2025-02-26,1.087,1.094,1.094,1.085,1256763.0,,0.8279668813247579,0.6439742410303696,0.007000000000000117,
560350,2025-02-27,1.095,1.098,1.098,1.089,946914.0,,0.8226691042047641,0.36563071297989064,0.0040000000000000036,
560350,2025-02-28,1.097,1.08,1.101,1.079,1259054.0,,2.0036429872495463,-1.6393442622950833,-0.018000000000000016,
560350,2025-03-03,1.077,1.078,1.091,1.074,820031.0,,1.5740740740740653,-0.18518518518518534,-0.0020000000000000018,
560350,2025-03-04,1.077,1.073,1.077,1.068,831538.0,,0.8348794063079682,-0.46382189239333166,-0.0050000000000001155,
560350,2025-03-05,1.075,1.076,1.078,1.07,370747.0,,0.7455731593662634,0.27958993476235916,0.0030000000000001137,
560350,2025-03-06,1.078,1.091,1.093,1.078,1301370.0,,1.3940520446096563,1.3940520446096563,0.014999999999999902,
560350,2025-03-07,1.088,1.088,1.095,1.086,1009188.0,,0.8249312557286799,-0.2749770852428865,-0.0029999999999998916,
560350,2025-03-10,1.088,1.084,1.09,1.077,951075.0,,1.1948529411764819,-0.3676470588235297,-0.0040000000000000036,
560350,2025-03-11,1.076,1.084,1.085,1.073,802323.0,,1.107011070110702,0.0,0.0,
560350,2025-03-12,1.085,1.083,1.09,1.079,942447.0,,1.0147601476014871,-0.09225092250923542,-0.001000000000000112,
560350,2025-03-13,1.083,1.081,1.087,1.076,792741.0,,1.0156971375807848,-0.18467220683287183,-0.0020000000000000018,
560350,2025-03-14,1.081,1.114,1.117,1.081,1431213.0,,3.3302497687326578,3.0527289546716134,0.03300000000000014,
560350,2025-03-17,1.123,1.11,1.123,1.109,1687698.0,,1.2567324955116708,-0.35906642728904875,-0.0040000000000000036,
560350,2025-03-18,1.113,1.116,1.119,1.112,1037373.0,,0.6306306306306212,0.540540540540541,0.006000000000000005,
560350,2025-03-19,1.116,1.123,1.127,1.113,1189530.0,,1.2544802867383524,0.6272401433691662,0.006999999999999895,
560350,2025-03-20,1.123,1.114,1.125,1.11,455504.0,,1.3357079252003474,-0.8014247551202046,-0.008999999999999897,
560350,2025-03-21,1.113,1.091,1.113,1.09,533841.0,,2.0646319569120206,-2.06463195691204,-0.02300000000000013,
560350,2025-03-24,1.092,1.1,1.1,1.091,599751.0,,0.8249312557287001,0.8249312557287001,0.009000000000000119,
560350,2025-03-25,1.1,1.099,1.102,1.095,828749.0,,0.636363636363647,-0.09090909090910108,-0.001000000000000112,
560350,2025-03-26,1.099,1.095,1.102,1.093,373522.0,,0.8189262966333137,-0.363967242948135,-0.0040000000000000036,
560350,2025-03-27,1.095,1.101,1.106,1.091,362966.0,,1.3698630136986416,0.5479452054794526,0.006000000000000005,
560350,2025-03-28,1.101,1.098,1.101,1.094,511215.0,,0.6357856494096181,-0.2724795640326877,-0.0029999999999998916,
560350,2025-03-31,1.096,1.091,1.102,1.086,552091.0,,1.4571948998178519,-0.6375227686703203,-0.007000000000000117,
560350,2025-04-01,1.09,1.086,1.093,1.085,626087.0,,0.7332722273143911,-0.4582951420714843,-0.004999999999999893,
560350,2025-04-02,1.087,1.081,1.088,1.079,1391544.0,,0.8287292817679667,-0.4604051565377638,-0.0050000000000001155,
560350,2025-04-03,1.076,1.077,1.08,1.071,891952.0,,0.8325624421831749,-0.3700277520814064,-0.0040000000000000036,
560350,2025-04-07,1.041,0.989,1.042,0.967,1556899.0,,6.9637883008356605,-8.170844939647164,-0.08799999999999997,
560350,2025-04-08,0.997,1.016,1.016,0.993,1323953.0,,2.325581395348839,2.730030333670377,0.027000000000000024,
560350,2025-04-09,1.008,1.02,1.026,1.001,1218158.0,,2.4606299212598555,0.39370078740157516,0.0040000000000000036,
560350,2025-04-10,1.029,1.037,1.044,1.029,577842.0,,1.4705882352941297,1.6666666666666572,0.016999999999999904,
560350,2025-04-11,1.036,1.044,1.047,1.03,604213.0,,1.6393442622950727,0.6750241080038686,0.007000000000000117,
560350,2025-04-14,1.046,1.047,1.052,1.044,403657.0,,0.7662835249042153,0.2873563218390701,0.0029999999999998916,
560350,2025-04-15,1.047,1.044,1.047,1.039,1678913.0,,0.7640878701050628,-0.28653295128938794,-0.0029999999999998916,
560350,2025-04-16,1.044,1.045,1.049,1.034,782798.0,,1.4367816091953929,0.09578544061301626,0.0009999999999998899,
560350,2025-04-17,1.042,1.047,1.049,1.042,852200.0,,0.6698564593301336,0.1913875598086126,0.0020000000000000018,
560350,2025-04-18,1.048,1.048,1.051,1.041,1009583.0,,0.9551098376313285,0.09551098376314346,0.001000000000000112,
560350,2025-04-21,1.049,1.05,1.053,1.044,380420.0,,0.8587786259541886,0.19083969465648873,0.0020000000000000018,
560350,2025-04-22,1.05,1.053,1.058,1.05,510429.0,,0.7619047619047625,0.2857142857142754,0.0029999999999998916,
560350,2025-04-23,1.056,1.056,1.061,1.054,307368.0,,0.6647673314339883,0.28490028490029573,0.0030000000000001137,
560350,2025-04-24,1.058,1.057,1.064,1.053,321675.0,,1.041666666666678,0.09469696969695926,0.0009999999999998899,
560350,2025-04-25,1.058,1.058,1.062,1.056,333039.0,,0.5676442762535483,0.09460737937560189,0.001000000000000112,
560350,2025-04-28,1.057,1.056,1.058,1.052,255500.0,,0.5671077504725902,-0.18903591682419676,-0.0020000000000000018,
560350,2025-04-29,1.053,1.053,1.057,1.05,312091.0,,0.662878787878778,-0.28409090909091983,-0.0030000000000001137,
560350,2025-04-30,1.055,1.052,1.057,1.051,300322.0,,0.5698005698005704,-0.09496676163341784,-0.0009999999999998899,
560350,2025-05-06,1.057,1.061,1.062,1.056,439292.0,,0.5703422053231944,0.855513307984781,0.008999999999999897,
560350,2025-05-07,1.069,1.067,1.077,1.063,493422.0,,1.3195098963242236,0.5655042412818102,0.006000000000000005,
560350,2025-05-08,1.064,1.076,1.081,1.063,618147.0,,1.6869728209934411,0.8434864104967309,0.009000000000000119,
560350,2025-05-09,1.073,1.076,1.078,1.072,429707.0,,0.5576208178438666,0.0,0.0,
560350,2025-05-12,1.078,1.09,1.09,1.078,571561.0,,1.1152416356877333,1.3011152416356888,0.014000000000000012,
560350,2025-05-13,1.102,1.09,1.102,1.087,283937.0,,1.376146788990837,0.0,0.0,
560350,2025-05-14,1.092,1.106,1.11,1.088,882301.0,,2.0183486238532127,1.467889908256882,0.016000000000000014,
560350,2025-05-15,1.106,1.099,1.107,1.097,671893.0,,0.904159132007234,-0.6329113924050739,-0.007000000000000117,
560350,2025-05-16,1.098,1.092,1.098,1.089,545876.0,,0.8189262966333137,-0.6369426751592262,-0.006999999999999895,
560350,2025-05-19,1.089,1.09,1.092,1.086,328884.0,,0.5494505494505499,-0.1831501831501833,-0.0020000000000000018,
560350,2025-05-20,1.09,1.098,1.102,1.09,1455316.0,,1.1009174311926615,0.733944954128441,0.008000000000000007,
560350,2025-05-21,1.097,1.105,1.11,1.097,620296.0,,1.1839708561020148,0.6375227686703001,0.006999999999999895,
560350,2025-05-22,1.105,1.103,1.107,1.1,421696.0,,0.6334841628959181,-0.18099547511312233,-0.0020000000000000018,
560350,2025-05-23,1.101,1.097,1.111,1.096,611730.0,,1.359927470534896,-0.5439709882139624,-0.006000000000000005,
560350,2025-05-26,1.097,1.086,1.097,1.083,833143.0,,1.2762078395624443,-1.0027347310847674,-0.010999999999999899,
560350,2025-05-27,1.084,1.08,1.087,1.078,629307.0,,0.8287292817679462,-0.5524861878453042,-0.006000000000000005,
560350,2025-05-28,1.08,1.078,1.083,1.077,675445.0,,0.555555555555556,-0.18518518518518534,-0.0020000000000000018,
560350,2025-05-29,1.081,1.082,1.086,1.074,896267.0,,1.113172541743971,0.3710575139146571,0.0040000000000000036,
560350,2025-05-30,1.082,1.077,1.082,1.07,774891.0,,1.1090573012939011,-0.46210720887246903,-0.0050000000000001155,
560350,2025-06-03,1.073,1.076,1.079,1.072,1536943.0,,0.6499535747446514,-0.09285051067779851,-0.0009999999999998899,
560350,2025-06-04,1.075,1.078,1.081,1.075,597645.0,,0.5576208178438666,0.18587360594795554,0.0020000000000000018,
560350,2025-06-05,1.078,1.08,1.082,1.075,977686.0,,0.6493506493506601,0.18552875695732854,0.0020000000000000018,
560350,2025-06-06,1.08,1.078,1.084,1.077,960315.0,,0.648148148148159,-0.18518518518518534,-0.0020000000000000018,
560350,2025-06-09,1.079,1.078,1.083,1.075,660474.0,,0.7421150278293142,0.0,0.0,
560350,2025-06-10,1.078,1.071,1.08,1.068,562472.0,,1.113172541743971,-0.6493506493506601,-0.007000000000000117,
560350,2025-06-11,1.073,1.084,1.088,1.073,856832.0,,1.4005602240896475,1.2138188608776959,0.013000000000000123,
560350,2025-06-12,1.084,1.084,1.086,1.077,659758.0,,0.8302583025830368,0.0,0.0,
560350,2025-06-13,1.081,1.076,1.083,1.072,613325.0,,1.0147601476014667,-0.7380073800738013,-0.008000000000000007,
560350,2025-06-16,1.075,1.075,1.077,1.072,567644.0,,0.46468401486987854,-0.09293680297398808,-0.001000000000000112,
560350,2025-06-17,1.075,1.075,1.077,1.071,875697.0,,0.5581395348837215,0.0,0.0,
560350,2025-06-18,1.075,1.073,1.078,1.07,1079767.0,,0.7441860465116286,-0.18604651162790714,-0.0020000000000000018,
560350,2025-06-19,1.074,1.064,1.074,1.061,788175.0,,1.2115563839701886,-0.8387698042870361,-0.008999999999999897,
560350,2025-06-20,1.063,1.066,1.068,1.063,945533.0,,0.469924812030086,0.18796992481203023,0.0020000000000000018,
560350,2025-06-23,1.065,1.068,1.07,1.06,917851.0,,0.9380863039399633,0.18761726078799265,0.0020000000000000018,
560350,2025-06-24,1.068,1.082,1.085,1.067,894842.0,,1.6853932584269677,1.310861423220975,0.014000000000000012,
560350,2025-06-25,1.081,1.097,1.099,1.08,783546.0,,1.7560073937153333,1.3863216266173661,0.014999999999999902,
560350,2025-06-26,1.097,1.093,1.099,1.092,677769.0,,0.638103919781212,-0.3646308113035555,-0.0040000000000000036,
560350,2025-06-27,1.093,1.084,1.099,1.084,888819.0,,1.372369624885627,-0.823421774931372,-0.008999999999999897,
560350,2025-06-30,1.086,1.091,1.092,1.083,1001952.0,,0.8302583025830368,0.6457564575645659,0.006999999999999895,
560350,2025-07-01,1.091,1.09,1.093,1.086,755420.0,,0.6416131989000821,-0.09165902841428872,-0.0009999999999998899,
560350,2025-07-02,1.091,1.092,1.095,1.088,966097.0,,0.6422018348623757,0.18348623853211024,0.0020000000000000018,
560350,2025-07-03,1.093,1.099,1.101,1.093,562338.0,,0.7326007326007332,0.6410256410256314,0.006999999999999895,
560350,2025-07-04,1.098,1.105,1.114,1.096,890615.0,,1.6378525932666075,0.5459508644222024,0.006000000000000005,
560350,2025-07-07,1.107,1.098,1.107,1.095,689633.0,,1.085972850678734,-0.6334841628959181,-0.006999999999999895,
560350,2025-07-08,1.102,1.104,1.106,1.098,682215.0,,0.7285974499089259,0.5464480874316944,0.006000000000000005,
560350,2025-07-09,1.103,1.105,1.111,1.103,733697.0,,0.724637681159421,0.09057971014491756,0.0009999999999998899,
560350,2025-07-10,1.105,1.112,1.117,1.105,2624529.0,,1.085972850678734,0.6334841628959382,0.007000000000000117,
560350,2025-07-11,1.113,1.117,1.13,1.11,1034332.0,,1.7985611510791182,0.44964028776977455,0.004999999999999893,
560350,2025-07-14,1.118,1.115,1.12,1.115,868270.0,,0.44762757385856,-0.17905102954342003,-0.0020000000000000018,
560350,2025-07-15,1.117,1.112,1.119,1.106,823710.0,,1.165919282511202,-0.26905829596411585,-0.0029999999999998916,
560350,2025-07-16,1.11,1.108,1.115,1.105,627301.0,,0.899280575539569,-0.3597122302158276,-0.0040000000000000036,
560350,2025-07-17,1.108,1.117,1.117,1.108,632677.0,,0.8122743682310375,0.8122743682310375,0.008999999999999897,
560350,2025-07-18,1.118,1.128,1.129,1.118,831453.0,,0.9847806624888003,0.9847806624888003,0.010999999999999899,
560350,2025-07-21,1.129,1.138,1.139,1.128,880060.0,,0.9751773049645498,0.8865248226950364,0.010000000000000009,
560350,2025-07-22,1.137,1.15,1.15,1.134,858706.0,,1.4059753954305814,1.054481546572936,0.01200000000000001,
560350,2025-07-23,1.15,1.151,1.161,1.149,871566.0,,1.043478260869566,0.08695652173914017,0.001000000000000112,
560350,2025-07-24,1.151,1.161,1.161,1.149,804124.0,,1.042571676802781,0.8688097306689843,0.010000000000000009,
560350,2025-07-25,1.16,1.153,1.16,1.15,764544.0,,0.8613264427217924,-0.6890611541774339,-0.008000000000000007,
560350,2025-07-28,1.152,1.156,1.158,1.148,747756.0,,0.8673026886383356,0.260190806591491,0.0029999999999998916,
560350,2025-07-29,1.156,1.16,1.16,1.15,849462.0,,0.8650519031141877,0.34602076124567505,0.0040000000000000036,
560350,2025-07-30,1.16,1.158,1.17,1.151,956805.0,,1.6379310344827505,-0.17241379310344845,-0.0020000000000000018,
560350,2025-07-31,1.158,1.131,1.161,1.127,941053.0,,2.9360967184801408,-2.331606217616573,-0.026999999999999913,
560350,2025-08-01,1.13,1.124,1.133,1.12,784719.0,,1.1494252873563129,-0.6189213085764718,-0.006999999999999895,
560350,2025-08-04,1.123,1.128,1.128,1.12,777247.0,,0.7117437722419737,0.355871886120977,0.0039999999999997815,
560350,2025-08-05,1.127,1.134,1.136,1.127,666809.0,,0.7978723404255228,0.5319148936170218,0.006000000000000005,
560350,2025-08-06,1.135,1.134,1.136,1.131,568039.0,,0.44091710758376484,0.0,0.0,
560350,2025-08-07,1.134,1.134,1.138,1.128,748999.0,,0.8818342151675493,0.0,0.0,
560350,2025-08-08,1.132,1.131,1.136,1.129,687082.0,,0.6172839506172747,-0.26455026455025504,-0.0029999999999998916,
560350,2025-08-11,1.131,1.134,1.14,1.13,736998.0,,0.8841732979664021,0.26525198938991085,0.0029999999999998916,
560350,2025-08-12,1.135,1.137,1.142,1.132,1111804.0,,0.8818342151675493,0.2645502645502746,0.0030000000000001137,
560350,2025-08-13,1.136,1.143,1.148,1.136,1517644.0,,1.0554089709762544,0.5277044854881272,0.006000000000000005,
560350,2025-08-14,1.144,1.147,1.16,1.144,1443135.0,,1.3998250218722672,0.3499562554680668,0.0040000000000000036,
560350,2025-08-15,1.144,1.154,1.159,1.142,1398620.0,,1.4821272885789125,0.6102877070618915,0.006999999999999895,
560350,2025-08-18,1.155,1.161,1.169,1.153,1072638.0,,1.3864818024263446,0.6065857885615353,0.007000000000000117,
560350,2025-08-19,1.162,1.148,1.167,1.147,919551.0,,1.7226528854435847,-1.1197243755383395,-0.013000000000000123,
560350,2025-08-20,1.148,1.161,1.162,1.14,844398.0,,1.916376306620211,1.13240418118468,0.013000000000000123,
560350,2025-08-21,1.161,1.172,1.175,1.161,850168.0,,1.2058570198105092,0.947459086993962,0.010999999999999899,
560350,2025-08-22,1.172,1.194,1.194,1.171,1076562.0,,1.9624573378839514,1.8771331058020497,0.02200000000000002,
560350,2025-08-25,1.194,1.215,1.216,1.194,910047.0,,1.8425460636515931,1.7587939698492574,0.02100000000000013,
560350,2025-08-26,1.214,1.216,1.218,1.205,652360.0,,1.0699588477366173,0.08230452674896213,0.0009999999999998899,
560350,2025-08-27,1.212,1.196,1.219,1.19,684957.0,,2.384868421052643,-1.6447368421052648,-0.020000000000000018,
560350,2025-08-28,1.193,1.204,1.205,1.181,859999.0,,2.006688963210704,0.6688963210702347,0.008000000000000007,
560350,2025-08-29,1.203,1.225,1.23,1.203,546239.0,,2.2425249169435144,1.7441860465116386,0.02100000000000013,
560350,2025-09-01,1.227,1.226,1.231,1.218,324135.0,,1.0612244897959284,0.08163265306121549,0.0009999999999998899,
560350,2025-09-02,1.225,1.228,1.236,1.214,493039.0,,1.7944535073409478,0.16313213703099524,0.0020000000000000018,
560350,2025-09-03,1.231,1.213,1.232,1.208,485543.0,,1.9543973941368098,-1.221498371335497,-0.014999999999999902,
560350,2025-09-04,1.207,1.198,1.219,1.186,551979.0,,2.7205276174773405,-1.2366034624897053,-0.015000000000000124,
560350,2025-09-05,1.199,1.222,1.227,1.192,442900.0,,2.9215358931552706,2.0033388981636078,0.02400000000000002,
560350,2025-09-08,1.221,1.233,1.238,1.221,404061.0,,1.391162029459894,0.9001636661211229,0.01100000000000012,
560350,2025-09-09,1.236,1.225,1.236,1.216,291913.0,,1.6220600162206014,-0.6488240064882406,-0.008000000000000007,
560350,2025-09-10,1.219,1.22,1.227,1.213,697998.0,,1.1428571428571437,-0.40816326530613184,-0.0050000000000001155,
560350,2025-09-11,1.212,1.241,1.242,1.21,1134964.0,,2.6229508196721336,1.7213114754098466,0.02100000000000013,
560350,2025-09-12,1.241,1.236,1.247,1.233,764384.0,,1.128122481869461,-0.4029008863819593,-0.0050000000000001155,
560350,2025-09-15,1.235,1.243,1.254,1.235,661738.0,,1.5372168284789567,0.5663430420712069,0.007000000000000117,
560350,2025-09-16,1.246,1.238,1.248,1.231,788314.0,,1.3676588897827757,-0.4022526146420044,-0.0050000000000001155,
560350,2025-09-17,1.237,1.255,1.255,1.237,799803.0,,1.4539579967689655,1.373182552504031,0.016999999999999904,
560350,2025-09-18,1.255,1.237,1.259,1.224,723194.0,,2.7888446215139377,-1.434262948207155,-0.017999999999999794,
560350,2025-09-19,1.236,1.242,1.251,1.232,420058.0,,1.5359741309619972,0.4042037186742032,0.004999999999999893,
560350,2025-09-22,1.242,1.246,1.25,1.238,480535.0,,0.9661835748792279,0.32206119162640934,0.0040000000000000036,
560350,2025-09-23,1.243,1.242,1.255,1.228,760142.0,,2.1669341894060925,-0.3210272873194224,-0.0040000000000000036,
560350,2025-09-24,1.233,1.26,1.262,1.233,385526.0,,2.3349436392914584,1.449275362318842,0.018000000000000016,
560350,2025-09-25,1.261,1.268,1.277,1.261,571498.0,,1.2698412698412709,0.6349206349206354,0.008000000000000007,
560350,2025-09-26,1.275,1.256,1.275,1.254,399759.0,,1.6561514195583524,-0.946372239747635,-0.01200000000000001,
560350,2025-09-29,1.252,1.276,1.284,1.252,350959.0,,2.5477707006369448,1.5923566878980906,0.020000000000000018,
560350,2025-09-30,1.278,1.285,1.286,1.275,293607.0,,0.8620689655172509,0.7053291536050076,0.008999999999999897,
560350,2025-10-09,1.286,1.305,1.31,1.284,585471.0,,2.023346303501947,1.5564202334630364,0.020000000000000018,
560350,2025-10-10,1.306,1.277,1.306,1.272,679226.0,,2.605363984674332,-2.145593869731803,-0.028000000000000025,
560350,2025-10-13,1.243,1.265,1.269,1.243,410702.0,,2.036021926389961,-0.9397024275646055,-0.01200000000000001,
560350,2025-10-14,1.277,1.253,1.283,1.247,538152.0,,2.845849802371527,-0.9486166007905148,-0.01200000000000001,
560350,2025-10-15,1.254,1.274,1.275,1.252,186122.0,,1.8355945730247336,1.6759776536312954,0.02100000000000013,
560350,2025-10-16,1.281,1.277,1.285,1.269,539217.0,,1.2558869701726856,0.23547880690736983,0.0029999999999998916,
560350,2025-10-17,1.276,1.252,1.278,1.247,461334.0,,2.4275646045418884,-1.957713390759586,-0.02499999999999991,
560350,2025-10-20,1.255,1.253,1.26,1.248,466458.0,,0.9584664536741222,0.07987220447283465,0.0009999999999998899,
560350,2025-10-21,1.254,1.266,1.272,1.254,403792.0,,1.4365522745411028,1.037509976057472,0.013000000000000123,
560350,2025-10-22,1.266,1.26,1.266,1.254,286966.0,,0.9478672985781998,-0.4739336492890999,-0.006000000000000005,
560350,2025-10-23,1.256,1.265,1.269,1.246,368105.0,,1.8253968253968182,0.39682539682538837,0.004999999999999893,
560350,2025-10-24,1.267,1.277,1.282,1.267,390384.0,,1.1857707509881523,0.9486166007905148,0.01200000000000001,
560350,2025-10-27,1.287,1.286,1.291,1.278,409190.0,,1.0180109631949805,0.7047768206734628,0.009000000000000119,
560350,2025-10-28,1.285,1.277,1.287,1.274,324438.0,,1.0108864696733981,-0.6998444790046748,-0.009000000000000119,
560350,2025-10-29,1.277,1.288,1.291,1.276,486666.0,,1.174628034455748,0.8613938919342303,0.01100000000000012,
560350,2025-10-30,1.292,1.282,1.295,1.279,595469.0,,1.2422360248447217,-0.46583850931677057,-0.006000000000000005,
560350,2025-10-31,1.287,1.271,1.287,1.269,836876.0,,1.404056162246491,-0.8580343213728643,-0.01100000000000012,
560350,2025-11-03,1.271,1.267,1.271,1.252,519953.0,,1.4948859166010942,-0.31471282454760063,-0.0040000000000000036,
560350,2025-11-04,1.262,1.256,1.264,1.246,536243.0,,1.4206787687450686,-0.8681925808997553,-0.010999999999999899,
560350,2025-11-05,1.251,1.254,1.26,1.239,334348.0,,1.6719745222929863,-0.15923566878980905,-0.0020000000000000018,
560350,2025-11-06,1.257,1.269,1.272,1.257,511411.0,,1.1961722488038375,1.19617224880382,0.014999999999999902,
560350,2025-11-07,1.266,1.269,1.273,1.263,395641.0,,0.7880220646178101,0.0,0.0,
560350,2025-11-10,1.268,1.272,1.274,1.263,398264.0,,0.8668242710795998,0.23640661938535176,0.0030000000000001137,
560350,2025-11-11,1.272,1.267,1.276,1.263,368423.0,,1.0220125786163619,-0.39308176100629844,-0.0050000000000001155,
560350,2025-11-12,1.267,1.27,1.276,1.265,365008.0,,0.8681925808997728,0.2367797947908535,0.0030000000000001137,
560350,2025-11-13,1.27,1.288,1.29,1.268,420882.0,,1.7322834645669305,1.4173228346456705,0.018000000000000016,
560350,2025-11-14,1.279,1.274,1.288,1.272,1290195.0,,1.2422360248447217,-1.0869565217391315,-0.014000000000000012,
560350,2025-11-17,1.269,1.261,1.269,1.255,258550.0,,1.0989010989010999,-1.0204081632653157,-0.013000000000000123,
560350,2025-11-18,1.261,1.256,1.264,1.25,560678.0,,1.1102299762093588,-0.39651070578904785,-0.004999999999999893,
560350,2025-11-19,1.256,1.26,1.265,1.254,556494.0,,0.8757961783439411,0.3184713375796181,0.0040000000000000036,
560350,2025-11-20,1.264,1.25,1.265,1.245,339591.0,,1.587301587301571,-0.7936507936507943,-0.010000000000000009,
560350,2025-11-21,1.241,1.225,1.243,1.223,422272.0,,1.6000000000000014,-1.9999999999999927,-0.02499999999999991,
560350,2025-11-24,1.224,1.227,1.232,1.219,461862.0,,1.06122448979591,0.1632653061224491,0.0020000000000000018,
560350,2025-11-25,1.23,1.234,1.24,1.23,473204.0,,0.8149959250203755,0.5704971475142538,0.006999999999999895,
560350,2025-11-26,1.234,1.239,1.242,1.234,507715.0,,0.6482982171799033,0.4051863857374486,0.0050000000000001155,
560350,2025-11-27,1.239,1.235,1.246,1.23,318047.0,,1.291364003228411,-0.32284100080710276,-0.0040000000000000036,
560350,2025-11-28,1.236,1.24,1.241,1.23,364021.0,,0.8906882591093214,0.40485829959513303,0.004999999999999893,
560350,2025-12-01,1.24,1.253,1.254,1.24,458805.0,,1.1290322580645171,1.0483870967741855,0.0129999999999999,
560350,2025-12-02,1.253,1.247,1.255,1.245,707437.0,,0.7980845969672615,-0.47885075818034983,-0.005999999999999783,
560350,2025-12-03,1.247,1.242,1.251,1.239,557689.0,,0.9623095429029501,-0.4009623095429122,-0.0050000000000001155,
560350,2025-12-04,1.242,1.248,1.251,1.24,829545.0,,0.8856682769726166,0.48309178743961395,0.006000000000000005,
560350,2025-12-05,1.248,1.264,1.266,1.248,520448.0,,1.4423076923076936,1.2820512820512833,0.016000000000000014,
560350,2025-12-08,1.267,1.268,1.273,1.263,616636.0,,0.7911392405063299,0.31645569620253194,0.0040000000000000036,
560350,2025-12-09,1.269,1.255,1.269,1.252,864058.0,,1.3406940063091406,-1.0252365930599465,-0.013000000000000123,
560350,2025-12-10,1.254,1.255,1.256,1.244,662986.0,,0.9561752988047819,0.0,0.0,
560350,2025-12-11,1.251,1.249,1.262,1.247,587231.0,,1.1952191235059684,-0.47808764940237325,-0.005999999999999783,
560350,2025-12-12,1.25,1.259,1.263,1.247,451210.0,,1.281024819855868,0.8006405124099109,0.009999999999999787,
560350,2025-12-15,1.259,1.254,1.266,1.253,436106.0,,1.0325655281969917,-0.3971405877680615,-0.004999999999999893,
560350,2025-12-16,1.257,1.24,1.257,1.233,594519.0,,1.9138755980861084,-1.116427432216907,-0.014000000000000012,
560350,2025-12-17,1.24,1.26,1.264,1.238,484022.0,,2.096774193548389,1.6129032258064528,0.020000000000000018,
560350,2025-12-18,1.248,1.251,1.259,1.248,595539.0,,0.873015873015865,-0.7142857142857237,-0.009000000000000119,
560350,2025-12-19,1.251,1.258,1.264,1.25,661061.0,,1.1191047162270196,0.5595523581135186,0.007000000000000117,
560350,2025-12-22,1.268,1.268,1.27,1.262,481154.0,,0.6359300476947541,0.7949125596184426,0.010000000000000009,
560350,2025-12-23,1.266,1.273,1.279,1.266,498467.0,,1.025236593059929,0.39432176656150575,0.004999999999999893,
560350,2025-12-24,1.274,1.274,1.276,1.267,588332.0,,0.7069913589945106,0.07855459544384226,0.001000000000000112,
560350,2025-12-25,1.275,1.277,1.28,1.271,573743.0,,0.7064364207221443,0.23547880690736983,0.0029999999999998916,
560350,2025-12-26,1.275,1.282,1.286,1.275,402361.0,,0.8613938919342303,0.3915426781519276,0.0050000000000001155,
560350,2025-12-29,1.281,1.274,1.282,1.27,785170.0,,0.9360374414976607,-0.6240249609984405,-0.008000000000000007,
560350,2025-12-30,1.264,1.277,1.279,1.264,669639.0,,1.1773940345368838,0.23547880690736983,0.0029999999999998916,
560350,2025-12-31,1.277,1.269,1.28,1.266,484626.0,,1.096319498825373,-0.6264682850430703,-0.008000000000000007,
560350,2026-01-05,1.272,1.3,1.303,1.272,623062.0,,2.442868400315202,2.44286840031522,0.03100000000000014,
560350,2026-01-06,1.309,1.316,1.317,1.302,666460.0,,1.1538461538461462,1.2307692307692317,0.016000000000000014,
560350,2026-01-07,1.316,1.313,1.319,1.306,958764.0,,0.9878419452887461,-0.22796352583587487,-0.0030000000000001137,
560350,2026-01-08,1.311,1.293,1.311,1.289,606038.0,,1.6755521706016772,-1.5232292460015247,-0.020000000000000018,
560350,2026-01-09,1.293,1.297,1.304,1.291,585012.0,,1.0054137664346576,0.309358081979892,0.0040000000000000036,
560350,2026-01-12,1.298,1.3,1.303,1.285,135786.0,,1.3878180416345425,0.23130300693909897,0.0030000000000001137,
560350,2026-01-13,1.303,1.291,1.315,1.286,144780.0,,2.230769230769224,-0.6923076923077014,-0.009000000000000119,
560350,2026-01-14,1.289,1.283,1.307,1.276,750445.0,,2.4012393493415893,-0.6196746707978317,-0.008000000000000007,
560350,2026-01-15,1.287,1.292,1.293,1.279,480736.0,,1.0911925175370236,0.7014809041309524,0.009000000000000119,
560350,2026-01-16,1.295,1.291,1.304,1.278,428562.0,,2.0123839009287945,-0.07739938080496221,-0.001000000000000112,
560350,2026-01-19,1.283,1.279,1.292,1.277,579095.0,,1.161890007745943,-0.9295120061967475,-0.01200000000000001,
560350,2026-01-20,1.285,1.273,1.285,1.265,533114.0,,1.5637216575449586,-0.4691164972634876,-0.006000000000000005,
560350,2026-01-21,1.272,1.27,1.282,1.269,389917.0,,1.0212097407698448,-0.2356637863314919,-0.0029999999999998916,
560350,2026-01-22,1.273,1.269,1.278,1.261,443026.0,,1.3385826771653642,-0.07874015748032377,-0.001000000000000112,
560350,2026-01-23,1.268,1.26,1.275,1.257,611326.0,,1.4184397163120581,-0.7092198581560203,-0.008999999999999897,
560350,2026-01-26,1.257,1.269,1.278,1.257,308716.0,,1.666666666666677,0.7142857142857061,0.008999999999999897,
560350,2026-01-27,1.269,1.267,1.275,1.257,267742.0,,1.4184397163120581,-0.15760441292356203,-0.0020000000000000018,
560350,2026-01-28,1.267,1.267,1.273,1.264,389776.0,,0.7103393843725255,0.0,0.0,
560350,2026-01-29,1.269,1.292,1.294,1.267,294132.0,,2.1310181531176116,1.9731649565903817,0.025000000000000133,
560350,2026-01-30,1.287,1.279,1.294,1.26,481995.0,,2.6315789473684235,-1.006191950464406,-0.013000000000000123,
560350,2026-02-02,1.273,1.247,1.279,1.244,410710.0,,2.7365129007036684,-2.501954652071916,-0.031999999999999806,
560350,2026-02-03,1.247,1.263,1.263,1.243,243084.0,,1.6038492381715952,1.2830793905372726,0.015999999999999792,
560350,2026-02-04,1.256,1.28,1.282,1.256,238250.0,,2.0585906571654813,1.3460015835312849,0.017000000000000126,
560350,2026-02-05,1.276,1.275,1.281,1.266,335065.0,,1.1718749999999925,-0.390625000000009,-0.0050000000000001155,
560350,2026-02-06,1.272,1.27,1.278,1.258,383324.0,,1.5686274509803935,-0.3921568627450897,-0.004999999999999893,
560350,2026-02-09,1.275,1.287,1.288,1.275,252055.0,,1.0236220472441042,1.3385826771653466,0.016999999999999904,
560350,2026-02-10,1.284,1.284,1.286,1.281,244238.0,,0.3885003885003975,-0.23310023310022468,-0.0029999999999998916,
560350,2026-02-11,1.282,1.282,1.284,1.278,266889.0,,0.4672897196261686,-0.15576323987538954,-0.0020000000000000018,
560350,2026-02-12,1.283,1.28,1.287,1.279,246121.0,,0.6240249609984405,-0.15600624024961013,-0.0020000000000000018,
560350,2026-02-13,1.277,1.266,1.277,1.263,370460.0,,1.0937500000000009,-1.0937500000000009,-0.014000000000000012,
560350,2026-02-24,1.277,1.273,1.282,1.271,225663.0,,0.8688783570300254,0.5529225908372745,0.006999999999999895,
560350,2026-02-25,1.276,1.284,1.295,1.275,312700.0,,1.571091908876671,0.8641005498821775,0.01100000000000012,
560350,2026-02-26,1.287,1.273,1.287,1.27,389548.0,,1.3239875389408025,-0.8566978193146512,-0.01100000000000012,
560350,2026-02-27,1.262,1.266,1.271,1.261,308868.0,,0.7855459544383355,-0.5498821681068261,-0.006999999999999895,
560350,2026-03-02,1.259,1.27,1.273,1.252,190270.0,,1.6587677725118413,0.31595576619273325,0.0040000000000000036,
560350,2026-03-03,1.272,1.255,1.276,1.252,299185.0,,1.8897637795275608,-1.181102362204734,-0.015000000000000124,
560350,2026-03-04,1.252,1.237,1.252,1.228,199706.0,,1.9123505976095638,-1.434262948207155,-0.017999999999999794,
560350,2026-03-05,1.241,1.248,1.258,1.241,231552.0,,1.3742926434923122,0.8892481810832578,0.010999999999999899,
560350,2026-03-06,1.25,1.252,1.256,1.239,394407.0,,1.3621794871794797,0.3205128205128208,0.0040000000000000036,
560350,2026-03-09,1.242,1.243,1.246,1.224,381170.0,,1.7571884984025576,-0.7188498402555827,-0.008999999999999897,
560350,2026-03-10,1.246,1.262,1.264,1.246,210327.0,,1.4481094127111838,1.528559935639574,0.018999999999999906,
560350,2026-03-11,1.263,1.274,1.278,1.262,211524.0,,1.2678288431061817,0.9508716323296365,0.01200000000000001,
560350,2026-03-12,1.272,1.265,1.274,1.259,195241.0,,1.1773940345369014,-0.7064364207221443,-0.009000000000000119,
560350,2026-03-13,1.261,1.262,1.273,1.26,240589.0,,1.0276679841897154,-0.2371541501976199,-0.0029999999999998916,
560350,2026-03-16,1.261,1.267,1.269,1.252,360932.0,,1.3470681458003093,0.396196513470673,0.004999999999999893,
560350,2026-03-17,1.271,1.264,1.289,1.264,477332.0,,1.973164956590364,-0.236779794790836,-0.0029999999999998916,
560350,2026-03-18,1.268,1.267,1.269,1.254,1052562.0,,1.186708860759486,0.23734177215189015,0.0029999999999998916,
560350,2026-03-19,1.264,1.25,1.264,1.244,660510.0,,1.5785319652722982,-1.3417521704814448,-0.016999999999999904,
560350,2026-03-20,1.253,1.247,1.264,1.246,505161.0,,1.4400000000000013,-0.23999999999999136,-0.0029999999999998916,
560350,2026-03-23,1.243,1.213,1.243,1.203,421548.0,,3.2076984763432264,-2.7265437048917422,-0.03400000000000003,
560350,2026-03-24,1.22,1.222,1.223,1.203,307812.0,,1.648804616652928,0.7419620774938084,0.008999999999999897,
560350,2026-03-25,1.228,1.24,1.242,1.228,760999.0,,1.1456628477905084,1.472995090016368,0.018000000000000016,
560350,2026-03-26,1.242,1.225,1.242,1.221,365846.0,,1.6935483870967667,-1.209677419354831,-0.014999999999999902,
560350,2026-03-27,1.22,1.238,1.242,1.216,231281.0,,2.1224489795918386,1.06122448979591,0.0129999999999999,
560350,2026-03-30,1.238,1.232,1.238,1.219,287844.0,,1.5347334410339182,-0.48465266558966114,-0.006000000000000005,
560350,2026-03-31,1.235,1.225,1.243,1.224,292558.0,,1.5422077922078026,-0.5681818181818097,-0.006999999999999895,
560350,2026-04-01,1.235,1.243,1.246,1.233,225660.0,,1.06122448979591,1.469387755102042,0.018000000000000016,
560350,2026-04-02,1.244,1.232,1.244,1.226,177981.0,,1.4481094127111838,-0.8849557522123991,-0.01100000000000012,
560350,2026-04-03,1.235,1.223,1.235,1.221,173704.0,,1.1363636363636374,-0.7305194805194721,-0.008999999999999897,
560350,2026-04-07,1.223,1.219,1.226,1.214,121467.0,,0.9811937857726908,-0.32706459525756365,-0.0040000000000000036,
560350,2026-04-08,1.237,1.262,1.264,1.236,271537.0,,2.2969647251845795,3.527481542247738,0.04299999999999993,
560350,2026-04-09,1.252,1.256,1.259,1.25,309943.0,,0.7131537242472185,-0.4754358161648182,-0.006000000000000005,
560350,2026-04-10,1.26,1.276,1.284,1.26,253846.0,,1.9108280254777086,1.5923566878980906,0.020000000000000018,
560350,2026-04-13,1.274,1.279,1.283,1.273,325892.0,,0.7836990595611292,0.23510971786833007,0.0029999999999998916,
560350,2026-04-14,1.283,1.296,1.297,1.282,225340.0,,1.1727912431587102,1.3291634089132234,0.017000000000000126,
560350,2026-04-15,1.302,1.299,1.309,1.292,273655.0,,1.3117283950617211,0.2314814814814731,0.0029999999999998916,
560350,2026-04-16,1.299,1.312,1.313,1.297,269756.0,,1.2317167051578148,1.0007698229407331,0.013000000000000123,
560350,2026-04-17,1.31,1.304,1.31,1.3,193256.0,,0.7621951219512202,-0.6097560975609762,-0.008000000000000007,
560350,2026-04-20,1.31,1.309,1.313,1.295,571417.0,,1.3803680981595103,0.3834355828220777,0.004999999999999893,
560350,2026-04-21,1.311,1.315,1.316,1.299,453474.0,,1.2987012987013082,0.45836516424751766,0.006000000000000005,
560350,2026-04-22,1.312,1.319,1.321,1.311,404364.0,,0.7604562737642593,0.3041825095057037,0.0040000000000000036,
560350,2026-04-23,1.319,1.319,1.325,1.307,490590.0,,1.364670204700532,0.0,0.0,
560350,2026-04-24,1.317,1.317,1.321,1.306,183315.0,,1.1372251705837682,-0.15163002274450357,-0.0020000000000000018,
560350,2026-04-27,1.322,1.312,1.322,1.309,571860.0,,0.9870918754745727,-0.37965072133636246,-0.004999999999999893,
560350,2026-04-28,1.315,1.305,1.315,1.302,326790.0,,0.9908536585365777,-0.5335365853658626,-0.007000000000000117,
560350,2026-04-29,1.304,1.326,1.327,1.3,174540.0,,2.068965517241373,1.6091954022988606,0.02100000000000013,
560350,2026-04-30,1.325,1.324,1.331,1.319,239397.0,,0.9049773755656116,-0.1508295625942686,-0.0020000000000000018,
560350,2026-05-06,1.328,1.337,1.34,1.327,301664.0,,0.9818731117824865,0.9818731117824698,0.0129999999999999,
560350,2026-05-07,1.336,1.339,1.342,1.332,287052.0,,0.7479431563201203,0.14958863126402405,0.0020000000000000018,
560350,2026-05-08,1.332,1.334,1.339,1.325,187020.0,,1.0455563853622114,-0.3734129947722101,-0.004999999999999893,
560350,2026-05-11,1.334,1.355,1.36,1.334,328864.0,,1.9490254872563735,1.5742128935532163,0.020999999999999908,
560350,2026-05-12,1.358,1.359,1.366,1.353,567683.0,,0.95940959409595,0.29520295202952057,0.0040000000000000036,
560350,2026-05-13,1.356,1.364,1.367,1.348,189398.0,,1.3980868285503978,0.3679175864606413,0.0050000000000001155,
560350,2026-05-14,1.367,1.348,1.372,1.341,245925.0,,2.2727272727272827,-1.1730205278592385,-0.016000000000000014,
560350,2026-05-15,1.345,1.33,1.35,1.323,296189.0,,2.002967359050455,-1.335311572700298,-0.018000000000000016,
560350,2026-05-18,1.329,1.317,1.332,1.311,198019.0,,1.5789473684210624,-0.9774436090225656,-0.013000000000000123,
560350,2026-05-19,1.315,1.317,1.319,1.301,272398.0,,1.3667425968109352,0.0,0.0,
560350,2026-05-20,1.314,1.316,1.322,1.31,162101.0,,0.9111617312072902,-0.07593014426726576,-0.0009999999999998899,
560350,2026-05-21,1.331,1.301,1.34,1.301,145159.0,,2.9635258358662724,-1.1398176291793407,-0.015000000000000124,
560350,2026-05-22,1.31,1.313,1.316,1.301,194362.0,,1.1529592621060818,0.9223674096848586,0.01200000000000001,
560350,2026-05-25,1.314,1.329,1.332,1.313,222368.0,,1.4470677837014567,1.2185833968012196,0.016000000000000014,
560350,2026-05-26,1.324,1.335,1.338,1.324,174978.0,,1.053423626787059,0.4514672686230252,0.006000000000000005,
560350,2026-05-27,1.341,1.331,1.344,1.326,278187.0,,1.3483146067415743,-0.2996254681647943,-0.0040000000000000036,
560350,2026-05-28,1.325,1.337,1.338,1.316,179216.0,,1.6528925619834725,0.45078888054094707,0.006000000000000005,
560350,2026-05-29,1.337,1.337,1.352,1.331,155739.0,,1.570680628272261,0.0,0.0,
560350,2026-06-01,1.33,1.32,1.342,1.318,210465.0,,1.7950635751682888,-1.2715033657441963,-0.016999999999999904,
560350,2026-06-02,1.327,1.343,1.349,1.321,272849.0,,2.121212121212123,1.7424242424242355,0.02299999999999991,
560350,2026-06-03,1.343,1.349,1.362,1.34,207893.0,,1.63812360387193,0.4467609828741627,0.006000000000000005,
