date,open,high,low,close,volume,amount
2024-01-02 15:00:00,11.167,11.167,11.215,11.215,130282997800,1318311509000.0
2024-01-03 15:00:00,11.224,11.242,11.237,11.227,130094266800,1316182364000.0
2024-01-04 15:00:00,11.231,11.232,11.286,11.258,130272137400,1318066419000.0
2024-01-05 15:00:00,11.267,11.301,11.295,11.276,130182256500,1317296534000.0
2024-01-08 15:00:00,11.281,11.292,11.33,11.318,130982535400,1325044560000.0
2024-01-09 15:00:00,11.318,11.333,11.334,11.322,131282610900,1327778166000.0
2024-01-10 15:00:00,11.329,11.358,11.349,11.339,129973063600,1314136607000.0
2024-01-11 15:00:00,11.34,11.379,11.349,11.362,130682417600,1321425562000.0
2024-01-12 15:00:00,11.37,11.392,11.38,11.378,129667544200,1311547183000.0
2024-01-15 15:00:00,11.39,11.428,11.401,11.397,129811706700,1312739455000.0
2024-01-16 15:00:00,11.409,11.445,11.42,11.442,131690943300,1331241390000.0
2024-01-17 15:00:00,11.451,11.451,11.511,11.51,131838429500,1333577808000.0
2024-01-18 15:00:00,11.523,11.599,11.574,11.573,132235418200,1336939958000.0
2024-01-19 15:00:00,11.589,11.622,11.596,11.615,131763312600,1332330131000.0
2024-01-22 15:00:00,11.625,11.641,11.712,11.672,132401228500,1338451034000.0
2024-01-23 15:00:00,11.687,11.73,11.709,11.713,130436367100,1319104698000.0
2024-01-24 15:00:00,11.719,11.764,11.774,11.764,131505521600,1329493883000.0
2024-01-25 15:00:00,11.773,11.848,11.779,11.841,130384571400,1318938769000.0
2024-01-26 15:00:00,11.85,11.874,11.87,11.852,131174229000,1326985542000.0
2024-01-29 15:00:00,11.854,11.872,11.889,11.889,130126258400,1316482304000.0
2024-01-30 15:00:00,11.906,11.925,11.943,11.94,131126986800,1326403894000.0
2024-01-31 15:00:00,11.947,11.96,11.992,11.966,131920188500,1334277607000.0
2024-02-01 15:00:00,11.988,12.041,11.997,12.008,131533088200,1329674793000.0
2024-02-02 15:00:00,12.008,12.022,12.133,12.038,131730430900,1331392613000.0
2024-02-05 15:00:00,12.084,12.172,12.121,12.164,132365676900,1337789646000.0
2024-02-06 15:00:00,12.186,12.302,12.208,12.298,131380414800,1328540591000.0
2024-02-07 15:00:00,12.307,12.353,12.317,12.353,132765963500,1342986489000.0
2024-02-08 15:00:00,12.356,12.384,12.368,12.382,131774679000,1332904164000.0
2024-02-19 15:00:00,12.382,12.401,12.394,12.399,130450997300,1319739894000.0
2024-02-20 15:00:00,12.402,12.421,12.416,12.412,130370764300,1319066320000.0
2024-02-21 15:00:00,12.422,12.536,12.427,12.491,130338171400,1318972138000.0
2024-02-22 15:00:00,12.497,12.53,12.502,12.528,129877740500,1314022759000.0
2024-02-23 15:00:00,12.528,12.55,12.541,12.53,130210858800,1317900228000.0
2024-02-26 15:00:00,12.536,12.547,12.574,12.57,130424632400,1319767211000.0
2024-02-27 15:00:00,12.575,12.628,12.579,12.627,130051955300,1315824535000.0
2024-02-28 15:00:00,12.627,12.658,12.665,12.665,130372883200,1319380183000.0
2024-02-29 15:00:00,12.669,12.734,12.67,12.732,130021756300,1315396410000.0
2024-03-01 15:00:00,12.733,12.77,12.742,12.76,130289939800,1318730998000.0
2024-03-04 15:00:00,12.762,12.774,12.778,12.762,130447706300,1320207392000.0
2024-03-05 15:00:00,12.78,12.839,12.782,12.835,131604959200,1331600816000.0
2024-03-06 15:00:00,12.844,12.86,12.859,12.856,130109711400,1317164023000.0
2024-03-07 15:00:00,12.86,12.887,12.884,12.88,130239403800,1318332079000.0
2024-03-08 15:00:00,12.882,12.903,12.901,12.899,130573096300,1321354845000.0
2024-03-11 15:00:00,12.908,12.965,12.908,12.96,130975966100,1325811518000.0
2024-03-12 15:00:00,12.96,12.981,12.971,12.968,130223973900,1318310561000.0
2024-03-13 15:00:00,12.968,12.969,13.0,12.992,130244076800,1318454989000.0
2024-03-14 15:00:00,12.997,13.026,13.023,13.005,130475347700,1320575771000.0
2024-03-15 15:00:00,13.014,13.036,13.035,13.03,130514292000,1320857002000.0
2024-03-18 15:00:00,13.032,13.067,13.032,13.067,130474891500,1320623707000.0
2024-03-19 15:00:00,13.071,13.082,13.096,13.094,130047462500,1316299893000.0
2024-03-20 15:00:00,13.096,13.111,13.104,13.103,130138703800,1317479116000.0
2024-03-21 15:00:00,13.108,13.124,13.121,13.116,129927297700,1314946465000.0
2024-03-22 15:00:00,13.123,13.127,13.177,13.15,130799279900,1323455299000.0
2024-03-25 15:00:00,13.158,13.184,13.171,13.169,130084394800,1316771695000.0
2024-03-26 15:00:00,13.173,13.19,13.184,13.183,130098773200,1316987759000.0
2024-03-27 15:00:00,13.193,13.203,13.224,13.222,130403983600,1319765300000.0
2024-03-28 15:00:00,13.226,13.281,13.238,13.247,130220715100,1318092252000.0
2024-03-29 15:00:00,13.253,13.277,13.253,13.274,130277706700,1318615098000.0
2024-04-01 15:00:00,13.287,13.345,13.291,13.335,130077639600,1316855259000.0
2024-04-02 15:00:00,13.342,13.342,13.374,13.362,129719742300,1312997624000.0
2024-04-03 15:00:00,13.362,13.363,13.387,13.377,130002984100,1315563846000.0
2024-04-08 15:00:00,13.381,13.384,13.412,13.408,130080686300,1316722454000.0
2024-04-09 15:00:00,13.409,13.415,13.427,13.415,129776867200,1313329322000.0
2024-04-10 15:00:00,13.415,13.415,13.461,13.441,129746561400,1312981844000.0
2024-04-11 15:00:00,13.466,13.506,13.466,13.485,129878283200,1314155537000.0
2024-04-12 15:00:00,13.487,13.502,13.521,13.515,130434054800,1319933861000.0
2024-04-15 15:00:00,13.516,13.603,13.516,13.595,130124464600,1317220924000.0
2024-04-16 15:00:00,13.602,13.605,13.643,13.63,129945766000,1314855174000.0
2024-04-17 15:00:00,13.631,13.685,13.644,13.682,130034034800,1315800620000.0
2024-04-18 15:00:00,13.691,13.742,13.694,13.706,130263855700,1318633389000.0
2024-04-19 15:00:00,13.72,13.728,13.749,13.736,130110050700,1317118810000.0
2024-04-22 15:00:00,13.736,13.759,13.75,13.744,129918332400,1314675149000.0
2024-04-23 15:00:00,13.744,13.75,13.777,13.769,129957710500,1314901018000.0
2024-04-24 15:00:00,13.774,13.787,13.791,13.782,130012391800,1315402569000.0
2024-04-25 15:00:00,13.792,13.827,13.801,13.813,130020293700,1315525102000.0
2024-04-26 15:00:00,13.814,13.874,13.814,13.865,130116541300,1317243920000.0
2024-04-29 15:00:00,13.871,13.934,13.875,13.912,130094230400,1317160875000.0
2024-04-30 15:00:00,13.912,13.919,13.934,13.933,129632691200,1312301578000.0
2024-05-06 15:00:00,13.989,14.003,14.005,13.991,130659127800,1322604346000.0
2024-05-07 15:00:00,13.991,13.998,14.001,13.993,130046155300,1316572883000.0
2024-05-08 15:00:00,13.999,13.999,14.026,14.026,129979234300,1315633319000.0
2024-05-09 15:00:00,14.032,14.083,14.032,14.076,130023911400,1316153863000.0
2024-05-10 15:00:00,14.086,14.09,14.121,14.094,130240172900,1318634556000.0
2024-05-13 15:00:00,14.116,14.147,14.129,14.136,129928018500,1315242591000.0
2024-05-14 15:00:00,14.137,14.154,14.153,14.143,129823444400,1314241848000.0
2024-05-15 15:00:00,14.143,14.145,14.176,14.17,129988013000,1315742831000.0
2024-05-16 15:00:00,14.176,14.2,14.184,14.183,130179549800,1318026394000.0
2024-05-17 15:00:00,14.184,14.231,14.196,14.231,129718850600,1313242280000.0
2024-05-20 15:00:00,14.231,14.253,14.24,14.235,129600920400,1312254686000.0
2024-05-21 15:00:00,14.237,14.238,14.259,14.247,129341038000,1309729463000.0
2024-05-22 15:00:00,14.248,14.271,14.255,14.263,130295882000,1319253397000.0
2024-05-23 15:00:00,14.269,14.269,14.318,14.307,129800613100,1314031372000.0
2024-05-24 15:00:00,14.319,14.339,14.352,14.349,129576031800,1311824088000.0
2024-05-27 15:00:00,14.354,14.382,14.36,14.379,129496288100,1311043806000.0
2024-05-28 15:00:00,14.379,14.382,14.41,14.403,129769787400,1313617188000.0
2024-05-29 15:00:00,14.403,14.429,14.411,14.406,129570944600,1311756240000.0
2024-05-30 15:00:00,14.414,14.437,14.43,14.421,129563749000,1311626612000.0
2024-05-31 15:00:00,14.424,14.442,14.443,14.439,129665868000,1312570219000.0
2024-06-03 15:00:00,14.441,14.457,14.459,14.445,129903060500,1314731987000.0
2024-06-04 15:00:00,14.447,14.487,14.453,14.478,129602826600,1311997340000.0
2024-06-05 15:00:00,14.479,14.488,14.497,14.494,129502011800,1311085261000.0
2024-06-06 15:00:00,14.5,14.524,14.523,14.506,129655368600,1312501227000.0
2024-06-07 15:00:00,14.506,14.517,14.552,14.531,129708110300,1312900960000.0
2024-06-11 15:00:00,14.538,14.538,14.573,14.555,129764292000,1313310827000.0
2024-06-12 15:00:00,14.56,14.569,14.571,14.56,129495366800,1310833876000.0
2024-06-13 15:00:00,14.564,14.571,14.591,14.583,128977032800,1305362627000.0
2024-06-14 15:00:00,14.594,14.63,14.6,14.628,129558739000,1311385031000.0
2024-06-17 15:00:00,14.645,14.657,14.652,14.65,129196268100,1307513717000.0
2024-06-18 15:00:00,14.65,14.67,14.653,14.66,129010383000,1305724718000.0
2024-06-19 15:00:00,14.663,14.667,14.683,14.679,129460083000,1310501658000.0
2024-06-20 15:00:00,14.68,14.69,14.707,14.703,130086658800,1316761665000.0
2024-06-21 15:00:00,14.704,14.713,14.732,14.71,131276006900,1328447675000.0
2024-06-24 15:00:00,14.732,14.756,14.742,14.738,131134835200,1327127761000.0
2024-06-25 15:00:00,14.738,14.745,14.778,14.76,130733192900,1322634862000.0
2024-06-26 15:00:00,14.77,14.811,14.773,14.804,130110728300,1316983273000.0
2024-06-27 15:00:00,14.812,14.817,14.83,14.823,130718701000,1322507982000.0
2024-06-28 15:00:00,14.833,14.874,14.833,14.851,130154331600,1317428491000.0
2024-07-01 15:00:00,14.854,14.875,14.873,14.869,129803334900,1313448938000.0
2024-07-02 15:00:00,14.877,14.895,14.883,14.88,129681378200,1312374338000.0
2024-07-03 15:00:00,14.881,14.885,14.9,14.884,130609046700,1321535363000.0
2024-07-04 15:00:00,14.884,14.9,14.906,14.906,130509926700,1320620091000.0
2024-07-05 15:00:00,14.907,14.913,14.954,14.921,130855040300,1323578514000.0
2024-07-08 15:00:00,14.932,14.94,14.956,14.948,130209726200,1317775476000.0
2024-07-09 15:00:00,14.958,15.018,14.964,15.006,130589171000,1321227514000.0
2024-07-10 15:00:00,15.01,15.025,15.016,15.014,129615150400,1311678575000.0
2024-07-11 15:00:00,15.04,15.073,15.049,15.063,130199762400,1317852831000.0
2024-07-12 15:00:00,15.065,15.08,15.071,15.076,129835794200,1313837519000.0
2024-07-15 15:00:00,15.081,15.097,15.088,15.091,130256441000,1318434691000.0
2024-07-16 15:00:00,15.097,15.133,15.102,15.128,131097076500,1326882722000.0
2024-07-17 15:00:00,15.128,15.15,15.139,15.134,131792582600,1334000294000.0
2024-07-18 15:00:00,15.153,15.198,15.158,15.196,130910792900,1325027496000.0
2024-07-19 15:00:00,15.206,15.246,15.222,15.239,131909365300,1335166695000.0
2024-07-22 15:00:00,15.242,15.249,15.288,15.267,130325392200,1319214542000.0
2024-07-23 15:00:00,15.274,15.281,15.344,15.343,129564639300,1311417199000.0
2024-07-24 15:00:00,15.35,15.369,15.377,15.364,130610122000,1321527692000.0
2024-07-25 15:00:00,15.38,15.39,15.406,15.384,130945097300,1325182045000.0
2024-07-26 15:00:00,15.385,15.405,15.397,15.399,130315981300,1318815493000.0
2024-07-29 15:00:00,15.403,15.403,15.422,15.422,129259118400,1308261803000.0
2024-07-30 15:00:00,15.432,15.435,15.46,15.442,131091779600,1326532847000.0
2024-07-31 15:00:00,15.45,15.537,15.45,15.534,130099728500,1316767109000.0
2024-08-01 15:00:00,15.534,15.542,15.562,15.561,129791604100,1313345827000.0
2024-08-02 15:00:00,15.578,15.595,15.604,15.598,129924964900,1314403168000.0
2024-08-05 15:00:00,15.608,15.647,15.639,15.639,130417687200,1319613303000.0
2024-08-06 15:00:00,15.657,15.675,15.701,15.675,130196889200,1317578285000.0
2024-08-07 15:00:00,15.681,15.707,15.689,15.681,129007317800,1305132310000.0
2024-08-08 15:00:00,15.685,15.718,15.699,15.694,129167497600,1306531325000.0
2024-08-09 15:00:00,15.709,15.719,15.737,15.737,128933347300,1304481558000.0
2024-08-12 15:00:00,15.737,15.746,15.746,15.74,128763176000,1302914897000.0
2024-08-13 15:00:00,15.743,15.747,15.764,15.744,129280576200,1308283952000.0
2024-08-14 15:00:00,15.745,15.745,15.771,15.771,128544906500,1300954546000.0
2024-08-15 15:00:00,15.774,15.833,15.777,15.818,130890112500,1323935101000.0
2024-08-16 15:00:00,15.823,15.842,15.828,15.829,128921369300,1304379203000.0
2024-08-19 15:00:00,15.83,15.864,15.832,15.837,128823055400,1303564884000.0
2024-08-20 15:00:00,15.84,15.846,15.877,15.862,130195866000,1317552125000.0
2024-08-21 15:00:00,15.871,15.888,15.888,15.874,130444107900,1319737238000.0
2024-08-22 15:00:00,15.874,15.88,15.892,15.882,130780025500,1322644028000.0
2024-08-23 15:00:00,15.886,15.916,15.888,15.903,129416137900,1309651704000.0
2024-08-26 15:00:00,15.908,15.916,15.929,15.914,130368924400,1319047315000.0
2024-08-27 15:00:00,15.925,15.933,15.939,15.928,130368853200,1319005900000.0
2024-08-28 15:00:00,15.937,15.944,15.962,15.945,130875285900,1323479167000.0
2024-08-29 15:00:00,15.955,15.964,15.968,15.96,129765740500,1312587015000.0
2024-08-30 15:00:00,15.968,16.054,15.968,16.02,130093885700,1316247010000.0
2024-09-02 15:00:00,16.022,16.022,16.082,16.082,129615845500,1311287910000.0
2024-09-03 15:00:00,16.082,16.107,16.085,16.097,130855779800,1323141913000.0
2024-09-04 15:00:00,16.111,16.122,16.124,16.122,129521193000,1310393125000.0
2024-09-05 15:00:00,16.127,16.14,16.136,16.128,130244591000,1317778290000.0
2024-09-06 15:00:00,16.132,16.147,16.166,16.165,129465838000,1309888235000.0
2024-09-09 15:00:00,16.172,16.176,16.216,16.204,130051054900,1314947920000.0
2024-09-10 15:00:00,16.204,16.218,16.227,16.204,129597342000,1310811750000.0
2024-09-11 15:00:00,16.213,16.227,16.225,16.214,129285534500,1307717566000.0
2024-09-12 15:00:00,16.22,16.234,16.237,16.236,129441156200,1309487651000.0
2024-09-13 15:00:00,16.243,16.251,16.265,16.264,129748555500,1312048062000.0
2024-09-18 15:00:00,16.305,16.323,16.324,16.308,130328971800,1318097427000.0
2024-09-19 15:00:00,16.316,16.359,16.344,16.338,129838151800,1312685512000.0
2024-09-20 15:00:00,16.341,16.358,16.366,16.356,131749461000,1331860679000.0
2024-09-23 15:00:00,16.364,16.396,16.371,16.374,129585778000,1310671770000.0
2024-09-24 15:00:00,16.4,16.526,16.416,16.526,130841595300,1322904193000.0
2024-09-25 15:00:00,16.589,16.643,16.609,16.605,130998692600,1325762530000.0
2024-09-26 15:00:00,16.61,16.782,16.611,16.782,130989774800,1325779242000.0
2024-09-27 15:00:00,16.866,17.146,16.909,17.048,131727646100,1333781426000.0
2024-09-30 15:00:00,17.326,17.409,17.608,17.387,131744311500,1334584223000.0
2024-10-08 15:00:00,17.82,17.82,18.259,18.033,131861512000,1336763731000.0
2024-10-09 15:00:00,18.084,18.084,18.474,18.448,131559161100,1333415246000.0
2024-10-10 15:00:00,18.487,18.61,18.56,18.501,131422350500,1331748439000.0
2024-10-11 15:00:00,18.514,18.514,18.67,18.621,130999058500,1327005431000.0
2024-10-14 15:00:00,18.635,18.713,18.672,18.694,130999687800,1327038421000.0
2024-10-15 15:00:00,18.716,18.744,18.804,18.799,130716029600,1324294053000.0
2024-10-16 15:00:00,18.851,18.926,18.854,18.872,130576394700,1322573725000.0
2024-10-17 15:00:00,18.906,18.925,18.986,18.986,130559745800,1322387031000.0
2024-10-18 15:00:00,18.988,19.27,19.002,19.141,131065731000,1327597310000.0
2024-10-21 15:00:00,19.161,19.191,19.211,19.175,130892101000,1325967918000.0
2024-10-22 15:00:00,19.192,19.24,19.193,19.23,130391937100,1321082696000.0
2024-10-23 15:00:00,19.23,19.292,19.245,19.247,130774962900,1325161667000.0
2024-10-24 15:00:00,19.254,19.254,19.307,19.291,130848183400,1325570425000.0
2024-10-25 15:00:00,19.292,19.361,19.299,19.324,130471572000,1321946404000.0
2024-10-28 15:00:00,19.332,19.344,19.367,19.342,130463724100,1321826470000.0
2024-10-29 15:00:00,19.346,19.378,19.391,19.386,130302141900,1320171126000.0
2024-10-30 15:00:00,19.396,19.408,19.451,19.427,130475566600,1321763961000.0
2024-10-31 15:00:00,19.43,19.472,19.459,19.439,130598075400,1323016680000.0
2024-11-01 15:00:00,19.456,19.518,19.456,19.477,130201483400,1319033497000.0
2024-11-04 15:00:00,19.479,19.534,19.489,19.534,129535248500,1312434919000.0
2024-11-05 15:00:00,19.536,19.645,19.557,19.64,131028351400,1327572897000.0
2024-11-06 15:00:00,19.64,19.688,19.687,19.658,130670028800,1324347255000.0
2024-11-07 15:00:00,19.688,19.851,19.697,19.851,130909650000,1326468010000.0
2024-11-08 15:00:00,19.888,19.902,19.993,19.971,130794334700,1325728381000.0
2024-11-11 15:00:00,20.012,20.076,20.041,20.072,130451017800,1322167234000.0
2024-11-12 15:00:00,20.073,20.127,20.148,20.124,130597452400,1323856196000.0
2024-11-13 15:00:00,20.14,20.195,20.145,20.184,130411888600,1321758577000.0
2024-11-14 15:00:00,20.191,20.206,20.264,20.255,130124231200,1318664826000.0
2024-11-15 15:00:00,20.266,20.285,20.329,20.329,130150065200,1318776202000.0
2024-11-18 15:00:00,20.351,20.393,20.415,20.388,130070703400,1317857669000.0
2024-11-19 15:00:00,20.393,20.411,20.458,20.41,130164830100,1318745470000.0
2024-11-20 15:00:00,20.423,20.462,20.43,20.444,130035967600,1317486160000.0
2024-11-21 15:00:00,20.45,20.471,20.465,20.46,129907535500,1316508949000.0
2024-11-22 15:00:00,20.463,20.469,20.589,20.584,130370058000,1320820966000.0
2024-11-25 15:00:00,20.587,20.606,20.653,20.615,129895677200,1315862283000.0
2024-11-26 15:00:00,20.628,20.673,20.629,20.637,129488331800,1311753171000.0
2024-11-27 15:00:00,20.637,20.707,20.659,20.704,129964517600,1316639571000.0
2024-11-28 15:00:00,20.708,20.714,20.744,20.737,129819855500,1315231381000.0
2024-11-29 15:00:00,20.737,20.83,20.737,20.779,130073124200,1317740172000.0
2024-12-02 15:00:00,20.781,20.825,20.793,20.812,129632608200,1313499679000.0
2024-12-03 15:00:00,20.812,20.835,20.837,20.82,129670954800,1313903657000.0
2024-12-04 15:00:00,20.829,20.843,20.855,20.845,129711480500,1314305524000.0
2024-12-05 15:00:00,20.853,20.871,20.865,20.854,129075936400,1307962635000.0
2024-12-06 15:00:00,20.859,20.935,20.864,20.908,130055986900,1317683290000.0
2024-12-09 15:00:00,20.91,20.932,20.943,20.916,129999946100,1317213486000.0
2024-12-10 15:00:00,21.043,21.062,21.149,21.141,130354272800,1321025809000.0
2024-12-11 15:00:00,21.141,21.152,21.158,21.148,130048426200,1317658355000.0
2024-12-12 15:00:00,21.149,21.193,21.158,21.188,130179700300,1319092382000.0
2024-12-13 15:00:00,21.208,21.209,21.29,21.288,130758604600,1324960750000.0
2024-12-16 15:00:00,21.291,21.296,21.329,21.314,129564302700,1312730358000.0
2024-12-17 15:00:00,21.326,21.383,21.326,21.346,130174658000,1318816515000.0
2024-12-18 15:00:00,21.364,21.379,21.373,21.365,129553277500,1312700365000.0
2024-12-19 15:00:00,21.392,21.435,21.408,21.427,129632397400,1313497875000.0
2024-12-20 15:00:00,21.433,21.45,21.45,21.441,130895313100,1326004924000.0
2024-12-23 15:00:00,21.443,21.475,21.449,21.443,129859442200,1315888480000.0
2024-12-24 15:00:00,21.445,21.502,21.446,21.495,129789752700,1315249585000.0
2024-12-25 15:00:00,21.499,21.517,21.52,21.503,129529811800,1312591515000.0
2024-12-26 15:00:00,21.503,21.511,21.52,21.508,129644933800,1313798113000.0
2024-12-27 15:00:00,21.509,21.533,21.523,21.51,130154283100,1318757345000.0
2024-12-30 15:00:00,21.51,21.534,21.515,21.526,130286043300,1320173241000.0
2024-12-31 15:00:00,21.526,21.532,21.592,21.592,129824829700,1315627815000.0
2025-01-02 15:00:00,21.6,21.607,21.739,21.716,130099174900,1317886936000.0
2025-01-03 15:00:00,21.717,21.735,21.769,21.759,130279778700,1319533411000.0
2025-01-06 15:00:00,21.759,21.77,21.795,21.772,130143219100,1318085926000.0
2025-01-07 15:00:00,21.773,21.806,21.788,21.805,129612747400,1312786516000.0
2025-01-08 15:00:00,21.818,21.849,21.874,21.819,130227597000,1318952857000.0
2025-01-09 15:00:00,21.831,21.854,21.834,21.84,129549856200,1312193615000.0
2025-01-10 15:00:00,21.84,21.849,21.888,21.888,129589611200,1312495923000.0
2025-01-13 15:00:00,21.909,21.934,21.918,21.915,129631474600,1312780850000.0
2025-01-14 15:00:00,21.928,22.028,21.94,22.016,129822986600,1314908335000.0
2025-01-15 15:00:00,22.023,22.026,22.047,22.041,128891574900,1305656608000.0
2025-01-16 15:00:00,22.058,22.094,22.097,22.072,129426857800,1311026487000.0
2025-01-17 15:00:00,22.077,22.119,22.091,22.098,129363650700,1310408496000.0
2025-01-20 15:00:00,22.118,22.148,22.13,22.123,129197742500,1308814732000.0
2025-01-21 15:00:00,22.145,22.149,22.178,22.162,129104822800,1307899394000.0
2025-01-22 15:00:00,22.166,22.168,22.216,22.199,129572855700,1312451819000.0
2025-01-23 15:00:00,22.236,22.277,22.267,22.265,129512439200,1311978534000.0
2025-01-24 15:00:00,22.266,22.32,22.269,22.303,129659982800,1313444884000.0
2025-01-27 15:00:00,22.318,22.32,22.354,22.354,130127120900,1318107812000.0
2025-02-05 15:00:00,22.376,22.381,22.429,22.423,129786183100,1314603431000.0
2025-02-06 15:00:00,22.425,22.479,22.427,22.475,129449405400,1311312955000.0
2025-02-07 15:00:00,22.476,22.559,22.486,22.53,130304307500,1320016100000.0
2025-02-10 15:00:00,22.53,22.544,22.543,22.537,130049939300,1317473598000.0
2025-02-11 15:00:00,22.538,22.542,22.569,22.558,129572656800,1312737827000.0
2025-02-12 15:00:00,22.558,22.602,22.573,22.596,129299863700,1309984945000.0
2025-02-13 15:00:00,22.597,22.619,22.612,22.609,129667735700,1313837364000.0
2025-02-14 15:00:00,22.612,22.655,22.613,22.647,129424541400,1311355438000.0
2025-02-17 15:00:00,22.658,22.667,22.688,22.662,130085649700,1317935421000.0
2025-02-18 15:00:00,22.664,22.686,22.706,22.694,129640584600,1313612253000.0
2025-02-19 15:00:00,22.695,22.729,22.702,22.722,129180670800,1308864937000.0
2025-02-20 15:00:00,22.722,22.722,22.747,22.736,129246534300,1309520196000.0
2025-02-21 15:00:00,22.747,22.796,22.759,22.792,129640675600,1313700700000.0
2025-02-24 15:00:00,22.793,22.807,22.828,22.809,129775515400,1315134860000.0
2025-02-25 15:00:00,22.832,22.844,22.863,22.851,129255015500,1309623795000.0
2025-02-26 15:00:00,22.857,22.886,22.864,22.884,130042586500,1317497717000.0
2025-02-27 15:00:00,22.885,22.9,22.911,22.895,130148395700,1318624684000.0
2025-02-28 15:00:00,22.905,22.918,22.977,22.974,129791094200,1315145306000.0
2025-03-03 15:00:00,22.983,23.017,23.01,22.995,129196061500,1308950999000.0
2025-03-04 15:00:00,23.012,23.033,23.024,23.027,128886673400,1305891660000.0
2025-03-05 15:00:00,23.029,23.047,23.043,23.042,129769899300,1314785183000.0
2025-03-06 15:00:00,23.06,23.111,23.061,23.101,129956162400,1316928693000.0
2025-03-07 15:00:00,23.114,23.136,23.126,23.116,130019546800,1317288392000.0
2025-03-10 15:00:00,23.116,23.12,23.157,23.132,130332286200,1320428342000.0
2025-03-11 15:00:00,23.163,23.209,23.169,23.204,129945981900,1316714298000.0
2025-03-12 15:00:00,23.212,23.223,23.239,23.229,129077642300,1308067104000.0
2025-03-13 15:00:00,23.229,23.24,23.263,23.248,129230184000,1309330422000.0
2025-03-14 15:00:00,23.249,23.358,23.249,23.351,130463019800,1322008382000.0
2025-03-17 15:00:00,23.361,23.365,23.39,23.385,130043030700,1317638386000.0
2025-03-18 15:00:00,23.402,23.409,23.419,23.407,129451692400,1311863693000.0
2025-03-19 15:00:00,23.407,23.426,23.427,23.412,129475838100,1312119495000.0
2025-03-20 15:00:00,23.414,23.415,23.454,23.448,129634059400,1313715461000.0
2025-03-21 15:00:00,23.456,23.469,23.525,23.514,129824198800,1315505595000.0
2025-03-24 15:00:00,23.516,23.541,23.52,23.536,129266401800,1309721637000.0
2025-03-25 15:00:00,23.539,23.549,23.55,23.539,128815092100,1305348139000.0
2025-03-26 15:00:00,23.54,23.554,23.556,23.554,128972878400,1306967375000.0
2025-03-27 15:00:00,23.554,23.592,23.572,23.565,128924994600,1306486647000.0
2025-03-28 15:00:00,23.565,23.57,23.591,23.581,128940874300,1306592735000.0
2025-03-31 15:00:00,23.642,23.682,23.69,23.672,129450319100,1311383501000.0
2025-04-01 15:00:00,23.675,23.691,23.685,23.679,128291607900,1299788634000.0
2025-04-02 15:00:00,23.68,23.693,23.693,23.685,128852248000,1305365617000.0
2025-04-03 15:00:00,23.713,23.743,23.722,23.72,129559818500,1312361753000.0
2025-04-07 15:00:00,23.886,23.932,24.089,23.984,132153409900,1337466489000.0
2025-04-08 15:00:00,23.989,24.025,24.026,24.018,132872098800,1344730019000.0
2025-04-09 15:00:00,24.047,24.123,24.073,24.103,130544835400,1321441164000.0
2025-04-10 15:00:00,24.172,24.191,24.199,24.181,129761536900,1313881773000.0
2025-04-11 15:00:00,24.191,24.236,24.202,24.222,129462896200,1311014651000.0
2025-04-14 15:00:00,24.235,24.25,24.24,24.238,129288875700,1309407000000.0
2025-04-15 15:00:00,24.24,24.252,24.258,24.242,130377625200,1320204145000.0
2025-04-16 15:00:00,24.249,24.279,24.275,24.271,131662809600,1332935380000.0
2025-04-17 15:00:00,24.286,24.312,24.29,24.298,129219962900,1308747925000.0
2025-04-18 15:00:00,24.304,24.328,24.31,24.319,130943355700,1325985262000.0
2025-04-21 15:00:00,24.325,24.349,24.331,24.337,128620382200,1302738104000.0
2025-04-22 15:00:00,24.34,24.356,24.343,24.341,128597291700,1302523617000.0
2025-04-23 15:00:00,24.355,24.366,24.372,24.365,129178111200,1308227770000.0
2025-04-24 15:00:00,24.366,24.386,24.381,24.372,128460741900,1301196160000.0
2025-04-25 15:00:00,24.378,24.393,24.388,24.382,129069380200,1307155540000.0
2025-04-28 15:00:00,24.386,24.388,24.404,24.39,128905336800,1305515485000.0
2025-04-29 15:00:00,24.394,24.401,24.408,24.402,128450034100,1301053224000.0
2025-04-30 15:00:00,24.409,24.421,24.42,24.418,128423027500,1300788751000.0
2025-05-06 15:00:00,24.444,24.458,24.458,24.456,129618200500,1312734985000.0
2025-05-07 15:00:00,24.498,24.517,24.533,24.519,129436956900,1311035817000.0
2025-05-08 15:00:00,24.523,24.57,24.528,24.554,129591941000,1312648689000.0
2025-05-09 15:00:00,24.556,24.56,24.573,24.561,129234690700,1309077470000.0
2025-05-12 15:00:00,24.577,24.61,24.579,24.607,129269162600,1309493424000.0
2025-05-13 15:00:00,24.631,24.633,24.657,24.65,129154901500,1308460768000.0
2025-05-14 15:00:00,24.652,24.723,24.657,24.702,129351969000,1310466019000.0
2025-05-15 15:00:00,24.702,24.702,24.744,24.737,128684976600,1303791513000.0
2025-05-16 15:00:00,24.74,24.74,24.774,24.761,129434138800,1311181933000.0
2025-05-19 15:00:00,24.763,24.765,24.783,24.767,129230666200,1309107101000.0
2025-05-20 15:00:00,24.77,24.802,24.774,24.79,128971445700,1306616492000.0
2025-05-21 15:00:00,24.791,24.82,24.793,24.807,128644225400,1303380271000.0
2025-05-22 15:00:00,24.808,24.816,24.822,24.813,128362140600,1300509607000.0
2025-05-23 15:00:00,24.813,24.839,24.84,24.839,128920124100,1306136232000.0
2025-05-26 15:00:00,24.842,24.849,24.872,24.859,129009561800,1306890268000.0
2025-05-27 15:00:00,24.862,24.867,24.889,24.881,128745067000,1304184822000.0
2025-05-28 15:00:00,24.883,24.89,24.894,24.89,129356228400,1310286137000.0
2025-05-29 15:00:00,24.894,24.927,24.902,24.913,129236704400,1309137380000.0
2025-05-30 15:00:00,24.919,24.922,24.947,24.925,129294860400,1309679437000.0
2025-06-03 15:00:00,24.935,24.962,24.941,24.947,128384259200,1300593119000.0
2025-06-04 15:00:00,24.952,24.976,24.955,24.965,129110669000,1307911357000.0
2025-06-05 15:00:00,24.969,24.986,24.98,24.976,129093510500,1307755289000.0
2025-06-06 15:00:00,24.982,24.991,24.995,24.985,128373327400,1300549302000.0
2025-06-09 15:00:00,24.99,25.006,24.998,24.996,129266005400,1309508123000.0
2025-06-10 15:00:00,25.004,25.004,25.052,25.038,129519956800,1312014578000.0
2025-06-11 15:00:00,25.039,25.092,25.039,25.071,129952358200,1316468319000.0
2025-06-12 15:00:00,25.073,25.085,25.093,25.077,128613974100,1303008178000.0
2025-06-13 15:00:00,25.083,25.086,25.115,25.103,129662229300,1313456339000.0
2025-06-16 15:00:00,25.106,25.124,25.109,25.12,128427180300,1301090322000.0
2025-06-17 15:00:00,25.124,25.129,25.143,25.13,127833632100,1295181578000.0
2025-06-18 15:00:00,25.13,25.142,25.146,25.136,128164358000,1298501777000.0
2025-06-19 15:00:00,25.14,25.14,25.18,25.171,128774425800,1304531521000.0
2025-06-20 15:00:00,25.172,25.19,25.176,25.178,128587175400,1302656805000.0
2025-06-23 15:00:00,25.187,25.224,25.193,25.214,128683180600,1303631329000.0
2025-06-24 15:00:00,25.218,25.272,25.22,25.255,130222855200,1319154502000.0
2025-06-25 15:00:00,25.263,25.326,25.268,25.322,130043580100,1317402724000.0
2025-06-26 15:00:00,25.323,25.331,25.337,25.336,130033238000,1317364817000.0
2025-06-27 15:00:00,25.336,25.366,25.363,25.362,130000816500,1317122725000.0
2025-06-30 15:00:00,25.366,25.388,25.374,25.386,129608077800,1313177941000.0
2025-07-01 15:00:00,25.388,25.4,25.401,25.396,129036316800,1307551742000.0
2025-07-02 15:00:00,25.398,25.411,25.41,25.401,128485247900,1301911757000.0
2025-07-03 15:00:00,25.401,25.431,25.401,25.431,128744028700,1304630597000.0
2025-07-04 15:00:00,25.439,25.495,25.447,25.459,129392434800,1311120538000.0
2025-07-07 15:00:00,25.462,25.465,25.486,25.475,128176220800,1299077985000.0
2025-07-08 15:00:00,25.476,25.52,25.479,25.51,128761753800,1304929095000.0
2025-07-09 15:00:00,25.51,25.533,25.516,25.51,129080780000,1308310776000.0
2025-07-10 15:00:00,25.511,25.556,25.515,25.535,128950664400,1306990763000.0
2025-07-11 15:00:00,25.536,25.6,25.539,25.551,129843641700,1316067877000.0
2025-07-14 15:00:00,25.553,25.566,25.556,25.554,128812123500,1305601584000.0
2025-07-15 15:00:00,25.562,25.578,25.597,25.567,129269502500,1309953490000.0
2025-07-16 15:00:00,25.571,25.586,25.595,25.581,128742662200,1304829343000.0
2025-07-17 15:00:00,25.583,25.617,25.584,25.617,128870246800,1306218339000.0
2025-07-18 15:00:00,25.62,25.653,25.62,25.65,129174255800,1309099922000.0
2025-07-21 15:00:00,25.663,25.676,25.676,25.676,129125302900,1308891225000.0
2025-07-22 15:00:00,25.676,25.718,25.693,25.712,129396170000,1311539838000.0
2025-07-23 15:00:00,25.718,25.754,25.729,25.719,129486476300,1312616193000.0
2025-07-24 15:00:00,25.719,25.752,25.727,25.748,129218750700,1309719216000.0
2025-07-25 15:00:00,25.75,25.751,25.781,25.77,129193251100,1309435499000.0
2025-07-28 15:00:00,25.771,25.791,25.788,25.784,128949526900,1307494389000.0
2025-07-29 15:00:00,25.792,25.817,25.808,25.817,129638433500,1314285103000.0
2025-07-30 15:00:00,25.819,25.854,25.845,25.82,129600196300,1313934882000.0
2025-07-31 15:00:00,25.831,25.831,25.913,25.902,129593796900,1313688318000.0
2025-08-01 15:00:00,25.912,25.932,25.94,25.923,128802952800,1305679204000.0
2025-08-04 15:00:00,25.939,25.972,25.941,25.971,128422822000,1301611735000.0
2025-08-05 15:00:00,25.977,26.009,25.98,26.007,128899893700,1306811267000.0
2025-08-06 15:00:00,26.007,26.021,26.016,26.018,128539874200,1303002302000.0
2025-08-07 15:00:00,26.018,26.034,26.04,26.018,129272034100,1310251107000.0
2025-08-08 15:00:00,26.023,26.035,26.036,26.029,128734733800,1305107833000.0
2025-08-11 15:00:00,26.032,26.066,26.035,26.053,128819424700,1306071757000.0
2025-08-12 15:00:00,26.053,26.086,26.057,26.075,128580329500,1303537354000.0
2025-08-13 15:00:00,26.078,26.121,26.078,26.113,129083922700,1308881588000.0
2025-08-14 15:00:00,26.113,26.153,26.128,26.12,129275175500,1310489252000.0
2025-08-15 15:00:00,26.126,26.179,26.136,26.172,129472760800,1312680769000.0
2025-08-18 15:00:00,26.182,26.239,26.201,26.21,129730236400,1315683758000.0
2025-08-19 15:00:00,26.21,26.226,26.245,26.232,129427556800,1312301125000.0
2025-08-20 15:00:00,26.243,26.306,26.274,26.301,129720365300,1315536618000.0
2025-08-21 15:00:00,26.306,26.339,26.31,26.321,129734155100,1315899236000.0
2025-08-22 15:00:00,26.322,26.425,26.323,26.425,129475153000,1313152043000.0
2025-08-25 15:00:00,26.44,26.523,26.44,26.518,129830717800,1317295317000.0
2025-08-26 15:00:00,26.525,26.538,26.561,26.545,129876036000,1317601023000.0
2025-08-27 15:00:00,26.546,26.592,26.618,26.614,130103912300,1319383791000.0
2025-08-28 15:00:00,26.62,26.716,26.64,26.716,130013876700,1318291435000.0
2025-08-29 15:00:00,26.716,26.767,26.741,26.754,130154128700,1320078234000.0
2025-09-01 15:00:00,26.755,26.78,26.778,26.77,129415347200,1312927780000.0
2025-09-02 15:00:00,26.771,26.795,26.844,26.799,129747148200,1316842136000.0
2025-09-03 15:00:00,26.799,26.816,26.872,26.842,129470486800,1313446538000.0
2025-09-04 15:00:00,26.844,26.855,26.974,26.941,130167077300,1319949082000.0
2025-09-05 15:00:00,26.944,27.056,26.957,27.044,129187671300,1310020704000.0
2025-09-08 15:00:00,27.045,27.067,27.073,27.051,129533521000,1314169098000.0
2025-09-09 15:00:00,27.054,27.061,27.109,27.083,128779944000,1306748121000.0
2025-09-10 15:00:00,27.086,27.123,27.104,27.098,128923672500,1308433046000.0
2025-09-11 15:00:00,27.103,27.228,27.118,27.228,129586093800,1314941508000.0
2025-09-12 15:00:00,27.228,27.236,27.266,27.259,129357765900,1312337998000.0
2025-09-15 15:00:00,27.259,27.3,27.263,27.266,129319537800,1311878735000.0
2025-09-16 15:00:00,27.266,27.289,27.305,27.277,128900486900,1308454660000.0
2025-09-17 15:00:00,27.277,27.319,27.297,27.312,128944130500,1308837049000.0
2025-09-18 15:00:00,27.313,27.339,27.417,27.38,129500713600,1314023237000.0
2025-09-19 15:00:00,27.38,27.428,27.381,27.395,129343763000,1312083619000.0
2025-09-22 15:00:00,27.395,27.417,27.415,27.412,129209609500,1310494057000.0
2025-09-23 15:00:00,27.414,27.451,27.478,27.418,129427045100,1313085071000.0
2025-09-24 15:00:00,27.43,27.49,27.439,27.49,129681263500,1316217972000.0
2025-09-25 15:00:00,27.49,27.547,27.498,27.524,129237308600,1311014469000.0
2025-09-26 15:00:00,27.537,27.552,27.569,27.568,128947646400,1308915301000.0
2025-09-29 15:00:00,27.569,27.675,27.58,27.648,129965886600,1318445025000.0
2025-09-30 15:00:00,27.648,27.669,27.658,27.663,129216657300,1310877633000.0
2025-10-09 15:00:00,27.672,27.758,27.674,27.743,129267811700,1311660875000.0
2025-10-10 15:00:00,27.763,27.763,27.867,27.851,130041924500,1319137696000.0
2025-10-13 15:00:00,27.963,28.062,27.965,28.052,129848918000,1317654634000.0
2025-10-14 15:00:00,28.078,28.099,28.178,28.157,129722392600,1316873907000.0
2025-10-15 15:00:00,28.161,28.228,28.181,28.228,129570914300,1314956709000.0
2025-10-16 15:00:00,28.256,28.321,28.256,28.294,129383978100,1312873609000.0
2025-10-17 15:00:00,28.298,28.302,28.408,28.398,129948987700,1318244953000.0
2025-10-20 15:00:00,28.429,28.455,28.459,28.442,128905628800,1308615497000.0
2025-10-21 15:00:00,28.452,28.526,28.452,28.514,129621290700,1315709538000.0
2025-10-22 15:00:00,28.537,28.556,28.558,28.546,129314317500,1311952799000.0
2025-10-23 15:00:00,28.55,28.578,28.602,28.565,129315730000,1311926184000.0
2025-10-24 15:00:00,28.578,28.628,28.578,28.626,129593573600,1315521655000.0
2025-10-27 15:00:00,28.664,28.69,28.671,28.687,129364176300,1312882840000.0
2025-10-28 15:00:00,28.695,28.729,28.721,28.709,129159720200,1310501440000.0
2025-10-29 15:00:00,28.711,28.769,28.711,28.767,128992890400,1309504512000.0
2025-10-30 15:00:00,28.768,28.784,28.81,28.807,129247296900,1311501742000.0
2025-10-31 15:00:00,28.815,28.815,28.891,28.89,129953867100,1318540093000.0
2025-11-03 15:00:00,28.89,28.903,28.941,28.903,129930327300,1318317652000.0
2025-11-04 15:00:00,28.905,28.911,28.967,28.941,129263162000,1311455953000.0
2025-11-05 15:00:00,28.974,29.027,29.005,29.007,128968456100,1309125055000.0
2025-11-06 15:00:00,29.02,29.091,29.021,29.082,128959092400,1309199892000.0
2025-11-07 15:00:00,29.102,29.129,29.115,29.107,129325271200,1312344982000.0
2025-11-10 15:00:00,29.11,29.127,29.141,29.126,128916922500,1308933061000.0
2025-11-11 15:00:00,29.131,29.142,29.191,29.181,129535794500,1314883451000.0
2025-11-12 15:00:00,29.183,29.203,29.219,29.184,129447268600,1313736598000.0
2025-11-13 15:00:00,29.191,29.254,29.194,29.25,129015092800,1309555985000.0
2025-11-14 15:00:00,29.271,29.274,29.328,29.327,129008271100,1309471840000.0
2025-11-17 15:00:00,29.334,29.341,29.379,29.358,129405682400,1313104181000.0
2025-11-18 15:00:00,29.369,29.39,29.405,29.382,129286954000,1311607419000.0
2025-11-19 15:00:00,29.383,29.42,29.388,29.397,128965414800,1309068069000.0
2025-11-20 15:00:00,29.42,29.429,29.47,29.462,129038656600,1309523223000.0
2025-11-21 15:00:00,29.508,29.55,29.579,29.575,130306661300,1321944596000.0
2025-11-24 15:00:00,29.578,29.593,29.618,29.584,130120202200,1319629437000.0
2025-11-25 15:00:00,29.605,29.644,29.615,29.614,129590198000,1315002305000.0
2025-11-26 15:00:00,29.617,29.665,29.622,29.652,129532715600,1314403105000.0
2025-11-27 15:00:00,29.652,29.695,29.668,29.662,128566099200,1304531392000.0
2025-11-28 15:00:00,29.662,29.684,29.683,29.677,128761341100,1306823117000.0
2025-12-01 15:00:00,29.684,29.728,29.687,29.727,128783710800,1307206959000.0
2025-12-02 15:00:00,29.727,29.728,29.766,29.75,129344080800,1312234452000.0
2025-12-03 15:00:00,29.751,29.77,29.783,29.769,128470661600,1303423104000.0
2025-12-04 15:00:00,29.773,29.794,29.797,29.778,128323348300,1301771817000.0
2025-12-05 15:00:00,29.78,29.835,29.794,29.82,129131263000,1310031101000.0
2025-12-08 15:00:00,29.869,29.904,29.879,29.883,129387656200,1312751117000.0
2025-12-09 15:00:00,29.886,29.895,29.924,29.909,129125805100,1309925508000.0
2025-12-10 15:00:00,29.912,29.916,29.96,29.917,129226823000,1310689989000.0
2025-12-11 15:00:00,29.924,29.938,29.969,29.966,128682342800,1305861421000.0
2025-12-12 15:00:00,29.977,30.005,30.005,29.992,129363545200,1312339030000.0
2025-12-15 15:00:00,30.016,30.059,30.018,30.017,128802227300,1307285075000.0
2025-12-16 15:00:00,30.021,30.025,30.083,30.068,129656466200,1315644985000.0
2025-12-17 15:00:00,30.07,30.168,30.073,30.154,130026300900,1318643493000.0
2025-12-18 15:00:00,30.18,30.197,30.194,30.188,128892985500,1308301672000.0
2025-12-19 15:00:00,30.194,30.237,30.202,30.212,129421569800,1313057963000.0
2025-12-22 15:00:00,30.219,30.256,30.219,30.252,130024157700,1318703707000.0
2025-12-23 15:00:00,30.253,30.286,30.26,30.258,129839689100,1317619642000.0
2025-12-24 15:00:00,30.258,30.286,30.269,30.278,128953163800,1308947665000.0
2025-12-25 15:00:00,30.278,30.3,30.29,30.286,128778835300,1307231270000.0
2025-12-26 15:00:00,30.287,30.326,30.295,30.306,129399834200,1313045631000.0
2025-12-29 15:00:00,30.306,30.315,30.341,30.328,129756898100,1317176009000.0
2025-12-30 15:00:00,30.339,30.381,30.35,30.367,129921306200,1318174023000.0
2025-12-31 15:00:00,30.367,30.38,30.406,30.395,129992992400,1318581410000.0
2026-01-05 15:00:00,30.416,30.496,30.416,30.489,129852769300,1317852355000.0
2026-01-06 15:00:00,30.493,30.565,30.496,30.564,130202180700,1321268673000.0
2026-01-07 15:00:00,30.565,30.574,30.606,30.583,129512542400,1314774175000.0
2026-01-08 15:00:00,30.595,30.601,30.642,30.616,129403177300,1313310972000.0
2026-01-09 15:00:00,30.622,30.666,30.636,30.65,129733900900,1317221664000.0
2026-01-12 15:00:00,30.655,30.694,30.684,30.676,130301001200,1322521856000.0
2026-01-13 15:00:00,30.676,30.731,30.714,30.696,130006894800,1318995195000.0
2026-01-14 15:00:00,30.696,30.753,30.75,30.723,130950120000,1328547218000.0
2026-01-15 15:00:00,30.738,30.778,30.751,30.756,131879049600,1337963955000.0
2026-01-16 15:00:00,30.773,30.806,30.824,30.803,132452291300,1343641010000.0
2026-01-19 15:00:00,30.814,30.858,30.823,30.827,132487666800,1343808109000.0
2026-01-20 15:00:00,30.827,30.841,30.879,30.841,132220840500,1342100178000.0
2026-01-21 15:00:00,30.849,30.899,30.859,30.858,132953816400,1349230127000.0
2026-01-22 15:00:00,30.871,30.894,30.909,30.882,132087488500,1340468005000.0
2026-01-23 15:00:00,30.885,30.899,30.933,30.916,132940114000,1348970568000.0
2026-01-26 15:00:00,30.928,30.976,30.944,30.931,132986303700,1349587623000.0
2026-01-27 15:00:00,30.936,30.969,30.969,30.938,132032748700,1339770412000.0
2026-01-28 15:00:00,30.945,30.97,30.964,30.959,133109252300,1350827409000.0
2026-01-29 15:00:00,30.964,31.021,30.985,31.012,132218376800,1342161752000.0
2026-01-30 15:00:00,31.034,31.037,31.147,31.074,130340762300,1322795583000.0
2026-02-02 15:00:00,31.113,31.16,31.199,31.182,130884838300,1327444315000.0
2026-02-03 15:00:00,31.214,31.244,31.27,31.242,129923414800,1318145377000.0
2026-02-04 15:00:00,31.255,31.312,31.265,31.305,129987579300,1318605821000.0
2026-02-05 15:00:00,31.326,31.339,31.367,31.329,129484452300,1314085909000.0
2026-02-06 15:00:00,31.366,31.416,31.401,31.376,129759982500,1317208944000.0
2026-02-09 15:00:00,31.41,31.456,31.41,31.454,129353400100,1312608093000.0
2026-02-10 15:00:00,31.455,31.465,31.464,31.457,129395028100,1313167734000.0
2026-02-11 15:00:00,31.464,31.472,31.474,31.468,128715914500,1306731891000.0
2026-02-12 15:00:00,31.47,31.484,31.477,31.477,129466742600,1314036867000.0
2026-02-13 15:00:00,31.488,31.497,31.544,31.54,130312816600,1322402074000.0
2026-02-24 15:00:00,31.6,31.613,31.624,31.609,129452832300,1313856511000.0
2026-02-25 15:00:00,31.61,31.671,31.61,31.641,129623709000,1316054983000.0
2026-02-26 15:00:00,31.641,31.642,31.678,31.655,129631243900,1316072770000.0
2026-02-27 15:00:00,31.67,31.681,31.694,31.673,129374048700,1312872668000.0
2026-03-02 15:00:00,31.708,31.764,31.725,31.755,130151028200,1320489296000.0
2026-03-03 15:00:00,31.756,31.771,31.829,31.82,129843897900,1317798025000.0
2026-03-04 15:00:00,31.842,31.842,31.91,31.875,129294715500,1311655010000.0
2026-03-05 15:00:00,31.901,31.933,31.912,31.904,129239868200,1311089198000.0
2026-03-06 15:00:00,31.921,31.974,31.931,31.957,128464478500,1303461238000.0
2026-03-09 15:00:00,31.991,31.994,32.072,32.005,129590441800,1315158617000.0
2026-03-10 15:00:00,32.029,32.076,32.029,32.067,128687917100,1306223422000.0
2026-03-11 15:00:00,32.067,32.106,32.067,32.097,129196182000,1310655758000.0
2026-03-12 15:00:00,32.102,32.108,32.148,32.114,128517347800,1304183129000.0
2026-03-13 15:00:00,32.136,32.18,32.144,32.142,129168320400,1310377783000.0
2026-03-16 15:00:00,32.143,32.15,32.191,32.145,128677174100,1306058159000.0
2026-03-17 15:00:00,32.156,32.197,32.203,32.2,129317682600,1312101053000.0
2026-03-18 15:00:00,32.205,32.22,32.245,32.218,129250431100,1311173873000.0
2026-03-19 15:00:00,32.267,32.291,32.311,32.292,129650937000,1315895181000.0
2026-03-20 15:00:00,32.292,32.337,32.315,32.304,129564021200,1314867212000.0
2026-03-23 15:00:00,32.352,32.359,32.488,32.463,130317507400,1321792492000.0
2026-03-24 15:00:00,32.498,32.514,32.561,32.513,129342866500,1311792910000.0
2026-03-25 15:00:00,32.542,32.586,32.549,32.579,129271722900,1311170010000.0
2026-03-26 15:00:00,32.585,32.595,32.649,32.637,128892887600,1308139186000.0
2026-03-27 15:00:00,32.669,32.747,32.684,32.725,129202523900,1310284769000.0
2026-03-30 15:00:00,32.772,32.815,32.785,32.81,129008001000,1308986687000.0
2026-03-31 15:00:00,32.812,32.84,32.854,32.849,129380297600,1312357777000.0
2026-04-01 15:00:00,32.893,32.924,32.903,32.915,129183619400,1310115955000.0
2026-04-02 15:00:00,32.922,32.923,32.986,32.962,129512624900,1313908651000.0
2026-04-03 15:00:00,32.974,32.983,33.029,33.018,128517900400,1303617853000.0
2026-04-07 15:00:00,33.019,33.035,33.044,33.029,128790480500,1306740888000.0
2026-04-08 15:00:00,33.104,33.194,33.104,33.194,130072098000,1319199464000.0
2026-04-09 15:00:00,33.232,33.25,33.241,33.237,129509463300,1314102258000.0
2026-04-10 15:00:00,33.257,33.332,33.26,33.311,129704354900,1316658588000.0
2026-04-13 15:00:00,33.327,33.36,33.337,33.35,128449750200,1303255645000.0
2026-04-14 15:00:00,33.372,33.414,33.382,33.413,128837510300,1308096830000.0
2026-04-15 15:00:00,33.447,33.449,33.508,33.495,128850251900,1308353315000.0
2026-04-16 15:00:00,33.511,33.547,33.521,33.546,129308323000,1312105977000.0
2026-04-17 15:00:00,33.557,33.572,33.571,33.559,129385645400,1313061626000.0
2026-04-20 15:00:00,33.559,33.599,33.571,33.587,129535398000,1314986080000.0
2026-04-21 15:00:00,33.587,33.609,33.624,33.592,129748104800,1317316292000.0
2026-04-22 15:00:00,33.608,33.671,33.608,33.669,129894725000,1318296027000.0
2026-04-23 15:00:00,33.669,33.693,33.711,33.679,130094818300,1320027261000.0
2026-04-24 15:00:00,33.695,33.708,33.735,33.699,129981169900,1318781177000.0
2026-04-27 15:00:00,33.699,33.726,33.709,33.701,130061901300,1319568922000.0
2026-04-28 15:00:00,33.711,33.729,33.729,33.718,130310381000,1322617907000.0
2026-04-29 15:00:00,33.732,33.809,33.732,33.801,130623651400,1326001336000.0
2026-04-30 15:00:00,33.804,33.825,33.818,33.808,131023388000,1329567075000.0
2026-05-06 15:00:00,33.839,33.902,33.843,33.876,131212314000,1332154084000.0
2026-05-07 15:00:00,33.889,33.901,33.915,33.901,130372830200,1323784352000.0
2026-05-08 15:00:00,33.92,33.926,33.956,33.934,130893493500,1328076918000.0
2026-05-11 15:00:00,33.947,34.035,33.947,34.022,131336642700,1333847914000.0
2026-05-12 15:00:00,34.024,34.039,34.052,34.033,130590991600,1326106063000.0
2026-05-13 15:00:00,34.052,34.135,34.056,34.133,131017370000,1329898407000.0
2026-05-14 15:00:00,34.141,34.157,34.242,34.239,130434236200,1324839268000.0
2026-05-15 15:00:00,34.24,34.259,34.324,34.295,130005745800,1319228885000.0
2026-05-18 15:00:00,34.315,34.338,34.359,34.323,129437468100,1314041986000.0
2026-05-19 15:00:00,34.334,34.363,34.392,34.363,130555020800,1325633984000.0
2026-05-20 15:00:00,34.397,34.441,34.397,34.431,130560385500,1325721679000.0
2026-05-21 15:00:00,34.45,34.518,34.542,34.522,130927882400,1328591930000.0
2026-05-22 15:00:00,34.522,34.571,34.535,34.567,130200585900,1321454039000.0
2026-05-25 15:00:00,34.576,34.643,34.577,34.641,131580751300,1335349568000.0
2026-05-26 15:00:00,34.662,34.719,34.668,34.717,130045513900,1319708234000.0
2026-05-27 15:00:00,34.723,34.757,34.773,34.746,130624708200,1326323744000.0
2026-05-28 15:00:00,34.768,34.792,34.829,34.785,129794920000,1317872242000.0
2026-05-29 15:00:00,34.795,34.826,34.842,34.816,129095864300,1310460948000.0
2026-06-01 15:00:00,34.823,34.849,34.883,34.867,128666100900,1306620097000.0
2026-06-02 15:00:00,34.873,34.961,34.886,34.941,129327433500,1312811634000.0
2026-06-03 15:00:00,34.941,35.025,34.95,34.97,129665407200,1317179574000.0
2026-06-04 15:00:00,35.012,35.051,35.024,35.018,129407985300,1313880787000.0
2026-06-05 15:00:00,35.039,35.081,35.127,35.105,129307070700,1312483182000.0
2026-06-08 15:00:00,35.229,35.37,35.25,35.241,130131199000,1320362932000.0
