code,name,fund_type,source
159001,货币ETF易方达,货币型-普通货币,eastmoney_fundcode_search
159003,招商快线ETF,货币型-普通货币,eastmoney_fundcode_search
159005,快钱ETF汇添富,货币型-普通货币,eastmoney_fundcode_search
159007,华泰柏瑞中证畜牧养殖产业ETF,指数型-股票,eastmoney_fundcode_search
159008,景顺长城中证全指证券公司ETF,指数型-股票,eastmoney_fundcode_search
159009,易方达创业板新能源ETF,指数型-股票,eastmoney_fundcode_search
159010,港股通科技ETF博时,指数型-股票,eastmoney_fundcode_search
159011,养殖ETF华安,指数型-股票,eastmoney_fundcode_search
159012,鹏华科创创业50ETF,指数型-股票,eastmoney_fundcode_search
159013,大成中证工业互联网主题ETF,指数型-股票,eastmoney_fundcode_search
159015,恒生港股通科技ETF国联,指数型-股票,eastmoney_fundcode_search
159016,证券ETF广发,指数型-股票,eastmoney_fundcode_search
159017,工银瑞信国证石油天然气ETF,指数型-股票,eastmoney_fundcode_search
159018,广发国证石油天然气ETF,指数型-股票,eastmoney_fundcode_search
159019,华宝国证石油天然气ETF,指数型-股票,eastmoney_fundcode_search
159020,易方达中证畜牧养殖产业ETF,指数型-股票,eastmoney_fundcode_search
159021,华夏国证大盘价值ETF,指数型-股票,eastmoney_fundcode_search
159022,富国中证科创创业人工智能ETF,指数型-股票,eastmoney_fundcode_search
159023,养殖ETF万家,指数型-股票,eastmoney_fundcode_search
159026,南方国证石油天然气ETF,指数型-股票,eastmoney_fundcode_search
159027,畜牧养殖ETF大成,指数型-股票,eastmoney_fundcode_search
159028,港股汽车ETF天弘,指数型-股票,eastmoney_fundcode_search
159029,广发中证有色金属矿业主题ETF,指数型-股票,eastmoney_fundcode_search
159030,粮食ETF华夏,指数型-股票,eastmoney_fundcode_search
159031,粮食ETF博时,指数型-股票,eastmoney_fundcode_search
159032,工业有色ETF易方达,指数型-股票,eastmoney_fundcode_search
159033,粮食ETF国泰,指数型-股票,eastmoney_fundcode_search
159035,天弘中证软件服务ETF,指数型-股票,eastmoney_fundcode_search
159036,软件开发ETF华宝,指数型-股票,eastmoney_fundcode_search
159037,价值ETF鹏华,指数型-股票,eastmoney_fundcode_search
159038,易方达国证粮食产业ETF,指数型-股票,eastmoney_fundcode_search
159039,机器人ETF华安,指数型-股票,eastmoney_fundcode_search
159040,港股通互联网ETF鹏华,指数型-股票,eastmoney_fundcode_search
159041,农业ETF鹏华,指数型-股票,eastmoney_fundcode_search
159042,价值ETF汇添富,指数型-股票,eastmoney_fundcode_search
159043,食品ETF华安,指数型-股票,eastmoney_fundcode_search
159045,稀有金属ETF大成,指数型-股票,eastmoney_fundcode_search
159046,绿电ETF天弘,指数型-股票,eastmoney_fundcode_search
159048,机器人ETF大成,指数型-股票,eastmoney_fundcode_search
159049,有色ETF工银,指数型-股票,eastmoney_fundcode_search
159050,机器人ETF广发,指数型-股票,eastmoney_fundcode_search
159051,医疗器械ETF易方达,指数型-股票,eastmoney_fundcode_search
159052,新能源电池ETF嘉实,指数型-股票,eastmoney_fundcode_search
159053,稀有金属ETF华夏,指数型-股票,eastmoney_fundcode_search
159055,稀有金属ETF富国,指数型-股票,eastmoney_fundcode_search
159056,医疗器械ETF富国,指数型-股票,eastmoney_fundcode_search
159057,医疗器械ETF鹏华,指数型-股票,eastmoney_fundcode_search
159060,粮食ETF浦银,指数型-股票,eastmoney_fundcode_search
159061,绿色电力ETF南方,指数型-股票,eastmoney_fundcode_search
159062,稀有金属ETF南方,指数型-股票,eastmoney_fundcode_search
159063,粮食ETF南方,指数型-股票,eastmoney_fundcode_search
159065,工程机械ETF景顺,指数型-股票,eastmoney_fundcode_search
159066,建信A股ETF,,eastmoney_fundcode_search
159068,软件ETF华夏,指数型-股票,eastmoney_fundcode_search
159070,工程机械ETF嘉实,指数型-股票,eastmoney_fundcode_search
159071,新能源电池ETF华宝,指数型-股票,eastmoney_fundcode_search
159072,粮食ETF景顺,指数型-股票,eastmoney_fundcode_search
159075,工业互联网ETF华夏,,eastmoney_fundcode_search
159076,华宝创业板新能源ETF,指数型-股票,eastmoney_fundcode_search
159078,富国中证A股ETF,,eastmoney_fundcode_search
159100,巴西ETF华夏,指数型-海外股票,eastmoney_fundcode_search
159101,港股通科技ETF华夏,指数型-股票,eastmoney_fundcode_search
159102,港股通生物科技ETF华安,指数型-股票,eastmoney_fundcode_search
159103,金融科技ETF汇添富,指数型-股票,eastmoney_fundcode_search
159105,恒生生物科技ETF易方达,指数型-股票,eastmoney_fundcode_search
159106,民企300ETF前海开源,指数型-股票,eastmoney_fundcode_search
159107,创业板软件ETF富国,指数型-股票,eastmoney_fundcode_search
159108,工业软件ETF博时,指数型-股票,eastmoney_fundcode_search
159109,恒生50ETF景顺,指数型-股票,eastmoney_fundcode_search
159110,科创债ETF万家,指数型-固收,eastmoney_fundcode_search
159111,科创债ETF天弘,指数型-固收,eastmoney_fundcode_search
159112,科创债ETF银华,指数型-固收,eastmoney_fundcode_search
159113,科创债ETF大成,指数型-固收,eastmoney_fundcode_search
159115,科创债ETF华安,指数型-固收,eastmoney_fundcode_search
159116,科创债ETF工银,指数型-固收,eastmoney_fundcode_search
159117,港股通红利低波ETF鹏华,指数型-股票,eastmoney_fundcode_search
159118,港股通红利低波ETF华夏,指数型-股票,eastmoney_fundcode_search
159119,800现金流ETF招商,指数型-股票,eastmoney_fundcode_search
159120,港股通科技ETF国联安,指数型-股票,eastmoney_fundcode_search
159121,港股通汽车ETF易方达,指数型-股票,eastmoney_fundcode_search
159122,创业板新能源ETF富国,指数型-股票,eastmoney_fundcode_search
159123,光伏ETF嘉实,指数型-股票,eastmoney_fundcode_search
159125,港股通科技ETF招商,指数型-股票,eastmoney_fundcode_search
159126,港股通50ETF南方,指数型-股票,eastmoney_fundcode_search
159127,港股通红利ETF南方,指数型-股票,eastmoney_fundcode_search
159128,港股科技ETF天弘,指数型-股票,eastmoney_fundcode_search
159129,化工ETF嘉实,指数型-股票,eastmoney_fundcode_search
159130,恒生生物科技ETF鹏华,指数型-股票,eastmoney_fundcode_search
159131,港股通信息技术ETF华宝,指数型-股票,eastmoney_fundcode_search
159132,恒生生物科技ETF富国,指数型-股票,eastmoney_fundcode_search
159133,化工ETF天弘,指数型-股票,eastmoney_fundcode_search
159135,港股通科技ETF前海开源,指数型-股票,eastmoney_fundcode_search
159136,A50ETF广发,指数型-股票,eastmoney_fundcode_search
159137,港股通医疗ETF华宝,指数型-股票,eastmoney_fundcode_search
159138,工程机械ETF易方达,指数型-股票,eastmoney_fundcode_search
159139,科创创业人工智能ETF华泰柏瑞,指数型-股票,eastmoney_fundcode_search
159140,科创创业人工智能ETF易方达,指数型-股票,eastmoney_fundcode_search
159141,科创创业人工智能ETF永赢,指数型-股票,eastmoney_fundcode_search
159142,科创创业人工智能ETF景顺,指数型-股票,eastmoney_fundcode_search
159143,港股通央企红利ETF平安,指数型-股票,eastmoney_fundcode_search
159145,工业软件ETF广发,指数型-股票,eastmoney_fundcode_search
159146,电力ETF华宝,指数型-股票,eastmoney_fundcode_search
159147,电池ETF南方,指数型-股票,eastmoney_fundcode_search
159148,石油ETF富国,指数型-股票,eastmoney_fundcode_search
159149,创业板新能源ETF工银,指数型-股票,eastmoney_fundcode_search
159150,深证50ETF易方达,指数型-股票,eastmoney_fundcode_search
159151,食品ETF华夏,指数型-股票,eastmoney_fundcode_search
159152,港股通科技ETF平安,指数型-股票,eastmoney_fundcode_search
159153,消费电子ETF鹏华,指数型-股票,eastmoney_fundcode_search
159155,电池ETF大成,指数型-股票,eastmoney_fundcode_search
159156,电池ETF万家,指数型-股票,eastmoney_fundcode_search
159157,有色金属ETF天弘,指数型-股票,eastmoney_fundcode_search
159158,电力ETF景顺,指数型-股票,eastmoney_fundcode_search
159159,公用事业ETF国投瑞银,指数型-股票,eastmoney_fundcode_search
159160,电池ETF东财,指数型-股票,eastmoney_fundcode_search
159161,工程机械ETF东财,指数型-股票,eastmoney_fundcode_search
159162,工业有色ETF鹏华,指数型-股票,eastmoney_fundcode_search
159163,有色ETF泰康,指数型-股票,eastmoney_fundcode_search
159165,养殖ETF永赢,指数型-股票,eastmoney_fundcode_search
159166,现金流ETF长城,指数型-股票,eastmoney_fundcode_search
159167,港股通医疗ETF工银,指数型-股票,eastmoney_fundcode_search
159168,有色ETF富国,指数型-股票,eastmoney_fundcode_search
159169,恒生生物科技ETF广发,指数型-股票,eastmoney_fundcode_search
159170,港股通互联网ETF永赢,指数型-股票,eastmoney_fundcode_search
159171,工业有色ETF博时,指数型-股票,eastmoney_fundcode_search
159172,养殖ETF汇添富,指数型-股票,eastmoney_fundcode_search
159173,南方中证全指农牧渔ETF,指数型-股票,eastmoney_fundcode_search
159175,电池ETF易方达,指数型-股票,eastmoney_fundcode_search
159176,华宝中证全指家用电器ETF,指数型-股票,eastmoney_fundcode_search
159177,鹏华中证工程机械主题ETF,指数型-股票,eastmoney_fundcode_search
159178,汇添富国证消费电子主题ETF,指数型-股票,eastmoney_fundcode_search
159179,港股通互联网ETF工银,指数型-股票,eastmoney_fundcode_search
159180,银华国证工业软件主题ETF,指数型-股票,eastmoney_fundcode_search
159181,石油ETF易方达,指数型-股票,eastmoney_fundcode_search
159182,南方中证全指家用电器ETF,指数型-股票,eastmoney_fundcode_search
159183,新能源车ETF招商,指数型-股票,eastmoney_fundcode_search
159185,鹏华中证港股通信息技术综合ETF,指数型-股票,eastmoney_fundcode_search
159186,鹏华恒生港股通汽车主题ETF,指数型-股票,eastmoney_fundcode_search
159187,创业板新能源ETF景顺,指数型-股票,eastmoney_fundcode_search
159188,景顺长城标普中国A股红利100ETF,指数型-股票,eastmoney_fundcode_search
159189,石油ETF华夏,指数型-股票,eastmoney_fundcode_search
159190,创业板新能源ETF天弘,指数型-股票,eastmoney_fundcode_search
159191,港股通科技ETF易方达,指数型-股票,eastmoney_fundcode_search
159192,汇添富中证家电龙头ETF,指数型-股票,eastmoney_fundcode_search
159193,新能源电池ETF银华,指数型-股票,eastmoney_fundcode_search
159195,华安国证石油天然气ETF,指数型-股票,eastmoney_fundcode_search
159196,易方达中证港股通信息技术综合ETF,指数型-股票,eastmoney_fundcode_search
159197,招商国证石油天然气ETF,指数型-股票,eastmoney_fundcode_search
159198,富国中证港股通信息技术综合ETF,指数型-股票,eastmoney_fundcode_search
159199,平安国证石油天然气ETF,指数型-股票,eastmoney_fundcode_search
159200,科创债ETF富国,指数型-固收,eastmoney_fundcode_search
159201,自由现金流ETF华夏,指数型-股票,eastmoney_fundcode_search
159202,恒生互联网ETF万家,指数型-海外股票,eastmoney_fundcode_search
159203,大盘成长ETF博时,指数型-股票,eastmoney_fundcode_search
159205,创业板ETF东财,指数型-股票,eastmoney_fundcode_search
159206,卫星ETF永赢,指数型-股票,eastmoney_fundcode_search
159207,高股息ETF广发,指数型-股票,eastmoney_fundcode_search
159208,航空航天ETF万家,指数型-股票,eastmoney_fundcode_search
159209,红利质量ETF招商,指数型-股票,eastmoney_fundcode_search
159210,港股通汽车ETF汇添富,指数型-股票,eastmoney_fundcode_search
159211,深证100ETF富国,指数型-股票,eastmoney_fundcode_search
159212,深100ETF南方,指数型-股票,eastmoney_fundcode_search
159213,机器人ETF汇添富,指数型-股票,eastmoney_fundcode_search
159215,A500ETF平安,指数型-股票,eastmoney_fundcode_search
159216,深证100ETF大成,指数型-股票,eastmoney_fundcode_search
159217,港股通创新药ETF工银,指数型-股票,eastmoney_fundcode_search
159218,卫星ETF招商,指数型-股票,eastmoney_fundcode_search
159219,深证100ETF融通,指数型-股票,eastmoney_fundcode_search
159220,港股通红利低波ETF华宝,指数型-股票,eastmoney_fundcode_search
159221,现金流ETF嘉实,指数型-股票,eastmoney_fundcode_search
159222,自由现金流ETF易方达,指数型-股票,eastmoney_fundcode_search
159223,现金流ETF永赢,指数型-股票,eastmoney_fundcode_search
159225,现金流ETF银华,指数型-股票,eastmoney_fundcode_search
159226,中证A500增强ETF国泰,指数型-股票,eastmoney_fundcode_search
159227,航空航天ETF华夏,指数型-股票,eastmoney_fundcode_search
159228,红利低波ETF长城,指数型-股票,eastmoney_fundcode_search
159229,自由现金流ETF广发,指数型-股票,eastmoney_fundcode_search
159230,通用航空ETF华夏,指数型-股票,eastmoney_fundcode_search
159231,通用航空ETF华宝,指数型-股票,eastmoney_fundcode_search
159232,自由现金流ETF南方,指数型-股票,eastmoney_fundcode_search
159233,自由现金流ETF平安,指数型-股票,eastmoney_fundcode_search
159235,中证现金流ETF大成,指数型-股票,eastmoney_fundcode_search
159236,自由现金流ETF工银,指数型-股票,eastmoney_fundcode_search
159237,港股汽车ETF工银,指数型-股票,eastmoney_fundcode_search
159238,沪深300增强ETF景顺,指数型-股票,eastmoney_fundcode_search
159239,港股通汽车ETF富国,指数型-股票,eastmoney_fundcode_search
159240,A500增强ETF天弘,指数型-股票,eastmoney_fundcode_search
159241,航空航天ETF天弘,指数型-股票,eastmoney_fundcode_search
159242,创业板人工智能ETF大成,指数型-股票,eastmoney_fundcode_search
159243,创业板人工智能ETF招商,指数型-股票,eastmoney_fundcode_search
159245,港股通消费ETF富国,指数型-股票,eastmoney_fundcode_search
159246,创业板人工智能ETF富国,指数型-股票,eastmoney_fundcode_search
159247,创业板ETF汇添富,指数型-股票,eastmoney_fundcode_search
159248,人工智能ETF万家,指数型-股票,eastmoney_fundcode_search
159249,A500增强ETF工银,指数型-股票,eastmoney_fundcode_search
159251,港股通科技ETF万家,指数型-股票,eastmoney_fundcode_search
159253,银行ETF博时,指数型-股票,eastmoney_fundcode_search
159255,通用航空ETF易方达,指数型-股票,eastmoney_fundcode_search
159256,创业板软件ETF华夏,指数型-股票,eastmoney_fundcode_search
159257,航空ETF汇添富,指数型-股票,eastmoney_fundcode_search
159258,机器人ETF南方,指数型-股票,eastmoney_fundcode_search
159259,成长ETF易方达,指数型-股票,eastmoney_fundcode_search
159260,证券ETF博时,指数型-股票,eastmoney_fundcode_search
159261,创业板新能源ETF鹏华,指数型-股票,eastmoney_fundcode_search
159262,港股通科技ETF广发,指数型-股票,eastmoney_fundcode_search
159263,价值ETF易方达,指数型-股票,eastmoney_fundcode_search
159265,港股消费ETF鹏华,指数型-股票,eastmoney_fundcode_search
159266,港股央企红利ETF永赢,指数型-股票,eastmoney_fundcode_search
159267,航天ETF华安,指数型-股票,eastmoney_fundcode_search
159268,港股通消费ETF汇添富,指数型-股票,eastmoney_fundcode_search
159269,港股通科技ETF南方,指数型-股票,eastmoney_fundcode_search
159270,创业板200ETF南方,指数型-股票,eastmoney_fundcode_search
159271,恒生ETF鹏华,指数型-股票,eastmoney_fundcode_search
159272,机器人ETF富国,指数型-股票,eastmoney_fundcode_search
159273,云计算ETF汇添富,指数型-股票,eastmoney_fundcode_search
159275,农牧渔ETF华宝,指数型-股票,eastmoney_fundcode_search
159276,现金流ETF汇添富,指数型-股票,eastmoney_fundcode_search
159277,港股通红利ETF富国,指数型-股票,eastmoney_fundcode_search
159278,机器人ETF鹏华,指数型-股票,eastmoney_fundcode_search
159279,创业板人工智能ETF华安,指数型-股票,eastmoney_fundcode_search
159280,港股通互联网ETF汇添富,指数型-股票,eastmoney_fundcode_search
159281,港股央企红利ETF天弘,指数型-股票,eastmoney_fundcode_search
159283,通用航空ETF南方,指数型-股票,eastmoney_fundcode_search
159285,港股通消费ETF华安,指数型-股票,eastmoney_fundcode_search
159286,港股通创新药ETF鹏华,指数型-股票,eastmoney_fundcode_search
159287,创业板综ETF博时,指数型-股票,eastmoney_fundcode_search
159288,创业板综ETF银华,指数型-股票,eastmoney_fundcode_search
159289,创业板综指ETF鹏华,指数型-股票,eastmoney_fundcode_search
159290,创业板综指增强ETF东财,指数型-股票,eastmoney_fundcode_search
159291,创业板综增强ETF招商,指数型-股票,eastmoney_fundcode_search
159292,创业板综增强ETF华宝,指数型-股票,eastmoney_fundcode_search
159293,创业板综增强ETF建信,指数型-股票,eastmoney_fundcode_search
159295,创业综指ETF西部利得,指数型-股票,eastmoney_fundcode_search
159296,A500红利低波ETF华宝,指数型-股票,eastmoney_fundcode_search
159297,港股通创新药ETF南方,指数型-股票,eastmoney_fundcode_search
159298,创业板50ETF大成,指数型-股票,eastmoney_fundcode_search
159299,金融科技ETF易方达,指数型-股票,eastmoney_fundcode_search
159300,沪深300ETF富国,指数型-股票,eastmoney_fundcode_search
159301,公用事业ETF华夏,指数型-股票,eastmoney_fundcode_search
159302,港股高股息ETF银华,指数型-股票,eastmoney_fundcode_search
159303,恒生医疗ETF大成,指数型-海外股票,eastmoney_fundcode_search
159305,储能电池ETF广发,指数型-股票,eastmoney_fundcode_search
159306,汽车零部件ETF平安,指数型-股票,eastmoney_fundcode_search
159307,红利低波100ETF博时,指数型-股票,eastmoney_fundcode_search
159309,油气ETF汇添富,指数型-股票,eastmoney_fundcode_search
159310,芯片ETF天弘,指数型-股票,eastmoney_fundcode_search
159311,数字经济ETF易方达,指数型-股票,eastmoney_fundcode_search
159312,恒指港股通ETF广发,指数型-股票,eastmoney_fundcode_search
159315,黄金股ETF工银,指数型-股票,eastmoney_fundcode_search
159316,港股通创新药ETF易方达,指数型-股票,eastmoney_fundcode_search
159318,恒指港股通ETF银华,指数型-股票,eastmoney_fundcode_search
159320,电网设备ETF广发,指数型-股票,eastmoney_fundcode_search
159321,黄金股ETF华安,指数型-股票,eastmoney_fundcode_search
159322,黄金股ETF平安,指数型-股票,eastmoney_fundcode_search
159323,港股通汽车ETF华夏,指数型-股票,eastmoney_fundcode_search
159325,半导体ETF南方,指数型-股票,eastmoney_fundcode_search
159326,电网设备ETF华夏,指数型-股票,eastmoney_fundcode_search
159327,半导体设备ETF万家,指数型-股票,eastmoney_fundcode_search
159328,家电ETF易方达,指数型-股票,eastmoney_fundcode_search
159329,沙特ETF南方,指数型-海外股票,eastmoney_fundcode_search
159330,沪深300ETF东财,指数型-股票,eastmoney_fundcode_search
159331,红利港股ETF国泰,指数型-股票,eastmoney_fundcode_search
159332,央企红利ETF富国,指数型-股票,eastmoney_fundcode_search
159333,港股央企红利ETF万家,指数型-股票,eastmoney_fundcode_search
159335,央企科创ETF融通,指数型-股票,eastmoney_fundcode_search
159336,央企红利ETF融通,指数型-股票,eastmoney_fundcode_search
159337,中证500ETF东财,指数型-股票,eastmoney_fundcode_search
159338,中证A500ETF国泰,指数型-股票,eastmoney_fundcode_search
159339,A500ETF银华,指数型-股票,eastmoney_fundcode_search
159350,深证50ETF富国,指数型-股票,eastmoney_fundcode_search
159351,A500ETF嘉实,指数型-股票,eastmoney_fundcode_search
159352,A500ETF南方,指数型-股票,eastmoney_fundcode_search
159353,中证A500ETF景顺,指数型-股票,eastmoney_fundcode_search
159355,800红利低波ETF华宝,指数型-股票,eastmoney_fundcode_search
159356,A500ETF万家,指数型-股票,eastmoney_fundcode_search
159357,A500ETF博时,指数型-股票,eastmoney_fundcode_search
159358,中证A500ETF大成,指数型-股票,eastmoney_fundcode_search
159359,A500ETF华安,指数型-股票,eastmoney_fundcode_search
159360,A500ETF天弘,指数型-股票,eastmoney_fundcode_search
159361,A500ETF易方达,指数型-股票,eastmoney_fundcode_search
159362,A500ETF工银,指数型-股票,eastmoney_fundcode_search
159363,创业板人工智能ETF华宝,指数型-股票,eastmoney_fundcode_search
159365,恒指港股通ETF富国,指数型-股票,eastmoney_fundcode_search
159366,港股医疗ETF永赢,指数型-股票,eastmoney_fundcode_search
159367,创业板50ETF华夏,指数型-股票,eastmoney_fundcode_search
159368,创业板新能源ETF华夏,指数型-股票,eastmoney_fundcode_search
159369,创业板50ETF易方达,指数型-股票,eastmoney_fundcode_search
159370,创50ETF工银,指数型-股票,eastmoney_fundcode_search
159371,创业板50ETF富国,指数型-股票,eastmoney_fundcode_search
159372,创业板50ETF万家,指数型-股票,eastmoney_fundcode_search
159373,创业板50ETF嘉实,指数型-股票,eastmoney_fundcode_search
159375,创业板50ETF国泰,指数型-股票,eastmoney_fundcode_search
159376,A500ETF浦银,指数型-股票,eastmoney_fundcode_search
159377,创业板医药ETF国泰,指数型-股票,eastmoney_fundcode_search
159378,通用航空ETF永赢,指数型-股票,eastmoney_fundcode_search
159379,A500ETF融通,指数型-股票,eastmoney_fundcode_search
159380,A500ETF东财,指数型-股票,eastmoney_fundcode_search
159381,创业板人工智能ETF华夏,指数型-股票,eastmoney_fundcode_search
159382,创业板人工智能ETF南方,指数型-股票,eastmoney_fundcode_search
159383,创业板50ETF华泰柏瑞,指数型-股票,eastmoney_fundcode_search
159385,数字经济ETF富国,指数型-股票,eastmoney_fundcode_search
159386,A500ETF永赢,指数型-股票,eastmoney_fundcode_search
159387,创业板新能源ETF国泰,指数型-股票,eastmoney_fundcode_search
159388,创业板人工智能ETF国泰,指数型-股票,eastmoney_fundcode_search
159389,数字经济ETF嘉实,指数型-股票,eastmoney_fundcode_search
159390,中证A50ETF国联,指数型-股票,eastmoney_fundcode_search
159391,大盘价值ETF博时,指数型-股票,eastmoney_fundcode_search
159392,航空ETF富国,指数型-股票,eastmoney_fundcode_search
159393,沪深300ETF万家,指数型-股票,eastmoney_fundcode_search
159395,信用债ETF大成,指数型-固收,eastmoney_fundcode_search
159396,信用债ETF博时,指数型-固收,eastmoney_fundcode_search
159397,信用债ETF广发,指数型-固收,eastmoney_fundcode_search
159398,信用债ETF天弘,指数型-固收,eastmoney_fundcode_search
159399,现金流ETF国泰,指数型-股票,eastmoney_fundcode_search
159400,科创债ETF景顺,指数型-固收,eastmoney_fundcode_search
159500,中证500ETF富国,指数型-股票,eastmoney_fundcode_search
159501,纳指ETF嘉实,指数型-海外股票,eastmoney_fundcode_search
159502,标普生物科技ETF嘉实,指数型-海外股票,eastmoney_fundcode_search
159505,国证2000ETF博时,指数型-股票,eastmoney_fundcode_search
159506,港股通医疗ETF富国,指数型-股票,eastmoney_fundcode_search
159507,通信ETF广发,指数型-股票,eastmoney_fundcode_search
159508,生物医药ETF华安,指数型-股票,eastmoney_fundcode_search
159509,纳指科技ETF景顺,指数型-海外股票,eastmoney_fundcode_search
159510,沪深300价值ETF华夏,指数型-股票,eastmoney_fundcode_search
159511,通信ETF南方,指数型-股票,eastmoney_fundcode_search
159512,汽车ETF广发,指数型-股票,eastmoney_fundcode_search
159513,纳斯达克100ETF大成,指数型-海外股票,eastmoney_fundcode_search
159515,国企红利ETF鹏扬,指数型-股票,eastmoney_fundcode_search
159516,半导体设备ETF国泰,指数型-股票,eastmoney_fundcode_search
159517,中证800增强ETF银华,指数型-股票,eastmoney_fundcode_search
159518,标普油气ETF嘉实,指数型-海外股票,eastmoney_fundcode_search
159519,港股国企ETF国泰,指数型-海外股票,eastmoney_fundcode_search
159520,消费龙头ETF工银,指数型-股票,eastmoney_fundcode_search
159521,国证2000ETF平安,指数型-股票,eastmoney_fundcode_search
159523,沪深300成长ETF华夏,指数型-股票,eastmoney_fundcode_search
159525,红利低波ETF富国,指数型-股票,eastmoney_fundcode_search
159526,机器人ETF嘉实,指数型-股票,eastmoney_fundcode_search
159527,云计算ETF广发,指数型-股票,eastmoney_fundcode_search
159528,国企改革ETF富国,指数型-股票,eastmoney_fundcode_search
159529,标普消费ETF景顺,指数型-海外股票,eastmoney_fundcode_search
159530,机器人ETF易方达,指数型-股票,eastmoney_fundcode_search
159531,中证2000ETF南方,指数型-股票,eastmoney_fundcode_search
159532,中证2000ETF易方达,指数型-股票,eastmoney_fundcode_search
159533,中证2000ETF博时,指数型-股票,eastmoney_fundcode_search
159535,中证2000ETF嘉实,指数型-股票,eastmoney_fundcode_search
159536,中证2000ETF汇添富,指数型-股票,eastmoney_fundcode_search
159537,信创ETF国泰,指数型-股票,eastmoney_fundcode_search
159538,信创ETF富国,指数型-股票,eastmoney_fundcode_search
159539,信创ETF广发,指数型-股票,eastmoney_fundcode_search
159540,信创ETF易方达,指数型-股票,eastmoney_fundcode_search
159541,创业板综ETF万家,指数型-股票,eastmoney_fundcode_search
159542,工程机械ETF大成,指数型-股票,eastmoney_fundcode_search
159543,国证2000ETF工银,指数型-股票,eastmoney_fundcode_search
159545,恒生红利低波ETF易方达,指数型-股票,eastmoney_fundcode_search
159546,集成电路ETF国泰,指数型-股票,eastmoney_fundcode_search
159547,红利低波ETF华夏,指数型-股票,eastmoney_fundcode_search
159549,红利低波ETF天弘,指数型-股票,eastmoney_fundcode_search
159550,互联网ETF东财,指数型-股票,eastmoney_fundcode_search
159551,机器人ETF国泰,指数型-股票,eastmoney_fundcode_search
159552,中证2000增强ETF招商,指数型-股票,eastmoney_fundcode_search
159553,中证2000增强ETF海富通,指数型-股票,eastmoney_fundcode_search
159555,中证2000增强ETF银华,指数型-股票,eastmoney_fundcode_search
159556,中证2000增强ETF平安,指数型-股票,eastmoney_fundcode_search
159557,恒生医疗ETF嘉实,指数型-海外股票,eastmoney_fundcode_search
159558,半导体设备ETF易方达,指数型-股票,eastmoney_fundcode_search
159559,机器人ETF景顺,指数型-股票,eastmoney_fundcode_search
159560,芯片ETF景顺,指数型-股票,eastmoney_fundcode_search
159561,德国ETF嘉实,指数型-海外股票,eastmoney_fundcode_search
159562,黄金股ETF华夏,指数型-股票,eastmoney_fundcode_search
159563,创业板综ETF华夏,指数型-股票,eastmoney_fundcode_search
159565,汽车零部件ETF易方达,指数型-股票,eastmoney_fundcode_search
159566,储能电池ETF易方达,指数型-股票,eastmoney_fundcode_search
159567,港股创新药ETF银华,指数型-股票,eastmoney_fundcode_search
159568,港股互联网ETF博时,指数型-股票,eastmoney_fundcode_search
159569,港股红利低波ETF景顺,指数型-股票,eastmoney_fundcode_search
159570,港股通创新药ETF汇添富,指数型-股票,eastmoney_fundcode_search
159571,创业板200ETF富国,指数型-股票,eastmoney_fundcode_search
159572,创业板200ETF易方达,指数型-股票,eastmoney_fundcode_search
159573,创业板200ETF华夏,指数型-股票,eastmoney_fundcode_search
159575,创业板200ETF银华,指数型-股票,eastmoney_fundcode_search
159576,深证100ETF广发,指数型-股票,eastmoney_fundcode_search
159577,美国50ETF汇添富,指数型-海外股票,eastmoney_fundcode_search
159578,深证主板50ETF南方,指数型-股票,eastmoney_fundcode_search
159581,红利ETF万家,指数型-股票,eastmoney_fundcode_search
159582,半导体ETF博时,指数型-股票,eastmoney_fundcode_search
159583,通信ETF富国,指数型-股票,eastmoney_fundcode_search
159586,计算机ETF南方,指数型-股票,eastmoney_fundcode_search
159587,粮食ETF广发,指数型-股票,eastmoney_fundcode_search
159588,石油ETF景顺,指数型-股票,eastmoney_fundcode_search
159589,红利ETF广发,指数型-股票,eastmoney_fundcode_search
159590,软件ETF汇添富,指数型-股票,eastmoney_fundcode_search
159591,A50ETF富国,指数型-股票,eastmoney_fundcode_search
159592,A50ETF银华,指数型-股票,eastmoney_fundcode_search
159593,中证A50ETF平安,指数型-股票,eastmoney_fundcode_search
159595,中证A50ETF大成,指数型-股票,eastmoney_fundcode_search
159596,A50ETF华宝,指数型-股票,eastmoney_fundcode_search
159597,创业板成长ETF易方达,指数型-股票,eastmoney_fundcode_search
159599,芯片ETF东财,指数型-股票,eastmoney_fundcode_search
159600,科创债ETF嘉实,指数型-固收,eastmoney_fundcode_search
159601,A50ETF华夏,指数型-股票,eastmoney_fundcode_search
159602,中国A50ETF南方,指数型-股票,eastmoney_fundcode_search
159603,科创创业ETF天弘,指数型-股票,eastmoney_fundcode_search
159605,中概互联ETF广发,指数型-海外股票,eastmoney_fundcode_search
159606,中证500成长ETF易方达,指数型-股票,eastmoney_fundcode_search
159607,中概互联网ETF嘉实,指数型-海外股票,eastmoney_fundcode_search
159608,稀有金属ETF广发,指数型-股票,eastmoney_fundcode_search
159609,光伏ETF浦银,指数型-股票,eastmoney_fundcode_search
159610,中证500增强ETF景顺,指数型-股票,eastmoney_fundcode_search
159611,电力ETF广发,指数型-股票,eastmoney_fundcode_search
159612,标普500ETF国泰,指数型-海外股票,eastmoney_fundcode_search
159613,信息安全ETF嘉实,指数型-股票,eastmoney_fundcode_search
159615,恒生生物科技ETF南方,指数型-海外股票,eastmoney_fundcode_search
159616,农牧ETF建信,指数型-股票,eastmoney_fundcode_search
159617,中证500价值ETF华夏,指数型-股票,eastmoney_fundcode_search
159618,光伏ETF华安,指数型-股票,eastmoney_fundcode_search
159619,基建ETF国泰,指数型-股票,eastmoney_fundcode_search
159620,中证500成长ETF华夏,指数型-股票,eastmoney_fundcode_search
159621,ESGETF国泰,指数型-股票,eastmoney_fundcode_search
159622,创新药ETF东财,指数型-股票,eastmoney_fundcode_search
159623,成渝经济圈ETF博时,指数型-股票,eastmoney_fundcode_search
159625,绿色电力ETF嘉实,指数型-股票,eastmoney_fundcode_search
159627,A100ETF华夏,指数型-股票,eastmoney_fundcode_search
159628,国证2000ETF万家,指数型-股票,eastmoney_fundcode_search
159629,中证1000ETF富国,指数型-股票,eastmoney_fundcode_search
159630,A100ETF汇添富,指数型-股票,eastmoney_fundcode_search
159631,A100ETF招商,指数型-股票,eastmoney_fundcode_search
159632,纳斯达克ETF华安,指数型-海外股票,eastmoney_fundcode_search
159633,中证1000ETF易方达,指数型-股票,eastmoney_fundcode_search
159635,基建ETF华夏,指数型-股票,eastmoney_fundcode_search
159636,港股通科技30ETF工银,指数型-股票,eastmoney_fundcode_search
159637,新能源车ETF东财,指数型-股票,eastmoney_fundcode_search
159638,高端装备ETF嘉实,指数型-股票,eastmoney_fundcode_search
159639,碳中和ETF南方,指数型-股票,eastmoney_fundcode_search
159640,碳中和龙头ETF工银,指数型-股票,eastmoney_fundcode_search
159641,碳中和ETF招商,指数型-股票,eastmoney_fundcode_search
159642,碳中和ETF大成,指数型-股票,eastmoney_fundcode_search
159643,疫苗ETF国泰,指数型-股票,eastmoney_fundcode_search
159645,疫苗ETF富国,指数型-股票,eastmoney_fundcode_search
159647,中药ETF鹏华,指数型-股票,eastmoney_fundcode_search
159649,国开债ETF华安,指数型-固收,eastmoney_fundcode_search
159650,国开债ETF博时,指数型-固收,eastmoney_fundcode_search
159651,国开债ETF平安,指数型-固收,eastmoney_fundcode_search
159652,有色ETF汇添富,指数型-股票,eastmoney_fundcode_search
159653,ESG300ETF国联安,指数型-股票,eastmoney_fundcode_search
159655,标普500ETF华夏,指数型-海外股票,eastmoney_fundcode_search
159656,沪深300成长ETF万家,指数型-股票,eastmoney_fundcode_search
159657,疫苗ETF鹏华,指数型-股票,eastmoney_fundcode_search
159658,数字经济ETF华安,指数型-股票,eastmoney_fundcode_search
159659,纳斯达克100ETF招商,指数型-海外股票,eastmoney_fundcode_search
159660,纳指ETF汇添富,指数型-海外股票,eastmoney_fundcode_search
159661,A100ETF嘉实,指数型-股票,eastmoney_fundcode_search
159662,交运ETF南方,指数型-股票,eastmoney_fundcode_search
159663,机床ETF华夏,指数型-股票,eastmoney_fundcode_search
159665,半导体龙头ETF工银,指数型-股票,eastmoney_fundcode_search
159666,交通运输ETF华夏,指数型-股票,eastmoney_fundcode_search
159667,工业母机ETF国泰,指数型-股票,eastmoney_fundcode_search
159669,绿色电力ETF国泰,指数型-股票,eastmoney_fundcode_search
159670,消费50ETF国联安,指数型-股票,eastmoney_fundcode_search
159671,稀有金属ETF工银,指数型-股票,eastmoney_fundcode_search
159672,消费ETF博时,指数型-股票,eastmoney_fundcode_search
159673,沪深300ETF鹏华,指数型-股票,eastmoney_fundcode_search
159675,创业板增强ETF嘉实,指数型-股票,eastmoney_fundcode_search
159676,创业板增强ETF富国,指数型-股票,eastmoney_fundcode_search
159677,中证1000增强ETF银华,指数型-股票,eastmoney_fundcode_search
159678,500增强ETF博时,指数型-股票,eastmoney_fundcode_search
159679,中证1000增强ETF国泰,指数型-股票,eastmoney_fundcode_search
159680,中证1000增强ETF招商,指数型-股票,eastmoney_fundcode_search
159681,创业板50ETF鹏华,指数型-股票,eastmoney_fundcode_search
159682,创业板50ETF景顺,指数型-股票,eastmoney_fundcode_search
159685,1000增强ETF天弘,指数型-股票,eastmoney_fundcode_search
159686,A100ETF易方达,指数型-股票,eastmoney_fundcode_search
159687,亚太精选ETF南方,指数型-海外股票,eastmoney_fundcode_search
159688,恒生互联网ETF华安,指数型-海外股票,eastmoney_fundcode_search
159689,消费ETF南方,指数型-股票,eastmoney_fundcode_search
159690,有色矿业ETF招商,指数型-股票,eastmoney_fundcode_search
159691,港股红利ETF工银,指数型-股票,eastmoney_fundcode_search
159692,证券ETF东财,指数型-股票,eastmoney_fundcode_search
159695,通信ETF嘉实,指数型-股票,eastmoney_fundcode_search
159696,纳指ETF易方达,指数型-海外股票,eastmoney_fundcode_search
159697,石油ETF鹏华,指数型-股票,eastmoney_fundcode_search
159698,粮食ETF鹏华,指数型-股票,eastmoney_fundcode_search
159699,恒生消费ETF广发,指数型-海外股票,eastmoney_fundcode_search
159700,科创债ETF南方,指数型-固收,eastmoney_fundcode_search
159701,物联网ETF招商,指数型-股票,eastmoney_fundcode_search
159703,新材料ETF天弘,指数型-股票,eastmoney_fundcode_search
159706,深证100ETF华安,指数型-股票,eastmoney_fundcode_search
159707,地产ETF华宝,指数型-股票,eastmoney_fundcode_search
159708,红利ETF西部利得,指数型-股票,eastmoney_fundcode_search
159709,物联网ETF工银,指数型-股票,eastmoney_fundcode_search
159711,港股通50ETF华夏,指数型-股票,eastmoney_fundcode_search
159712,港股通50ETF国泰,指数型-股票,eastmoney_fundcode_search
159713,稀土ETF富国,指数型-股票,eastmoney_fundcode_search
159715,稀土ETF易方达,指数型-股票,eastmoney_fundcode_search
159716,深证100ETF华宝,指数型-股票,eastmoney_fundcode_search
159717,ESGETF鹏华,指数型-股票,eastmoney_fundcode_search
159718,港股医药ETF平安,指数型-股票,eastmoney_fundcode_search
159719,国企ETF平安,指数型-股票,eastmoney_fundcode_search
159720,智能车ETF泰康,指数型-股票,eastmoney_fundcode_search
159721,深证100ETF永赢,指数型-股票,eastmoney_fundcode_search
159723,科技龙头ETF汇添富,指数型-股票,eastmoney_fundcode_search
159725,线上消费ETF工银,指数型-股票,eastmoney_fundcode_search
159726,港股通高股息ETF华夏,指数型-股票,eastmoney_fundcode_search
159728,在线消费ETF南方,指数型-股票,eastmoney_fundcode_search
159729,互联网ETF汇添富,指数型-股票,eastmoney_fundcode_search
159730,家电ETF博时,指数型-股票,eastmoney_fundcode_search
159731,石化ETF华夏,指数型-股票,eastmoney_fundcode_search
159732,消费电子ETF华夏,指数型-股票,eastmoney_fundcode_search
159735,港股消费ETF银华,指数型-股票,eastmoney_fundcode_search
159736,食品饮料ETF天弘,指数型-股票,eastmoney_fundcode_search
159738,云计算ETF华泰柏瑞,指数型-股票,eastmoney_fundcode_search
159739,云计算ETF鹏华,指数型-股票,eastmoney_fundcode_search
159740,恒生科技ETF大成,指数型-海外股票,eastmoney_fundcode_search
159741,恒生科技ETF嘉实,指数型-海外股票,eastmoney_fundcode_search
159742,恒生科技ETF博时,指数型-海外股票,eastmoney_fundcode_search
159743,湖北ETF博时,指数型-股票,eastmoney_fundcode_search
159745,建材ETF国泰,指数型-股票,eastmoney_fundcode_search
159747,香港科技ETF南方,指数型-海外股票,eastmoney_fundcode_search
159748,创新药ETF富国,指数型-股票,eastmoney_fundcode_search
159750,港股科技50ETF招商,指数型-海外股票,eastmoney_fundcode_search
159751,港股通科技ETF鹏华,指数型-股票,eastmoney_fundcode_search
159752,新能源ETF申万菱信,指数型-股票,eastmoney_fundcode_search
159755,电池ETF广发,指数型-股票,eastmoney_fundcode_search
159757,电池ETF景顺,指数型-股票,eastmoney_fundcode_search
159758,红利质量ETF华夏,指数型-股票,eastmoney_fundcode_search
159760,医疗健康ETF泰康,指数型-股票,eastmoney_fundcode_search
159761,新材料ETF国泰,指数型-股票,eastmoney_fundcode_search
159763,新材料ETF建信,指数型-股票,eastmoney_fundcode_search
159766,旅游ETF富国,指数型-股票,eastmoney_fundcode_search
159767,电池龙头ETF兴银,指数型-股票,eastmoney_fundcode_search
159768,房地产ETF银华,指数型-股票,eastmoney_fundcode_search
159770,机器人ETF天弘,指数型-股票,eastmoney_fundcode_search
159773,创业板科技ETF华泰柏瑞,指数型-股票,eastmoney_fundcode_search
159775,电池ETF建信,指数型-股票,eastmoney_fundcode_search
159776,港股医药ETF银华,指数型-股票,eastmoney_fundcode_search
159777,创科技ETF国联安,指数型-股票,eastmoney_fundcode_search
159778,工业互联网ETF鹏华,指数型-股票,eastmoney_fundcode_search
159779,消费电子ETF招商,指数型-股票,eastmoney_fundcode_search
159780,科创创业50ETF南方,指数型-股票,eastmoney_fundcode_search
159781,科创创业ETF易方达,指数型-股票,eastmoney_fundcode_search
159782,双创50ETF银华,指数型-股票,eastmoney_fundcode_search
159783,科创创业50ETF华夏,指数型-股票,eastmoney_fundcode_search
159786,VRETF银华,指数型-股票,eastmoney_fundcode_search
159787,建材ETF易方达,指数型-股票,eastmoney_fundcode_search
159788,港股通100ETF易方达,指数型-股票,eastmoney_fundcode_search
159790,碳中和ETF华夏,指数型-股票,eastmoney_fundcode_search
159791,300ESGETF华夏,指数型-股票,eastmoney_fundcode_search
159792,港股通互联网ETF富国,指数型-股票,eastmoney_fundcode_search
159793,线上消费ETF平安,指数型-股票,eastmoney_fundcode_search
159795,智能汽车ETF汇添富,指数型-股票,eastmoney_fundcode_search
159796,电池ETF汇添富,指数型-股票,eastmoney_fundcode_search
159797,医疗器械ETF汇添富,指数型-股票,eastmoney_fundcode_search
159798,消费ETF易方达,指数型-股票,eastmoney_fundcode_search
159800,中证800ETF鹏华,指数型-股票,eastmoney_fundcode_search
159801,芯片ETF广发,指数型-股票,eastmoney_fundcode_search
159804,创中盘88ETF国寿,指数型-股票,eastmoney_fundcode_search
159805,传媒ETF鹏华,指数型-股票,eastmoney_fundcode_search
159806,新能源车ETF国泰,指数型-股票,eastmoney_fundcode_search
159807,科技ETF易方达,指数型-股票,eastmoney_fundcode_search
159808,创100ETF融通,指数型-股票,eastmoney_fundcode_search
159810,创业板ETF浦银,指数型-股票,eastmoney_fundcode_search
159811,5GETF博时,指数型-股票,eastmoney_fundcode_search
159812,黄金ETF前海开源,指数型-其他,eastmoney_fundcode_search
159813,半导体ETF鹏华,指数型-股票,eastmoney_fundcode_search
159814,创业大盘ETF西部利得,指数型-股票,eastmoney_fundcode_search
159816,0-4年地方债ETF鹏华,指数型-固收,eastmoney_fundcode_search
159819,人工智能ETF易方达,指数型-股票,eastmoney_fundcode_search
159820,中证500ETF天弘,指数型-股票,eastmoney_fundcode_search
159821,创业板ETF中银证券,指数型-股票,eastmoney_fundcode_search
159822,新经济ETF银华,指数型-海外股票,eastmoney_fundcode_search
159824,新能源车ETF博时,指数型-股票,eastmoney_fundcode_search
159825,农业ETF富国,指数型-股票,eastmoney_fundcode_search
159827,农业ETF银华,指数型-股票,eastmoney_fundcode_search
159828,医疗ETF国泰,指数型-股票,eastmoney_fundcode_search
159830,金ETF天弘,指数型-其他,eastmoney_fundcode_search
159831,金ETF嘉实,指数型-其他,eastmoney_fundcode_search
159834,金ETF南方,指数型-其他,eastmoney_fundcode_search
159835,创新药ETF建信,指数型-股票,eastmoney_fundcode_search
159836,创业板300ETF天弘,指数型-股票,eastmoney_fundcode_search
159837,生物科技ETF易方达,指数型-股票,eastmoney_fundcode_search
159838,医药50ETF博时,指数型-股票,eastmoney_fundcode_search
159839,生物医药ETF汇添富,指数型-股票,eastmoney_fundcode_search
159840,锂电池ETF工银,指数型-股票,eastmoney_fundcode_search
159841,证券ETF天弘,指数型-股票,eastmoney_fundcode_search
159842,券商ETF银华,指数型-股票,eastmoney_fundcode_search
159843,食品饮料ETF招商,指数型-股票,eastmoney_fundcode_search
159845,中证1000ETF华夏,指数型-股票,eastmoney_fundcode_search
159847,医疗ETF易方达,指数型-股票,eastmoney_fundcode_search
159848,证券ETF国联安,指数型-股票,eastmoney_fundcode_search
159849,生物科技ETF招商,指数型-股票,eastmoney_fundcode_search
159850,恒生国企ETF华夏,指数型-海外股票,eastmoney_fundcode_search
159851,金融科技ETF华宝,指数型-股票,eastmoney_fundcode_search
159852,软件ETF嘉实,指数型-股票,eastmoney_fundcode_search
159855,影视ETF银华,指数型-股票,eastmoney_fundcode_search
159856,互联网龙头ETF工银,指数型-股票,eastmoney_fundcode_search
159857,光伏ETF天弘,指数型-股票,eastmoney_fundcode_search
159858,创新药ETF南方,指数型-股票,eastmoney_fundcode_search
159859,生物医药ETF天弘,指数型-股票,eastmoney_fundcode_search
159861,碳中和50ETF国泰,指数型-股票,eastmoney_fundcode_search
159862,食品饮料ETF银华,指数型-股票,eastmoney_fundcode_search
159863,光伏ETF鹏华,指数型-股票,eastmoney_fundcode_search
159864,光伏ETF国泰,指数型-股票,eastmoney_fundcode_search
159865,养殖ETF国泰,指数型-股票,eastmoney_fundcode_search
159866,日经ETF工银,指数型-海外股票,eastmoney_fundcode_search
159867,养殖ETF鹏华,指数型-股票,eastmoney_fundcode_search
159869,游戏ETF华夏,指数型-股票,eastmoney_fundcode_search
159870,化工ETF鹏华,指数型-股票,eastmoney_fundcode_search
159871,有色ETF银华,指数型-股票,eastmoney_fundcode_search
159872,智能网联汽车ETF鹏华,指数型-股票,eastmoney_fundcode_search
159873,医疗设备ETF天弘,指数型-股票,eastmoney_fundcode_search
159875,新能源ETF嘉实,指数型-股票,eastmoney_fundcode_search
159876,有色ETF华宝,指数型-股票,eastmoney_fundcode_search
159877,医疗ETF南方,指数型-股票,eastmoney_fundcode_search
159880,有色ETF鹏华,指数型-股票,eastmoney_fundcode_search
159881,有色金属ETF国泰,指数型-股票,eastmoney_fundcode_search
159883,医疗器械ETF永赢,指数型-股票,eastmoney_fundcode_search
159885,碳中和ETF鹏华,指数型-股票,eastmoney_fundcode_search
159886,机械ETF富国,指数型-股票,eastmoney_fundcode_search
159887,银行ETF富国,指数型-股票,eastmoney_fundcode_search
159888,智能汽车ETF华夏,指数型-股票,eastmoney_fundcode_search
159889,智能汽车ETF国泰,指数型-股票,eastmoney_fundcode_search
159890,云计算ETF招商,指数型-股票,eastmoney_fundcode_search
159891,医疗ETF建信,指数型-股票,eastmoney_fundcode_search
159892,恒生医药ETF华夏,指数型-海外股票,eastmoney_fundcode_search
159895,物联网ETF易方达,指数型-股票,eastmoney_fundcode_search
159896,物联网ETF南方,指数型-股票,eastmoney_fundcode_search
159898,医疗器械ETF招商,指数型-股票,eastmoney_fundcode_search
159899,软件ETF招商,指数型-股票,eastmoney_fundcode_search
159901,深证100ETF易方达,指数型-股票,eastmoney_fundcode_search
159902,中小100ETF华夏,指数型-股票,eastmoney_fundcode_search
159903,深成ETF南方,指数型-股票,eastmoney_fundcode_search
159905,红利ETF工银,指数型-股票,eastmoney_fundcode_search
159906,深成长ETF大成,指数型-股票,eastmoney_fundcode_search
159907,国证2000ETF广发,指数型-股票,eastmoney_fundcode_search
159908,创业板ETF博时,指数型-股票,eastmoney_fundcode_search
159909,TMT50ETF招商,指数型-股票,eastmoney_fundcode_search
159910,基本面120ETF嘉实,指数型-股票,eastmoney_fundcode_search
159912,深300ETF汇添富,指数型-股票,eastmoney_fundcode_search
159913,深价值ETF交银,指数型-股票,eastmoney_fundcode_search
159915,创业板ETF易方达,指数型-股票,eastmoney_fundcode_search
159916,基本面ETF建信,指数型-股票,eastmoney_fundcode_search
159918,中创400ETF嘉实,指数型-股票,eastmoney_fundcode_search
159919,沪深300ETF嘉实,指数型-股票,eastmoney_fundcode_search
159920,恒生ETF华夏,指数型-海外股票,eastmoney_fundcode_search
159922,中证500ETF嘉实,指数型-股票,eastmoney_fundcode_search
159923,中证A100ETF大成,指数型-股票,eastmoney_fundcode_search
159925,沪深300ETF南方,指数型-股票,eastmoney_fundcode_search
159928,消费ETF汇添富,指数型-股票,eastmoney_fundcode_search
159929,医药ETF汇添富,指数型-股票,eastmoney_fundcode_search
159930,能源ETF汇添富,指数型-股票,eastmoney_fundcode_search
159931,金融地产ETF汇添富,指数型-股票,eastmoney_fundcode_search
159933,金融地产ETF国投瑞银,指数型-股票,eastmoney_fundcode_search
159934,黄金ETF易方达,指数型-其他,eastmoney_fundcode_search
159935,中证500ETF景顺,指数型-股票,eastmoney_fundcode_search
159936,可选消费ETF广发,指数型-股票,eastmoney_fundcode_search
159937,黄金ETF博时,指数型-其他,eastmoney_fundcode_search
159938,医药ETF广发,指数型-股票,eastmoney_fundcode_search
159939,信息技术ETF广发,指数型-股票,eastmoney_fundcode_search
159940,金融地产ETF广发,指数型-股票,eastmoney_fundcode_search
159941,纳指ETF广发,指数型-海外股票,eastmoney_fundcode_search
159943,深证成指ETF大成,指数型-股票,eastmoney_fundcode_search
159944,材料ETF广发,指数型-股票,eastmoney_fundcode_search
159945,能源ETF广发,指数型-股票,eastmoney_fundcode_search
159948,创业板ETF南方,指数型-股票,eastmoney_fundcode_search
159949,创业板50ETF华安,指数型-股票,eastmoney_fundcode_search
159952,创业板ETF广发,指数型-股票,eastmoney_fundcode_search
159954,恒生中国企业ETF南方,指数型-股票,eastmoney_fundcode_search
159956,创业板ETF建信,指数型-股票,eastmoney_fundcode_search
159957,创业板ETF华夏,指数型-股票,eastmoney_fundcode_search
159958,创业板ETF工银,指数型-股票,eastmoney_fundcode_search
159959,央企ETF银华,指数型-股票,eastmoney_fundcode_search
159960,恒生中国企业ETF平安,指数型-股票,eastmoney_fundcode_search
159961,深100ETF方正富邦,指数型-股票,eastmoney_fundcode_search
159964,创业板ETF平安,指数型-股票,eastmoney_fundcode_search
159965,央视50ETF国联,指数型-股票,eastmoney_fundcode_search
159966,创业板价值ETF华夏,指数型-股票,eastmoney_fundcode_search
159967,创业板成长ETF华夏,指数型-股票,eastmoney_fundcode_search
159968,中证500ETF博时,指数型-股票,eastmoney_fundcode_search
159970,深100ETF工银,指数型-股票,eastmoney_fundcode_search
159971,创业板ETF富国,指数型-股票,eastmoney_fundcode_search
159972,5年地方债ETF鹏华,指数型-固收,eastmoney_fundcode_search
159973,民企ETF弘毅远方,指数型-股票,eastmoney_fundcode_search
159974,央企创新ETF富国,指数型-股票,eastmoney_fundcode_search
159975,深100ETF招商,指数型-股票,eastmoney_fundcode_search
159976,湾创ETF工银,指数型-股票,eastmoney_fundcode_search
159977,创业板ETF天弘,指数型-股票,eastmoney_fundcode_search
159980,有色ETF大成,指数型-其他,eastmoney_fundcode_search
159981,能源化工ETF建信,指数型-其他,eastmoney_fundcode_search
159982,中证500ETF鹏华,指数型-股票,eastmoney_fundcode_search
159985,豆粕ETF华夏,指数型-其他,eastmoney_fundcode_search
159991,创业板大盘ETF招商,指数型-股票,eastmoney_fundcode_search
159992,创新药ETF银华,指数型-股票,eastmoney_fundcode_search
159993,证券ETF鹏华,指数型-股票,eastmoney_fundcode_search
159994,通信ETF银华,指数型-股票,eastmoney_fundcode_search
159995,芯片ETF华夏,指数型-股票,eastmoney_fundcode_search
159996,家电ETF国泰,指数型-股票,eastmoney_fundcode_search
159997,电子ETF天弘,指数型-股票,eastmoney_fundcode_search
159998,计算机ETF天弘,指数型-股票,eastmoney_fundcode_search
510010,180治理ETF交银,指数型-股票,eastmoney_fundcode_search
510020,超大盘ETF博时,指数型-股票,eastmoney_fundcode_search
510030,价值ETF华宝,指数型-股票,eastmoney_fundcode_search
510040,上证180ETF鹏华,指数型-股票,eastmoney_fundcode_search
510050,上证50ETF华夏,指数型-股票,eastmoney_fundcode_search
510060,央企ETF工银,指数型-股票,eastmoney_fundcode_search
510090,责任ETF建信,指数型-股票,eastmoney_fundcode_search
510100,上证50ETF易方达,指数型-股票,eastmoney_fundcode_search
510130,上证中盘ETF易方达,指数型-股票,eastmoney_fundcode_search
510140,上证综指ETF华夏,指数型-股票,eastmoney_fundcode_search
510150,消费ETF招商,指数型-股票,eastmoney_fundcode_search
510160,产业升级ETF南方,指数型-股票,eastmoney_fundcode_search
510170,大宗商品ETF国联安,指数型-股票,eastmoney_fundcode_search
510180,上证180ETF华安,指数型-股票,eastmoney_fundcode_search
510190,上证50ETF华安,指数型-股票,eastmoney_fundcode_search
510200,上证券商ETF汇安,指数型-股票,eastmoney_fundcode_search
510210,上证指数ETF富国,指数型-股票,eastmoney_fundcode_search
510230,金融ETF国泰,指数型-股票,eastmoney_fundcode_search
510270,国企ETF中银,指数型-股票,eastmoney_fundcode_search
510290,上证380ETF南方,指数型-股票,eastmoney_fundcode_search
510300,沪深300ETF华泰柏瑞,指数型-股票,eastmoney_fundcode_search
510310,沪深300ETF易方达,指数型-股票,eastmoney_fundcode_search
510320,沪深300ETF中金,指数型-股票,eastmoney_fundcode_search
510330,沪深300ETF华夏,指数型-股票,eastmoney_fundcode_search
510350,沪深300ETF工银,指数型-股票,eastmoney_fundcode_search
510360,沪深300ETF广发,指数型-股票,eastmoney_fundcode_search
510370,沪深300ETF兴业,指数型-股票,eastmoney_fundcode_search
510380,沪深300ETF国寿,指数型-股票,eastmoney_fundcode_search
510390,沪深300ETF平安,指数型-股票,eastmoney_fundcode_search
510410,资源ETF博时,指数型-股票,eastmoney_fundcode_search
510500,中证500ETF南方,指数型-股票,eastmoney_fundcode_search
510510,中证500ETF广发,指数型-股票,eastmoney_fundcode_search
510530,中证500ETF工银,指数型-股票,eastmoney_fundcode_search
510550,中证500ETF方正富邦,指数型-股票,eastmoney_fundcode_search
510560,中证500ETF国寿,指数型-股票,eastmoney_fundcode_search
510570,中证500ETF兴业,指数型-股票,eastmoney_fundcode_search
510580,中证500ETF易方达,指数型-股票,eastmoney_fundcode_search
510590,中证500ETF平安,指数型-股票,eastmoney_fundcode_search
510600,上证50ETF申万菱信,指数型-股票,eastmoney_fundcode_search
510630,消费ETF华夏,指数型-股票,eastmoney_fundcode_search
510650,金融地产ETF华夏,指数型-股票,eastmoney_fundcode_search
510660,医药ETF华夏,指数型-股票,eastmoney_fundcode_search
510670,上证180ETF华夏,指数型-股票,eastmoney_fundcode_search
510680,上证50ETF万家,指数型-股票,eastmoney_fundcode_search
510710,上证50ETF博时,指数型-股票,eastmoney_fundcode_search
510720,红利国企ETF国泰,指数型-股票,eastmoney_fundcode_search
510760,上证指数ETF国泰,指数型-股票,eastmoney_fundcode_search
510770,G60创新ETF申万菱信,指数型-股票,eastmoney_fundcode_search
510800,上证50ETF建信,指数型-股票,eastmoney_fundcode_search
510810,上海国企ETF汇添富,指数型-股票,eastmoney_fundcode_search
510850,上证50ETF工银,指数型-股票,eastmoney_fundcode_search
510880,红利ETF华泰柏瑞,指数型-股票,eastmoney_fundcode_search
510900,恒生中国企业ETF易方达,指数型-海外股票,eastmoney_fundcode_search
510910,上证指数ETF南方,指数型-股票,eastmoney_fundcode_search
510950,上证50ETF广发,指数型-股票,eastmoney_fundcode_search
510980,上证指数ETF汇添富,指数型-股票,eastmoney_fundcode_search
510990,180ESGETF工银,指数型-股票,eastmoney_fundcode_search
512000,券商ETF华宝,指数型-股票,eastmoney_fundcode_search
512010,医药ETF易方达,指数型-股票,eastmoney_fundcode_search
512020,A500ETF鹏华,指数型-股票,eastmoney_fundcode_search
512030,中证A50增强ETF易方达,指数型-股票,eastmoney_fundcode_search
512040,价值100ETF富国,指数型-股票,eastmoney_fundcode_search
512050,A500ETF华夏,指数型-股票,eastmoney_fundcode_search
512060,A100ETF天弘,指数型-股票,eastmoney_fundcode_search
512070,证券保险ETF易方达,指数型-股票,eastmoney_fundcode_search
512080,A500ETF中金,指数型-股票,eastmoney_fundcode_search
512090,MSCIA股ETF易方达,指数型-股票,eastmoney_fundcode_search
512100,中证1000ETF南方,指数型-股票,eastmoney_fundcode_search
512120,医药ETF华安,指数型-股票,eastmoney_fundcode_search
512130,全指现金流ETF鹏华,指数型-股票,eastmoney_fundcode_search
512140,电力ETF华安,指数型-股票,eastmoney_fundcode_search
512150,富时A50ETF汇安,指数型-股票,eastmoney_fundcode_search
512160,MSCI中国A股ETF南方,指数型-股票,eastmoney_fundcode_search
512170,医疗ETF华宝,指数型-股票,eastmoney_fundcode_search
512180,MSCIA股ETF建信,指数型-股票,eastmoney_fundcode_search
512190,浙商之江凤凰ETF,指数型-股票,eastmoney_fundcode_search
512200,房地产ETF南方,指数型-股票,eastmoney_fundcode_search
512220,TMTETF景顺,指数型-股票,eastmoney_fundcode_search
512240,A50ETF鹏华,指数型-股票,eastmoney_fundcode_search
512250,A50ETF招商,指数型-股票,eastmoney_fundcode_search
512260,中证500低波动ETF华安,指数型-股票,eastmoney_fundcode_search
512290,生物医药ETF国泰,指数型-股票,eastmoney_fundcode_search
512330,信息科技ETF南方,指数型-股票,eastmoney_fundcode_search
512360,MSCIA股ETF平安,指数型-股票,eastmoney_fundcode_search
512370,A500增强ETF华夏,指数型-股票,eastmoney_fundcode_search
512380,MSCI中国ETF银华,指数型-股票,eastmoney_fundcode_search
512390,中国低波ETF平安,指数型-股票,eastmoney_fundcode_search
512400,有色金属ETF南方,指数型-股票,eastmoney_fundcode_search
512430,家居家电ETF华泰柏瑞,指数型-股票,eastmoney_fundcode_search
512450,畜牧养殖ETF广发,指数型-股票,eastmoney_fundcode_search
512460,电池ETF华夏,指数型-股票,eastmoney_fundcode_search
512480,半导体ETF国联安,指数型-股票,eastmoney_fundcode_search
512500,中证500ETF华夏,指数型-股票,eastmoney_fundcode_search
512510,中证500ETF华泰柏瑞,指数型-股票,eastmoney_fundcode_search
512520,MSCI中国ETF华泰柏瑞,指数型-股票,eastmoney_fundcode_search
512530,沪深300红利ETF建信,指数型-股票,eastmoney_fundcode_search
512550,富时A50ETF嘉实,指数型-股票,eastmoney_fundcode_search
512560,军工ETF易方达,指数型-股票,eastmoney_fundcode_search
512570,证券ETF易方达,指数型-股票,eastmoney_fundcode_search
512580,环保ETF广发,指数型-股票,eastmoney_fundcode_search
512600,消费ETF嘉实,指数型-股票,eastmoney_fundcode_search
512620,农业ETF天弘,指数型-股票,eastmoney_fundcode_search
512630,卫星ETF广发,指数型-股票,eastmoney_fundcode_search
512640,金融地产ETF嘉实,指数型-股票,eastmoney_fundcode_search
512650,长三角ETF汇添富,指数型-股票,eastmoney_fundcode_search
512660,军工ETF国泰,指数型-股票,eastmoney_fundcode_search
512670,国防ETF鹏华,指数型-股票,eastmoney_fundcode_search
512680,军工ETF广发,指数型-股票,eastmoney_fundcode_search
512690,酒ETF鹏华,指数型-股票,eastmoney_fundcode_search
512700,银行ETF南方,指数型-股票,eastmoney_fundcode_search
512710,军工龙头ETF富国,指数型-股票,eastmoney_fundcode_search
512720,计算机ETF国泰,指数型-股票,eastmoney_fundcode_search
512730,银行ETF鹏华,指数型-股票,eastmoney_fundcode_search
512750,基本面50ETF嘉实,指数型-股票,eastmoney_fundcode_search
512760,芯片ETF国泰,指数型-股票,eastmoney_fundcode_search
512770,战略新兴ETF华夏,指数型-股票,eastmoney_fundcode_search
512800,银行ETF华宝,指数型-股票,eastmoney_fundcode_search
512810,军工ETF华宝,指数型-股票,eastmoney_fundcode_search
512820,银行ETF汇添富,指数型-股票,eastmoney_fundcode_search
512870,杭州湾区ETF南华,指数型-股票,eastmoney_fundcode_search
512880,证券ETF国泰,指数型-股票,eastmoney_fundcode_search
512890,红利低波ETF华泰柏瑞,指数型-股票,eastmoney_fundcode_search
512900,证券ETF南方,指数型-股票,eastmoney_fundcode_search
512910,A100ETF广发,指数型-股票,eastmoney_fundcode_search
512930,AI人工智能ETF平安,指数型-股票,eastmoney_fundcode_search
512940,有色ETF华安,指数型-股票,eastmoney_fundcode_search
512950,央企改革ETF华夏,指数型-股票,eastmoney_fundcode_search
512960,央企结构调整ETF博时,指数型-股票,eastmoney_fundcode_search
512970,大湾区ETF平安,指数型-股票,eastmoney_fundcode_search
512980,传媒ETF广发,指数型-股票,eastmoney_fundcode_search
512990,MSCIA股ETF华夏,指数型-股票,eastmoney_fundcode_search
515000,科技ETF华宝,指数型-股票,eastmoney_fundcode_search
515010,证券ETF华夏,指数型-股票,eastmoney_fundcode_search
515020,银行ETF华夏,指数型-股票,eastmoney_fundcode_search
515030,新能源车ETF华夏,指数型-股票,eastmoney_fundcode_search
515040,工业有色ETF华夏,指数型-股票,eastmoney_fundcode_search
515050,通信ETF华夏,指数型-股票,eastmoney_fundcode_search
515060,房地产ETF华夏,指数型-股票,eastmoney_fundcode_search
515070,人工智能ETF华夏,指数型-股票,eastmoney_fundcode_search
515080,中证红利ETF招商,指数型-股票,eastmoney_fundcode_search
515090,可持续发展ETF博时,指数型-股票,eastmoney_fundcode_search
515100,红利低波100ETF景顺,指数型-股票,eastmoney_fundcode_search
515110,一带一路ETF易方达,指数型-股票,eastmoney_fundcode_search
515120,创新药ETF广发,指数型-股票,eastmoney_fundcode_search
515130,沪深300ETF博时,指数型-股票,eastmoney_fundcode_search
515150,一带一路ETF富国,指数型-股票,eastmoney_fundcode_search
515160,MSCI中国ETF招商,指数型-股票,eastmoney_fundcode_search
515170,食品饮料ETF华夏,指数型-股票,eastmoney_fundcode_search
515180,红利ETF易方达,指数型-股票,eastmoney_fundcode_search
515190,中证500ETF中银证券,指数型-股票,eastmoney_fundcode_search
515200,创新100ETF申万菱信,指数型-股票,eastmoney_fundcode_search
515210,钢铁ETF国泰,指数型-股票,eastmoney_fundcode_search
515220,煤炭ETF国泰,指数型-股票,eastmoney_fundcode_search
515230,软件ETF国泰,指数型-股票,eastmoney_fundcode_search
515250,智能汽车ETF富国,指数型-股票,eastmoney_fundcode_search
515260,电子ETF华宝,指数型-股票,eastmoney_fundcode_search
515290,银行ETF天弘,指数型-股票,eastmoney_fundcode_search
515293,银行ETF天弘,指数型-股票,eastmoney_fundcode_search
515300,300红利低波ETF嘉实,指数型-股票,eastmoney_fundcode_search
515310,沪深300ETF汇添富,指数型-股票,eastmoney_fundcode_search
515320,电子50ETF华安,指数型-股票,eastmoney_fundcode_search
515330,沪深300ETF天弘,指数型-股票,eastmoney_fundcode_search
515350,沪深300ETF民生加银,指数型-股票,eastmoney_fundcode_search
515360,沪深300ETF方正富邦,指数型-股票,eastmoney_fundcode_search
515370,光伏ETF华夏,指数型-股票,eastmoney_fundcode_search
515380,沪深300ETF泰康,指数型-股票,eastmoney_fundcode_search
515390,沪深300ETF华安,指数型-股票,eastmoney_fundcode_search
515400,大数据ETF富国,指数型-股票,eastmoney_fundcode_search
515450,红利低波50ETF南方,指数型-股票,eastmoney_fundcode_search
515460,红利质量ETF南方,指数型-股票,eastmoney_fundcode_search
515480,红利低波100ETF南方,,eastmoney_fundcode_search
515530,中证500ETF泰康,指数型-股票,eastmoney_fundcode_search
515550,中证500ETF国联,指数型-股票,eastmoney_fundcode_search
515560,证券ETF建信,指数型-股票,eastmoney_fundcode_search
515580,科技100ETF华泰柏瑞,指数型-股票,eastmoney_fundcode_search
515590,500等权ETF前海开源,指数型-股票,eastmoney_fundcode_search
515600,央企创新ETF广发,指数型-股票,eastmoney_fundcode_search
515630,证券保险ETF鹏华,指数型-股票,eastmoney_fundcode_search
515640,家电ETF华夏,指数型-股票,eastmoney_fundcode_search
515650,消费50ETF富国,指数型-股票,eastmoney_fundcode_search
515660,沪深300ETF国联安,指数型-股票,eastmoney_fundcode_search
515680,央企创新ETF嘉实,指数型-股票,eastmoney_fundcode_search
515700,新能源车ETF平安,指数型-股票,eastmoney_fundcode_search
515710,食品饮料ETF华宝,指数型-股票,eastmoney_fundcode_search
515720,金融科技ETF富国,指数型-股票,eastmoney_fundcode_search
515730,家居家电ETF永赢,指数型-股票,eastmoney_fundcode_search
515750,科技50ETF富国,指数型-股票,eastmoney_fundcode_search
515760,浙江国资ETF华夏,指数型-股票,eastmoney_fundcode_search
515770,MSCI中国A股ETF摩根,指数型-股票,eastmoney_fundcode_search
515790,光伏ETF华泰柏瑞,指数型-股票,eastmoney_fundcode_search
515800,中证800ETF汇添富,指数型-股票,eastmoney_fundcode_search
515810,中证800ETF易方达,指数型-股票,eastmoney_fundcode_search
515850,证券ETF富国,指数型-股票,eastmoney_fundcode_search
515860,科技ETF嘉实,指数型-股票,eastmoney_fundcode_search
515880,通信ETF国泰,指数型-股票,eastmoney_fundcode_search
515890,红利ETF博时,指数型-股票,eastmoney_fundcode_search
515900,央企创新ETF博时,指数型-股票,eastmoney_fundcode_search
515910,质量ETF中金,指数型-股票,eastmoney_fundcode_search
515920,智能消费ETF博时,指数型-股票,eastmoney_fundcode_search
515950,医药50ETF富国,指数型-股票,eastmoney_fundcode_search
515960,医药ETF嘉实,指数型-股票,eastmoney_fundcode_search
515970,工程机械ETF华夏,指数型-股票,eastmoney_fundcode_search
515980,人工智能ETF华富,指数型-股票,eastmoney_fundcode_search
515990,一带一路ETF汇添富,指数型-股票,eastmoney_fundcode_search
516000,大数据ETF华夏,指数型-股票,eastmoney_fundcode_search
516010,游戏ETF国泰,指数型-股票,eastmoney_fundcode_search
516020,化工ETF华宝,指数型-股票,eastmoney_fundcode_search
516050,科技龙头ETF工银,指数型-股票,eastmoney_fundcode_search
516060,创新药ETF工银,指数型-股票,eastmoney_fundcode_search
516070,低碳ETF易方达,指数型-股票,eastmoney_fundcode_search
516080,创新药ETF易方达,指数型-股票,eastmoney_fundcode_search
516090,新能源ETF易方达,指数型-股票,eastmoney_fundcode_search
516100,金融科技ETF华夏,指数型-股票,eastmoney_fundcode_search
516110,汽车ETF国泰,指数型-股票,eastmoney_fundcode_search
516120,化工ETF富国,指数型-股票,eastmoney_fundcode_search
516130,消费龙头ETF华宝,指数型-股票,eastmoney_fundcode_search
516150,稀土ETF嘉实,指数型-股票,eastmoney_fundcode_search
516160,新能源ETF南方,指数型-股票,eastmoney_fundcode_search
516163,新能源ETF南方,指数型-股票,eastmoney_fundcode_search
516180,光伏ETF平安,指数型-股票,eastmoney_fundcode_search
516190,传媒ETF华夏,指数型-股票,eastmoney_fundcode_search
516200,证券ETF华安,指数型-股票,eastmoney_fundcode_search
516210,银行ETF华安,指数型-股票,eastmoney_fundcode_search
516220,化工ETF国泰,指数型-股票,eastmoney_fundcode_search
516230,光伏ETF招商,指数型-股票,eastmoney_fundcode_search
516250,工程机械ETF富国,指数型-股票,eastmoney_fundcode_search
516260,物联网ETF华夏,指数型-股票,eastmoney_fundcode_search
516270,新能源ETF华安,指数型-股票,eastmoney_fundcode_search
516290,光伏ETF汇添富,指数型-股票,eastmoney_fundcode_search
516300,中证1000ETF华泰柏瑞,指数型-股票,eastmoney_fundcode_search
516310,银行ETF易方达,指数型-股票,eastmoney_fundcode_search
516320,高端装备ETF华夏,指数型-股票,eastmoney_fundcode_search
516330,物联网ETF华泰柏瑞,指数型-股票,eastmoney_fundcode_search
516350,芯片ETF易方达,指数型-股票,eastmoney_fundcode_search
516360,新材料ETF华宝,指数型-股票,eastmoney_fundcode_search
516370,电力ETF汇添富,指数型-股票,eastmoney_fundcode_search
516380,智能电动车ETF华宝,指数型-股票,eastmoney_fundcode_search
516390,新能源车ETF汇添富,指数型-股票,eastmoney_fundcode_search
516460,现金流ETF800鹏华,指数型-股票,eastmoney_fundcode_search
516500,生物科技ETF华夏,指数型-股票,eastmoney_fundcode_search
516510,云计算ETF易方达,指数型-股票,eastmoney_fundcode_search
516520,智能驾驶ETF华泰柏瑞,指数型-股票,eastmoney_fundcode_search
516530,物流ETF银华,指数型-股票,eastmoney_fundcode_search
516550,农业ETF嘉实,指数型-股票,eastmoney_fundcode_search
516560,养老ETF华宝,指数型-股票,eastmoney_fundcode_search
516570,化工行业ETF易方达,指数型-股票,eastmoney_fundcode_search
516580,新能源ETF博时,指数型-股票,eastmoney_fundcode_search
516590,智能汽车ETF易方达,指数型-股票,eastmoney_fundcode_search
516600,消费服务ETF工银,指数型-股票,eastmoney_fundcode_search
516610,医疗设备ETF大成,指数型-股票,eastmoney_fundcode_search
516620,影视ETF国泰,指数型-股票,eastmoney_fundcode_search
516630,云计算ETF华夏,指数型-股票,eastmoney_fundcode_search
516640,芯片ETF富国,指数型-股票,eastmoney_fundcode_search
516650,有色金属ETF华夏,指数型-股票,eastmoney_fundcode_search
516660,新能源车ETF华安,指数型-股票,eastmoney_fundcode_search
516670,畜牧养殖ETF招商,指数型-股票,eastmoney_fundcode_search
516700,大数据ETF华宝,指数型-股票,eastmoney_fundcode_search
516710,新材料ETF华夏,指数型-股票,eastmoney_fundcode_search
516720,ESGETF浦银,指数型-股票,eastmoney_fundcode_search
516730,证券ETF浦银,指数型-股票,eastmoney_fundcode_search
516750,建材ETF富国,指数型-股票,eastmoney_fundcode_search
516760,养殖ETF平安,指数型-股票,eastmoney_fundcode_search
516770,游戏ETF华泰柏瑞,指数型-股票,eastmoney_fundcode_search
516780,稀土ETF华泰柏瑞,指数型-股票,eastmoney_fundcode_search
516790,医疗ETF华泰柏瑞,指数型-股票,eastmoney_fundcode_search
516800,智能制造ETF华宝,指数型-股票,eastmoney_fundcode_search
516810,农业ETF华夏,指数型-股票,eastmoney_fundcode_search
516820,医疗创新ETF平安,指数型-股票,eastmoney_fundcode_search
516830,沪深300ESGETF富国,指数型-股票,eastmoney_fundcode_search
516840,汽车ETF南方,指数型-股票,eastmoney_fundcode_search
516850,新能源ETF华夏,指数型-股票,eastmoney_fundcode_search
516860,金融科技ETF博时,指数型-股票,eastmoney_fundcode_search
516880,光伏ETF银华,指数型-股票,eastmoney_fundcode_search
516890,新材料ETF平安,指数型-股票,eastmoney_fundcode_search
516900,食品饮料ETF华安,指数型-股票,eastmoney_fundcode_search
516910,物流ETF富国,指数型-股票,eastmoney_fundcode_search
516920,芯片ETF汇添富,指数型-股票,eastmoney_fundcode_search
516930,生物科技ETF民生加银,指数型-股票,eastmoney_fundcode_search
516950,基建ETF银华,指数型-股票,eastmoney_fundcode_search
516960,机械ETF国泰,指数型-股票,eastmoney_fundcode_search
516970,基建ETF广发,指数型-股票,eastmoney_fundcode_search
516980,证券先锋ETF华富,指数型-股票,eastmoney_fundcode_search
517000,沪港深500ETF银华,指数型-股票,eastmoney_fundcode_search
517010,沪港深500ETF易方达,指数型-股票,eastmoney_fundcode_search
517030,沪港深300ETF易方达,指数型-股票,eastmoney_fundcode_search
517050,互联网ETF华泰柏瑞,指数型-股票,eastmoney_fundcode_search
517080,沪港深500ETF汇添富,指数型-股票,eastmoney_fundcode_search
517090,央企共赢ETF国泰,指数型-股票,eastmoney_fundcode_search
517100,沪港深500ETF富国,指数型-股票,eastmoney_fundcode_search
517110,创新药ETF国泰,指数型-股票,eastmoney_fundcode_search
517120,创新药ETF华泰柏瑞,指数型-股票,eastmoney_fundcode_search
517130,云计算ETF嘉实,指数型-股票,eastmoney_fundcode_search
517160,长江保护ETF南方,指数型-股票,eastmoney_fundcode_search
517170,沪港深500ETF华夏,指数型-股票,eastmoney_fundcode_search
517180,中国国企ETF南方,指数型-股票,eastmoney_fundcode_search
517200,互联网ETF嘉实,指数型-股票,eastmoney_fundcode_search
517300,沪港深300ETF国寿,指数型-股票,eastmoney_fundcode_search
517330,长江保护ETF易方达,指数型-股票,eastmoney_fundcode_search
517350,沪港深科技ETF广发,指数型-股票,eastmoney_fundcode_search
517360,沪港深科技ETF华安,指数型-股票,eastmoney_fundcode_search
517380,创新药ETF天弘,指数型-股票,eastmoney_fundcode_search
517390,云计算ETF天弘,指数型-股票,eastmoney_fundcode_search
517400,黄金股ETF国泰,指数型-股票,eastmoney_fundcode_search
517520,黄金股ETF永赢,指数型-股票,eastmoney_fundcode_search
517550,沪港深消费龙头ETF招商,指数型-股票,eastmoney_fundcode_search
517660,物联网ETF天弘,指数型-股票,eastmoney_fundcode_search
517770,游戏传媒ETF浦银,指数型-股票,eastmoney_fundcode_search
517800,人工智能50ETF方正富邦,指数型-股票,eastmoney_fundcode_search
517850,张江ETF汇添富,指数型-股票,eastmoney_fundcode_search
517880,品牌消费ETF华泰柏瑞,指数型-股票,eastmoney_fundcode_search
517900,银行AH优选ETF招商,指数型-股票,eastmoney_fundcode_search
517950,沪深港科技50ETF交银,指数型-股票,eastmoney_fundcode_search
517990,沪港深医药ETF招商,指数型-股票,eastmoney_fundcode_search
520500,恒生创新药ETF华泰柏瑞,指数型-海外股票,eastmoney_fundcode_search
520510,港股通医疗ETF华夏,指数型-股票,eastmoney_fundcode_search
520520,恒生消费ETF华泰柏瑞,指数型-海外股票,eastmoney_fundcode_search
520530,港股通科技ETF东财,指数型-股票,eastmoney_fundcode_search
520550,港股红利低波ETF招商,指数型-股票,eastmoney_fundcode_search
520560,香港大盘30ETF华宝,指数型-股票,eastmoney_fundcode_search
520570,恒生科技ETF南方,指数型-海外股票,eastmoney_fundcode_search
520580,新兴亚洲ETF招商,指数型-海外股票,eastmoney_fundcode_search
520590,恒生科技ETF鹏华,指数型-海外股票,eastmoney_fundcode_search
520600,港股通汽车ETF广发,指数型-股票,eastmoney_fundcode_search
520610,港股红利低波ETF银华,指数型-股票,eastmoney_fundcode_search
520620,恒生消费ETF嘉实,指数型-股票,eastmoney_fundcode_search
520630,港股通互联网ETF广发,指数型-股票,eastmoney_fundcode_search
520650,港股通互联网ETF南方,指数型-股票,eastmoney_fundcode_search
520660,港股通央企红利ETF南方,指数型-股票,eastmoney_fundcode_search
520670,港股通科技ETF嘉实,指数型-股票,eastmoney_fundcode_search
520680,港股通汽车ETF南方,指数型-股票,eastmoney_fundcode_search
520690,港股创新药ETF博时,指数型-股票,eastmoney_fundcode_search
520700,港股通创新药ETF万家,指数型-股票,eastmoney_fundcode_search
520710,港股通信息技术ETF广发,指数型-股票,eastmoney_fundcode_search
520720,港股汽车ETF国泰,指数型-股票,eastmoney_fundcode_search
520730,港股通汽车ETF万家,指数型-股票,eastmoney_fundcode_search
520750,港股通信息ETF华富,指数型-股票,eastmoney_fundcode_search
520760,恒生生物科技ETF摩根,指数型-股票,eastmoney_fundcode_search
520770,恒指港股通ETF建信,指数型-股票,eastmoney_fundcode_search
520780,港股通汽车ETF华宝,指数型-股票,eastmoney_fundcode_search
520790,港股通互联网ETF兴业,指数型-股票,eastmoney_fundcode_search
520810,港股通红利ETF易方达,指数型-股票,eastmoney_fundcode_search
520820,恒指港股通ETF汇添富,指数型-股票,eastmoney_fundcode_search
520830,沙特ETF华泰柏瑞,指数型-海外股票,eastmoney_fundcode_search
520840,港股通恒生科技ETF华安,指数型-股票,eastmoney_fundcode_search
520850,港股通医疗ETF易方达,指数型-股票,eastmoney_fundcode_search
520860,港股通科技ETF富国,指数型-股票,eastmoney_fundcode_search
520870,巴西ETF易方达,指数型-海外股票,eastmoney_fundcode_search
520880,港股通创新药ETF华宝,指数型-股票,eastmoney_fundcode_search
520890,港股通红利低波ETF华泰柏瑞,指数型-股票,eastmoney_fundcode_search
520900,港股通红利ETF广发,指数型-股票,eastmoney_fundcode_search
520910,港股通互联网ETF华夏,指数型-股票,eastmoney_fundcode_search
520920,天弘恒生科技ETF,指数型-海外股票,eastmoney_fundcode_search
520930,恒生生物科技ETF国泰,指数型-股票,eastmoney_fundcode_search
520940,港股通恒生ETF华安,指数型-股票,eastmoney_fundcode_search
520950,港股通50ETF摩根,指数型-股票,eastmoney_fundcode_search
520960,恒指港股通ETF嘉实,指数型-股票,eastmoney_fundcode_search
520970,港股通创新药ETF嘉实,指数型-股票,eastmoney_fundcode_search
520980,港股通科技ETF汇添富,指数型-股票,eastmoney_fundcode_search
520990,港股央企红利ETF景顺,指数型-股票,eastmoney_fundcode_search
560000,智能电车ETF浦银,指数型-股票,eastmoney_fundcode_search
560010,中证1000ETF广发,指数型-股票,eastmoney_fundcode_search
560020,红利ETF汇添富,指数型-股票,eastmoney_fundcode_search
560030,800价值ETF汇添富,指数型-股票,eastmoney_fundcode_search
560050,中国A50ETF汇添富,指数型-股票,eastmoney_fundcode_search
560060,碳中和ETF汇添富,指数型-股票,eastmoney_fundcode_search
560070,央企红利ETF汇添富,指数型-股票,eastmoney_fundcode_search
560080,中药ETF汇添富,指数型-股票,eastmoney_fundcode_search
560090,证券ETF汇添富,指数型-股票,eastmoney_fundcode_search
560100,中证500增强ETF南方,指数型-股票,eastmoney_fundcode_search
560110,中证1000ETF汇添富,指数型-股票,eastmoney_fundcode_search
560120,中证500现金流ETF华夏,指数型-股票,eastmoney_fundcode_search
560130,食品ETF鹏华,指数型-股票,eastmoney_fundcode_search
560150,红利低波ETF泰康,指数型-股票,eastmoney_fundcode_search
560160,食品ETF易方达,指数型-股票,eastmoney_fundcode_search
560170,央企科技ETF南方,指数型-股票,eastmoney_fundcode_search
560180,沪深300ESGETF南方,指数型-股票,eastmoney_fundcode_search
560190,公用事业ETF鹏华,指数型-股票,eastmoney_fundcode_search
560210,农牧渔ETF景顺,指数型-股票,eastmoney_fundcode_search
560220,中证2000ETF广发,指数型-股票,eastmoney_fundcode_search
560230,光伏ETF富国,指数型-股票,eastmoney_fundcode_search
560250,红利质量ETF富国,指数型-股票,eastmoney_fundcode_search
560260,医疗ETF广发,指数型-股票,eastmoney_fundcode_search
560270,电力ETF工银,指数型-股票,eastmoney_fundcode_search
560280,工程机械ETF广发,指数型-股票,eastmoney_fundcode_search
560290,有色ETF景顺,指数型-股票,eastmoney_fundcode_search
560300,电信ETF汇添富,指数型-股票,eastmoney_fundcode_search
560310,光伏ETF博时,指数型-股票,eastmoney_fundcode_search
560320,食品ETF富国,指数型-股票,eastmoney_fundcode_search
560330,沪深300价值ETF申万菱信,指数型-股票,eastmoney_fundcode_search
560350,中证A50ETF摩根,指数型-股票,eastmoney_fundcode_search
560360,软件ETF万家,指数型-股票,eastmoney_fundcode_search
560370,红利质量ETF易方达,指数型-股票,eastmoney_fundcode_search
560380,A100ETF南方,指数型-股票,eastmoney_fundcode_search
560390,电网设备ETF易方达,指数型-股票,eastmoney_fundcode_search
560400,证券ETF华泰柏瑞,指数型-股票,eastmoney_fundcode_search
560410,电池ETF鹏华,指数型-股票,eastmoney_fundcode_search
560420,食品ETF前海开源,指数型-股票,eastmoney_fundcode_search
560450,电力ETF天弘,指数型-股票,eastmoney_fundcode_search
560460,电力ETF平安,指数型-股票,eastmoney_fundcode_search
560470,有色ETF易方达,指数型-股票,eastmoney_fundcode_search
560480,电力ETF招商,指数型-股票,eastmoney_fundcode_search
560490,工业有色ETF华泰柏瑞,指数型-股票,eastmoney_fundcode_search
560500,500质量成长ETF鹏扬,指数型-股票,eastmoney_fundcode_search
560510,中证A500ETF泰康,指数型-股票,eastmoney_fundcode_search
560520,红利低波100ETF大成,指数型-股票,eastmoney_fundcode_search
560530,中证A500ETF摩根,指数型-股票,eastmoney_fundcode_search
560550,碳中和ETF广发,指数型-股票,eastmoney_fundcode_search
560560,碳中和ETF泰康,指数型-股票,eastmoney_fundcode_search
560570,A500红利ETF国联安,指数型-股票,eastmoney_fundcode_search
560580,电力ETF南方,指数型-股票,eastmoney_fundcode_search
560590,中证1000增强ETF鹏华,指数型-股票,eastmoney_fundcode_search
560610,A500ETF招商,指数型-股票,eastmoney_fundcode_search
560620,公用事业ETF万家,指数型-股票,eastmoney_fundcode_search
560630,机器人ETF万家,指数型-股票,eastmoney_fundcode_search
560650,核心50ETF民生加银,指数型-股票,eastmoney_fundcode_search
560660,云计算50ETF新华,指数型-股票,eastmoney_fundcode_search
560670,银行ETF华泰柏瑞,指数型-股票,eastmoney_fundcode_search
560680,消费ETF广发,指数型-股票,eastmoney_fundcode_search
560690,电信ETF鹏华,指数型-股票,eastmoney_fundcode_search
560700,央企红利ETF广发,指数型-股票,eastmoney_fundcode_search
560710,船舶ETF富国,指数型-股票,eastmoney_fundcode_search
560720,红利低波100ETF工银,指数型-股票,eastmoney_fundcode_search
560750,A500ETF申万菱信,指数型-股票,eastmoney_fundcode_search
560770,机器人ETF招商,指数型-股票,eastmoney_fundcode_search
560780,半导体设备ETF广发,指数型-股票,eastmoney_fundcode_search
560790,软件ETF鹏华,指数型-股票,eastmoney_fundcode_search
560800,数字经济ETF鹏扬,指数型-股票,eastmoney_fundcode_search
560810,央企ESGETF融通,指数型-股票,eastmoney_fundcode_search
560820,中证A50ETF新华,指数型-股票,eastmoney_fundcode_search
560830,电力ETF华夏,指数型-股票,eastmoney_fundcode_search
560850,信创ETF汇添富,指数型-股票,eastmoney_fundcode_search
560860,工业有色ETF万家,指数型-股票,eastmoney_fundcode_search
560870,工业有色ETF中银,指数型-股票,eastmoney_fundcode_search
560880,家电ETF广发,指数型-股票,eastmoney_fundcode_search
560900,创新药ETF摩根,指数型-股票,eastmoney_fundcode_search
560910,电池ETF华泰柏瑞,指数型-股票,eastmoney_fundcode_search
560920,工程机械ETF招商,指数型-股票,eastmoney_fundcode_search
560930,电力ETF易方达,指数型-股票,eastmoney_fundcode_search
560950,中证500增强ETF汇添富,指数型-股票,eastmoney_fundcode_search
560970,工业有色ETF平安,指数型-股票,eastmoney_fundcode_search
560980,光伏龙头ETF广发,指数型-股票,eastmoney_fundcode_search
560990,科技先锋ETF中金,指数型-股票,eastmoney_fundcode_search
561000,沪深300增强ETF华安,指数型-股票,eastmoney_fundcode_search
561010,软件ETF华安,指数型-股票,eastmoney_fundcode_search
561030,工程机械ETF华泰柏瑞,指数型-股票,eastmoney_fundcode_search
561050,稀有金属ETF易方达,指数型-股票,eastmoney_fundcode_search
561060,国企红利ETF华安,指数型-股票,eastmoney_fundcode_search
561080,全指现金流ETF华安,指数型-股票,eastmoney_fundcode_search
561090,A500增强ETF华安,指数型-股票,eastmoney_fundcode_search
561100,消费电子ETF富国,指数型-股票,eastmoney_fundcode_search
561120,家电ETF富国,指数型-股票,eastmoney_fundcode_search
561130,国货ETF富国,指数型-股票,eastmoney_fundcode_search
561160,电池ETF富国,指数型-股票,eastmoney_fundcode_search
561170,绿色电力ETF富国,指数型-股票,eastmoney_fundcode_search
561180,A100ETF富国,指数型-股票,eastmoney_fundcode_search
561190,碳中和ETF富国,指数型-股票,eastmoney_fundcode_search
561200,中证A100ETF工银,指数型-股票,eastmoney_fundcode_search
561220,数字经济ETF工银,指数型-股票,eastmoney_fundcode_search
561230,中证A50ETF工银,指数型-股票,eastmoney_fundcode_search
561260,能源ETF工银,指数型-股票,eastmoney_fundcode_search
561280,中证1000增强ETF工银,指数型-股票,eastmoney_fundcode_search
561300,沪深300增强ETF国泰,指数型-股票,eastmoney_fundcode_search
561310,消电ETF国泰,指数型-股票,eastmoney_fundcode_search
561320,交运ETF国泰,指数型-股票,eastmoney_fundcode_search
561330,矿业ETF国泰,指数型-股票,eastmoney_fundcode_search
561350,中证500ETF国泰,指数型-股票,eastmoney_fundcode_search
561360,石油ETF国泰,指数型-股票,eastmoney_fundcode_search
561370,中证2000ETF国泰,指数型-股票,eastmoney_fundcode_search
561380,电网设备ETF国泰,指数型-股票,eastmoney_fundcode_search
561420,300现金流ETF汇添富,指数型-股票,eastmoney_fundcode_search
561430,红利质量ETF博时,指数型-股票,eastmoney_fundcode_search
561460,人工智能ETF天弘,指数型-股票,eastmoney_fundcode_search
561470,畜牧养殖ETF天弘,指数型-股票,eastmoney_fundcode_search
561500,漂亮50ETF华泰柏瑞,指数型-股票,eastmoney_fundcode_search
561510,中药ETF华泰柏瑞,指数型-股票,eastmoney_fundcode_search
561550,中证500增强ETF华泰柏瑞,指数型-股票,eastmoney_fundcode_search
561560,电力ETF华泰柏瑞,指数型-股票,eastmoney_fundcode_search
561570,油气ETF华泰柏瑞,指数型-股票,eastmoney_fundcode_search
561580,央企红利ETF华泰柏瑞,指数型-股票,eastmoney_fundcode_search
561590,中证1000增强ETF华泰柏瑞,指数型-股票,eastmoney_fundcode_search
561600,消费电子ETF平安,指数型-股票,eastmoney_fundcode_search
561660,通用航空ETF平安,指数型-股票,eastmoney_fundcode_search
561680,A500红利低波ETF平安,指数型-股票,eastmoney_fundcode_search
561700,电力ETF博时,指数型-股票,eastmoney_fundcode_search
561750,A50ETF博时,指数型-股票,eastmoney_fundcode_search
561760,油气ETF博时,指数型-股票,eastmoney_fundcode_search
561770,A100ETF博时,指数型-股票,eastmoney_fundcode_search
561780,1000增强ETF博时,指数型-股票,eastmoney_fundcode_search
561790,央企能源ETF博时,指数型-股票,eastmoney_fundcode_search
561800,稀有金属ETF华富,指数型-股票,eastmoney_fundcode_search
561870,现金流全指ETF华富,指数型-股票,eastmoney_fundcode_search
561880,A100ETF华富,指数型-股票,eastmoney_fundcode_search
561900,沪深300ESGETF招商,指数型-股票,eastmoney_fundcode_search
561910,电池ETF招商,指数型-股票,eastmoney_fundcode_search
561920,疫苗ETF招商,指数型-股票,eastmoney_fundcode_search
561930,沪深300ETF招商,指数型-股票,eastmoney_fundcode_search
561950,中证500增强ETF招商,指数型-股票,eastmoney_fundcode_search
561960,央企回报ETF招商,指数型-股票,eastmoney_fundcode_search
561980,半导体设备ETF招商,指数型-股票,eastmoney_fundcode_search
561990,沪深300增强ETF招商,指数型-股票,eastmoney_fundcode_search
562000,A100ETF华宝,指数型-股票,eastmoney_fundcode_search
562010,绿色能源ETF华宝,指数型-股票,eastmoney_fundcode_search
562030,信创ETF华宝,指数型-股票,eastmoney_fundcode_search
562050,药ETF华宝,指数型-股票,eastmoney_fundcode_search
562060,标普A股红利ETF华宝,指数型-股票,eastmoney_fundcode_search
562070,沪深300指增ETF华宝,指数型-股票,eastmoney_fundcode_search
562080,300现金流ETF华宝,指数型-股票,eastmoney_fundcode_search
562300,碳中和ETF银华,指数型-股票,eastmoney_fundcode_search
562310,沪深300成长ETF银华,指数型-股票,eastmoney_fundcode_search
562320,沪深300价值ETF银华,指数型-股票,eastmoney_fundcode_search
562330,中证500价值ETF银华,指数型-股票,eastmoney_fundcode_search
562340,中证500成长ETF银华,指数型-股票,eastmoney_fundcode_search
562350,电力ETF银华,指数型-股票,eastmoney_fundcode_search
562360,机器人ETF银华,指数型-股票,eastmoney_fundcode_search
562380,央企科技ETF银华,指数型-股票,eastmoney_fundcode_search
562390,中药ETF银华,指数型-股票,eastmoney_fundcode_search
562500,机器人ETF华夏,指数型-股票,eastmoney_fundcode_search
562510,旅游ETF华夏,指数型-股票,eastmoney_fundcode_search
562520,中证1000成长ETF华夏,指数型-股票,eastmoney_fundcode_search
562530,中证1000价值ETF华夏,指数型-股票,eastmoney_fundcode_search
562550,绿电ETF华夏,指数型-股票,eastmoney_fundcode_search
562560,信息技术ETF华夏,指数型-股票,eastmoney_fundcode_search
562570,信创ETF华夏,指数型-股票,eastmoney_fundcode_search
562580,可选消费ETF华夏,指数型-股票,eastmoney_fundcode_search
562590,半导体设备ETF华夏,指数型-股票,eastmoney_fundcode_search
562600,医疗器械ETF华夏,指数型-股票,eastmoney_fundcode_search
562660,中证2000ETF华夏,指数型-股票,eastmoney_fundcode_search
562700,汽车零部件ETF华夏,指数型-股票,eastmoney_fundcode_search
562800,稀有金属ETF嘉实,指数型-股票,eastmoney_fundcode_search
562810,上证指数增强ETF嘉实,指数型-股票,eastmoney_fundcode_search
562820,集成电路ETF嘉实,指数型-股票,eastmoney_fundcode_search
562850,央企能源ETF嘉实,指数型-股票,eastmoney_fundcode_search
562860,疫苗ETF嘉实,指数型-股票,eastmoney_fundcode_search
562870,证券ETF嘉实,指数型-股票,eastmoney_fundcode_search
562880,电池ETF嘉实,指数型-股票,eastmoney_fundcode_search
562890,A50ETF嘉实,指数型-股票,eastmoney_fundcode_search
562900,农业ETF易方达,指数型-股票,eastmoney_fundcode_search
562910,高端制造ETF易方达,指数型-股票,eastmoney_fundcode_search
562920,信息安全ETF易方达,指数型-股票,eastmoney_fundcode_search
562930,软件ETF易方达,指数型-股票,eastmoney_fundcode_search
562950,消费电子ETF易方达,指数型-股票,eastmoney_fundcode_search
562960,绿色电力ETF易方达,指数型-股票,eastmoney_fundcode_search
562970,光伏ETF易方达,指数型-股票,eastmoney_fundcode_search
562990,碳中和ETF易方达,指数型-股票,eastmoney_fundcode_search
563000,中国A50ETF易方达,指数型-股票,eastmoney_fundcode_search
563010,电信ETF易方达,指数型-股票,eastmoney_fundcode_search
563020,红利低波ETF易方达,指数型-股票,eastmoney_fundcode_search
563030,中证500增强ETF易方达,指数型-股票,eastmoney_fundcode_search
563050,央企科技ETF易方达,指数型-股票,eastmoney_fundcode_search
563060,央企50ETF易方达,指数型-股票,eastmoney_fundcode_search
563080,中证A50ETF易方达,指数型-股票,eastmoney_fundcode_search
563090,上证50增强ETF易方达,指数型-股票,eastmoney_fundcode_search
563150,油气ETF银华,指数型-股票,eastmoney_fundcode_search
563180,高股息ETF银华,指数型-股票,eastmoney_fundcode_search
563200,中证2000ETF富国,指数型-股票,eastmoney_fundcode_search
563210,专精特新ETF富国,指数型-股票,eastmoney_fundcode_search
563220,A500ETF富国,指数型-股票,eastmoney_fundcode_search
563230,卫星ETF富国,指数型-股票,eastmoney_fundcode_search
563280,A50增强ETF富国,指数型-股票,eastmoney_fundcode_search
563300,中证2000ETF华泰柏瑞,指数型-股票,eastmoney_fundcode_search
563320,通用航空ETF华泰柏瑞,指数型-股票,eastmoney_fundcode_search
563330,A股ETF华泰柏瑞,指数型-股票,eastmoney_fundcode_search
563350,A50ETF华泰柏瑞,指数型-股票,eastmoney_fundcode_search
563360,A500ETF华泰柏瑞,指数型-股票,eastmoney_fundcode_search
563380,航空航天ETF华泰柏瑞,指数型-股票,eastmoney_fundcode_search
563390,全指现金流ETF华泰柏瑞,指数型-股票,eastmoney_fundcode_search
563500,A500ETF华宝,指数型-股票,eastmoney_fundcode_search
563510,A500红利低波ETF易方达,指数型-股票,eastmoney_fundcode_search
563520,沪深300ETF永赢,指数型-股票,eastmoney_fundcode_search
563530,卫星ETF易方达,指数型-股票,eastmoney_fundcode_search
563550,A500增强ETF摩根,指数型-股票,eastmoney_fundcode_search
563560,科技成长ETF兴业,指数型-股票,eastmoney_fundcode_search
563570,金融科技ETF兴业,指数型-股票,eastmoney_fundcode_search
563580,自由现金流800ETF万家,指数型-股票,eastmoney_fundcode_search
563590,A500红利低波动ETF国寿,指数型-股票,eastmoney_fundcode_search
563600,A500增强ETF易方达,指数型-股票,eastmoney_fundcode_search
563620,全指现金流ETF兴业,指数型-股票,eastmoney_fundcode_search
563630,A500增强ETF国联安,指数型-股票,eastmoney_fundcode_search
563650,中证A500ETF兴业,指数型-股票,eastmoney_fundcode_search
563660,A500ETF银河,指数型-股票,eastmoney_fundcode_search
563670,金融科技ETF鹏华,指数型-股票,eastmoney_fundcode_search
563680,800现金流ETF汇添富,指数型-股票,eastmoney_fundcode_search
563690,红利低波ETF永赢,指数型-股票,eastmoney_fundcode_search
563700,红利价值ETF易方达,指数型-股票,eastmoney_fundcode_search
563750,中证500ETF汇添富,指数型-股票,eastmoney_fundcode_search
563760,全指现金流ETF中银,指数型-股票,eastmoney_fundcode_search
563770,全指现金流ETF招商,指数型-股票,eastmoney_fundcode_search
563780,现金流全指ETF方正富邦,指数型-股票,eastmoney_fundcode_search
563790,卫星ETF鹏华,指数型-股票,eastmoney_fundcode_search
563800,A500ETF广发,指数型-股票,eastmoney_fundcode_search
563830,全指现金流ETF博时,指数型-股票,eastmoney_fundcode_search
563850,食品ETF广发,指数型-股票,eastmoney_fundcode_search
563860,中证A500ETF海富通,指数型-股票,eastmoney_fundcode_search
563870,通用航空ETF鹏华,指数型-股票,eastmoney_fundcode_search
563880,A500ETF汇添富,指数型-股票,eastmoney_fundcode_search
563890,国企红利ETF创金合信,指数型-股票,eastmoney_fundcode_search
563900,300自由现金流ETF摩根,指数型-股票,eastmoney_fundcode_search
563930,上证增强ETF招商,指数型-股票,eastmoney_fundcode_search
563960,300质量ETF兴全,指数型-股票,eastmoney_fundcode_search
563980,800红利低波ETF鑫元,指数型-股票,eastmoney_fundcode_search
563990,800现金流ETF富国,指数型-股票,eastmoney_fundcode_search
588000,科创50ETF华夏,指数型-股票,eastmoney_fundcode_search
588010,科创新材料ETF博时,指数型-股票,eastmoney_fundcode_search
588020,科创成长ETF易方达,指数型-股票,eastmoney_fundcode_search
588030,科创100ETF博时,指数型-股票,eastmoney_fundcode_search
588040,科创50ETF鹏华,指数型-股票,eastmoney_fundcode_search
588050,科创50ETF工银,指数型-股票,eastmoney_fundcode_search
588060,科创50ETF广发,指数型-股票,eastmoney_fundcode_search
588070,科创成长ETF万家,指数型-股票,eastmoney_fundcode_search
588080,科创50ETF易方达,指数型-股票,eastmoney_fundcode_search
588090,科创50ETF华泰柏瑞,指数型-股票,eastmoney_fundcode_search
588100,科创信息ETF嘉实,指数型-股票,eastmoney_fundcode_search
588110,科创成长ETF广发,指数型-股票,eastmoney_fundcode_search
588120,科创100ETF国泰,指数型-股票,eastmoney_fundcode_search
588130,科创医药ETF华夏,指数型-股票,eastmoney_fundcode_search
588140,科创200ETF广发,指数型-股票,eastmoney_fundcode_search
588150,科创50ETF南方,指数型-股票,eastmoney_fundcode_search
588160,科创新材料ETF南方,指数型-股票,eastmoney_fundcode_search
588170,科创半导体ETF华夏,指数型-股票,eastmoney_fundcode_search
588180,科创50ETF国联安,指数型-股票,eastmoney_fundcode_search
588190,科创100ETF银华,指数型-股票,eastmoney_fundcode_search
588200,科创芯片ETF嘉实,指数型-股票,eastmoney_fundcode_search
588210,科创100ETF易方达,指数型-股票,eastmoney_fundcode_search
588220,科创100ETF鹏华,指数型-股票,eastmoney_fundcode_search
588230,科创200ETF华泰柏瑞,指数型-股票,eastmoney_fundcode_search
588240,科创200ETF鹏华,指数型-股票,eastmoney_fundcode_search
588250,科创医药ETF鹏华,指数型-股票,eastmoney_fundcode_search
588260,科创信息ETF华安,指数型-股票,eastmoney_fundcode_search
588270,科创200ETF易方达,指数型-股票,eastmoney_fundcode_search
588280,科创50ETF华安,指数型-股票,eastmoney_fundcode_search
588290,科创芯片ETF华安,指数型-股票,eastmoney_fundcode_search
588300,科创创业50ETF招商,指数型-股票,eastmoney_fundcode_search
588310,科创创业ETF方正富邦,指数型-股票,eastmoney_fundcode_search
588320,双创50增强ETF广发,指数型-股票,eastmoney_fundcode_search
588330,双创50ETF华宝,指数型-股票,eastmoney_fundcode_search
588350,科创创业50ETF鹏扬,指数型-股票,eastmoney_fundcode_search
588360,科创创业ETF国泰,指数型-股票,eastmoney_fundcode_search
588370,科创50增强ETF南方,指数型-股票,eastmoney_fundcode_search
588380,科创创业ETF富国,指数型-股票,eastmoney_fundcode_search
588390,科创创业ETF博时,指数型-股票,eastmoney_fundcode_search
588400,科创创业ETF嘉实,指数型-股票,eastmoney_fundcode_search
588410,科创创业人工智能ETF鹏华,指数型-股票,eastmoney_fundcode_search
588420,科创创业人工智能ETF摩根,指数型-股票,eastmoney_fundcode_search
588430,科创创业人工智能ETF工银,指数型-股票,eastmoney_fundcode_search
588450,科创50增强ETF招商,指数型-股票,eastmoney_fundcode_search
588460,科创50增强ETF鹏华,指数型-股票,eastmoney_fundcode_search
588470,科创创业人工智能ETF华安,指数型-股票,eastmoney_fundcode_search
588480,科创创业人工智能ETF中金,指数型-股票,eastmoney_fundcode_search
588500,科创100增强ETF易方达,指数型-股票,eastmoney_fundcode_search
588510,科创创业人工智能ETF华夏,指数型-股票,eastmoney_fundcode_search
588520,科创增强ETF永赢,指数型-股票,eastmoney_fundcode_search
588550,科创综指增强ETF易方达,指数型-股票,eastmoney_fundcode_search
588660,科创创业50ETF兴银,指数型-股票,eastmoney_fundcode_search
588670,科创综指增强ETF嘉实,指数型-股票,eastmoney_fundcode_search
588680,科创100增强ETF广发,指数型-股票,eastmoney_fundcode_search
588690,科创增强ETF银华,指数型-股票,eastmoney_fundcode_search
588700,科创医药ETF嘉实,指数型-股票,eastmoney_fundcode_search
588710,科创半导体设备ETF华泰柏瑞,指数型-股票,eastmoney_fundcode_search
588720,科创50ETF中银,指数型-股票,eastmoney_fundcode_search
588730,科创人工智能ETF易方达,指数型-股票,eastmoney_fundcode_search
588750,科创芯片ETF汇添富,指数型-股票,eastmoney_fundcode_search
588760,科创人工智能ETF广发,指数型-股票,eastmoney_fundcode_search
588770,科创信息ETF摩根,指数型-股票,eastmoney_fundcode_search
588780,科创芯片设计ETF国联安,指数型-股票,eastmoney_fundcode_search
588790,科创AIETF博时,指数型-股票,eastmoney_fundcode_search
588800,科创100ETF华夏,指数型-股票,eastmoney_fundcode_search
588810,科创芯片ETF富国,指数型-股票,eastmoney_fundcode_search
588820,科创200ETF华夏,指数型-股票,eastmoney_fundcode_search
588830,科创新能源ETF鹏华,指数型-股票,eastmoney_fundcode_search
588840,科创50ETF万家,指数型-股票,eastmoney_fundcode_search
588850,科创机械ETF嘉实,指数型-股票,eastmoney_fundcode_search
588860,科创医药ETF工银,指数型-股票,eastmoney_fundcode_search
588870,科创50ETF汇添富,指数型-股票,eastmoney_fundcode_search
588880,科创100ETF华泰柏瑞,指数型-股票,eastmoney_fundcode_search
588890,科创芯片ETF南方,指数型-股票,eastmoney_fundcode_search
588900,科创100ETF南方,指数型-股票,eastmoney_fundcode_search
588910,科创价值ETF建信,指数型-股票,eastmoney_fundcode_search
588920,科创芯片ETF鹏华,指数型-股票,eastmoney_fundcode_search
588930,科创人工智能ETF银华,指数型-股票,eastmoney_fundcode_search
588940,科创50ETF富国,指数型-股票,eastmoney_fundcode_search
588950,科创50ETF景顺,指数型-股票,eastmoney_fundcode_search
588960,科创新能源ETF富国,指数型-股票,eastmoney_fundcode_search
588980,科创100ETF广发,指数型-股票,eastmoney_fundcode_search
588990,科创芯片ETF博时,指数型-股票,eastmoney_fundcode_search
589000,科创综指ETF华夏,指数型-股票,eastmoney_fundcode_search
589010,科创人工智能ETF华夏,指数型-股票,eastmoney_fundcode_search
589020,科创半导体设备ETF鹏华,指数型-股票,eastmoney_fundcode_search
589030,科创芯片设计ETF易方达,指数型-股票,eastmoney_fundcode_search
589050,科创综指ETF兴业,指数型-股票,eastmoney_fundcode_search
589060,科创综指ETF东财,指数型-股票,eastmoney_fundcode_search
589070,科创芯片设计ETF天弘,指数型-股票,eastmoney_fundcode_search
589080,科创综指ETF汇添富,指数型-股票,eastmoney_fundcode_search
589090,科创AIETF鹏华,指数型-股票,eastmoney_fundcode_search
589100,科创芯片ETF国泰,指数型-股票,eastmoney_fundcode_search
589110,科创人工智能ETF国泰,指数型-股票,eastmoney_fundcode_search
589120,科创创新药ETF汇添富,指数型-股票,eastmoney_fundcode_search
589130,科创芯片ETF易方达,指数型-股票,eastmoney_fundcode_search
589150,科创50ETF平安,指数型-股票,eastmoney_fundcode_search
589160,科创芯片ETF广发,指数型-股票,eastmoney_fundcode_search
589170,科创芯片设计ETF鹏华,指数型-股票,eastmoney_fundcode_search
589180,科创新材料ETF汇添富,指数型-股票,eastmoney_fundcode_search
589190,科创芯片ETF华宝,指数型-股票,eastmoney_fundcode_search
589200,科创200ETF工银,指数型-股票,eastmoney_fundcode_search
589210,科创芯片设计ETF广发,指数型-股票,eastmoney_fundcode_search
589220,科创200ETF国泰,指数型-股票,eastmoney_fundcode_search
589230,科创人工智能ETF南方,指数型-股票,eastmoney_fundcode_search
589250,科创芯片设计ETF浦银,指数型-股票,eastmoney_fundcode_search
589260,科创芯片设计ETF国泰,指数型-股票,eastmoney_fundcode_search
589270,科创100ETF前海开源,指数型-股票,eastmoney_fundcode_search
589280,科创增强ETF华宝,指数型-股票,eastmoney_fundcode_search
589290,科创芯片设计ETF汇添富,指数型-股票,eastmoney_fundcode_search
589300,科创综指ETF嘉实,指数型-股票,eastmoney_fundcode_search
589310,科创人工智能ETF鑫元,指数型-股票,eastmoney_fundcode_search
589320,科创200ETF嘉实,指数型-股票,eastmoney_fundcode_search
589330,科创200ETF东财,指数型-股票,eastmoney_fundcode_search
589350,科创芯片设计ETF银华,指数型-股票,eastmoney_fundcode_search
589360,科创50ETF国泰,指数型-股票,eastmoney_fundcode_search
589380,科创人工智能ETF富国,指数型-股票,eastmoney_fundcode_search
589390,科创芯片设计ETF招商,指数型-股票,eastmoney_fundcode_search
589410,科创人工智能ETF嘉实,,eastmoney_fundcode_search
589500,科创综指ETF工银,指数型-股票,eastmoney_fundcode_search
589520,科创人工智能ETF华宝,指数型-股票,eastmoney_fundcode_search
589550,科创价值ETF华夏,指数型-股票,eastmoney_fundcode_search
589560,科创人工智能ETF汇添富,指数型-股票,eastmoney_fundcode_search
589580,科创综指ETF兴银,指数型-股票,eastmoney_fundcode_search
589600,科创综指ETF富国,指数型-股票,eastmoney_fundcode_search
589630,科创综指ETF国泰,指数型-股票,eastmoney_fundcode_search
589660,科创综指ETF南方,指数型-股票,eastmoney_fundcode_search
589680,科创综指ETF鹏华,指数型-股票,eastmoney_fundcode_search
589700,科创成长ETF南方,指数型-股票,eastmoney_fundcode_search
589720,科创创新药ETF国泰,指数型-股票,eastmoney_fundcode_search
589770,科创综指ETF招商,指数型-股票,eastmoney_fundcode_search
589780,科创200ETF富国,指数型-股票,eastmoney_fundcode_search
589800,科创综指ETF易方达,指数型-股票,eastmoney_fundcode_search
589820,科创200ETF建信,指数型-股票,eastmoney_fundcode_search
589850,科创50ETF东财,指数型-股票,eastmoney_fundcode_search
589860,科创综指ETF天弘,指数型-股票,eastmoney_fundcode_search
589880,科创综指ETF建信,指数型-股票,eastmoney_fundcode_search
589890,科创综指ETF景顺,指数型-股票,eastmoney_fundcode_search
589900,科创综指ETF博时,指数型-股票,eastmoney_fundcode_search
589950,科创100ETF富国,指数型-股票,eastmoney_fundcode_search
589960,科创新能源ETF易方达,指数型-股票,eastmoney_fundcode_search
589980,科创100ETF汇添富,指数型-股票,eastmoney_fundcode_search
589990,科创综指ETF华泰柏瑞,指数型-股票,eastmoney_fundcode_search
