index_component_type,secucode,stock_code,stock_name,close_price,change_rate,trade_date,industry,region,weight,eps,roe,free_cap,pe,source
3,600487.SH,600487,亨通光电,91.43,9.997593840231,2026-06-03 00:00:00,通信设备,苏州市,1.56,0.4563,3.44,2235.63,51.0,eastmoney_datacenter:RPT_INDEX_TS_COMPONENT
3,002008.SZ,002008,大族激光,130.6,2.834645669291,2026-06-03 00:00:00,自动化设备,深圳市,1.0,0.34,1.87,1249.49,94.94,eastmoney_datacenter:RPT_INDEX_TS_COMPONENT
3,002281.SZ,002281,光迅科技,224.0,4.132769280833,2026-06-03 00:00:00,通信设备,武汉市,0.99,0.3,2.35,1747.11,188.28,eastmoney_datacenter:RPT_INDEX_TS_COMPONENT
3,688525.SH,688525,佰维存储,314.0,3.493737640079,2026-06-03 00:00:00,半导体,深圳市,0.94,6.21,41.98,1480.72,12.77,eastmoney_datacenter:RPT_INDEX_TS_COMPONENT
3,688347.SH,688347,华虹公司,233.24,2.975717439294,2026-06-03 00:00:00,半导体,香港特别行政区,0.88,0.08,0.31,951.04,725.99,eastmoney_datacenter:RPT_INDEX_TS_COMPONENT
3,300604.SZ,300604,长川科技,214.25,3.193333975532,2026-06-03 00:00:00,半导体,杭州市,0.88,0.5571,7.17,1048.69,96.39,eastmoney_datacenter:RPT_INDEX_TS_COMPONENT
3,002353.SZ,002353,杰瑞股份,143.04,-3.41008845972,2026-06-03 00:00:00,专用设备,烟台市,0.87,0.58,2.52,988.46,62.24,eastmoney_datacenter:RPT_INDEX_TS_COMPONENT
3,300136.SZ,300136,信维通信,95.6,3.946939219311,2026-06-03 00:00:00,消费电子,深圳市,0.85,0.1101,1.31,788.89,220.47,eastmoney_datacenter:RPT_INDEX_TS_COMPONENT
3,301308.SZ,301308,江波龙,532.51,2.504331087584,2026-06-03 00:00:00,半导体,深圳市,0.83,9.21,39.4,1500.89,14.58,eastmoney_datacenter:RPT_INDEX_TS_COMPONENT
3,300857.SZ,300857,协创数据,240.0,1.897847407974,2026-06-03 00:00:00,消费电子,深圳市,0.76,2.17,15.66,1168.46,39.13,eastmoney_datacenter:RPT_INDEX_TS_COMPONENT
3,002156.SZ,002156,通富微电,70.22,9.99373433584,2026-06-03 00:00:00,半导体,南通市,0.74,0.2168,2.1,1065.55,80.96,eastmoney_datacenter:RPT_INDEX_TS_COMPONENT
3,002436.SZ,002436,兴森科技,39.82,-5.684509711037,2026-06-03 00:00:00,元件,深圳市,0.68,0.01,0.35,604.44,902.67,eastmoney_datacenter:RPT_INDEX_TS_COMPONENT
3,300757.SZ,300757,罗博特科,687.65,5.696367912203,2026-06-03 00:00:00,自动化设备,苏州市,0.62,-0.23,-2.35,1117.89,-742.28,eastmoney_datacenter:RPT_INDEX_TS_COMPONENT
3,600549.SH,600549,厦门钨业,60.01,7.525533058592,2026-06-03 00:00:00,小金属,厦门市,0.59,0.6972,6.24,932.51,21.52,eastmoney_datacenter:RPT_INDEX_TS_COMPONENT
3,300058.SZ,300058,蓝色光标,16.55,-3.159742539497,2026-06-03 00:00:00,广告营销,北京市,0.58,0.035,1.59,575.6,117.79,eastmoney_datacenter:RPT_INDEX_TS_COMPONENT
3,000657.SZ,000657,中钨高新,71.71,7.818373176966,2026-06-03 00:00:00,小金属,海口市,0.58,0.4,9.03,1041.89,44.35,eastmoney_datacenter:RPT_INDEX_TS_COMPONENT
3,000426.SZ,000426,兴业银锡,42.08,-2.071212473819,2026-06-03 00:00:00,贵金属,赤峰市,0.58,0.7533,13.17,747.01,13.96,eastmoney_datacenter:RPT_INDEX_TS_COMPONENT
3,688120.SH,688120,华海清科,247.86,1.266546821376,2026-06-03 00:00:00,半导体,天津市,0.58,0.7,3.26,876.56,88.61,eastmoney_datacenter:RPT_INDEX_TS_COMPONENT
3,688777.SH,688777,中控技术,92.35,-1.849293229886,2026-06-03 00:00:00,自动化设备,杭州市,0.57,0.1,0.75,726.98,244.59,eastmoney_datacenter:RPT_INDEX_TS_COMPONENT
3,002851.SZ,002851,麦格米特,157.98,6.779317336938,2026-06-03 00:00:00,其他电源设备Ⅱ,深圳市,0.57,0.2019,1.43,723.69,200.29,eastmoney_datacenter:RPT_INDEX_TS_COMPONENT
3,600988.SH,600988,赤峰黄金,33.45,-2.049780380673,2026-06-03 00:00:00,贵金属,赤峰市,0.54,0.52,7.13,556.58,16.08,eastmoney_datacenter:RPT_INDEX_TS_COMPONENT
3,002202.SZ,002202,金风科技,23.61,1.592082616179,2026-06-03 00:00:00,风电设备,乌鲁木齐市,0.54,0.2091,2.23,794.12,27.48,eastmoney_datacenter:RPT_INDEX_TS_COMPONENT
3,601168.SH,601168,西部矿业,32.75,-0.63713592233,2026-06-03 00:00:00,工业金属,西宁市,0.52,0.67,8.26,780.43,12.3,eastmoney_datacenter:RPT_INDEX_TS_COMPONENT
3,600673.SH,600673,东阳光,34.79,-2.330151600225,2026-06-03 00:00:00,综合Ⅱ,韶关市,0.51,0.04,1.24,1044.24,219.45,eastmoney_datacenter:RPT_INDEX_TS_COMPONENT
3,300450.SZ,300450,先导智能,47.7,-1.016808466487,2026-06-03 00:00:00,电池,无锡市,0.5,0.26,3.03,743.84,49.25,eastmoney_datacenter:RPT_INDEX_TS_COMPONENT
3,300054.SZ,300054,鼎龙股份,70.4,4.389086595492,2026-06-03 00:00:00,电子化学品Ⅱ,武汉市,0.49,0.26,4.71,519.66,66.49,eastmoney_datacenter:RPT_INDEX_TS_COMPONENT
3,002837.SZ,002837,英维克,68.32,1.229811823974,2026-06-03 00:00:00,专用设备,深圳市,0.49,0.01,0.25,772.33,2514.08,eastmoney_datacenter:RPT_INDEX_TS_COMPONENT
3,002273.SZ,002273,水晶光电,36.85,-0.593471810089,2026-06-03 00:00:00,光学光电子,台州市,0.49,0.18,2.49,501.93,51.94,eastmoney_datacenter:RPT_INDEX_TS_COMPONENT
3,600879.SH,600879,航天电子,19.98,3.042805569881,2026-06-03 00:00:00,航天装备Ⅱ,武汉市,0.49,0.009,0.15,659.2,526.89,eastmoney_datacenter:RPT_INDEX_TS_COMPONENT
3,300395.SZ,300395,菲利华,118.99,-0.426778242678,2026-06-03 00:00:00,航空装备Ⅱ,荆州市,0.48,0.2761,3.06,609.88,108.82,eastmoney_datacenter:RPT_INDEX_TS_COMPONENT
3,000933.SZ,000933,神火股份,30.72,-0.518134715026,2026-06-03 00:00:00,工业金属,商丘市,0.46,1.035,8.9,690.41,7.54,eastmoney_datacenter:RPT_INDEX_TS_COMPONENT
3,300223.SZ,300223,北京君正,144.36,1.469037745132,2026-06-03 00:00:00,半导体,北京市,0.46,0.661,2.54,607.14,54.6,eastmoney_datacenter:RPT_INDEX_TS_COMPONENT
3,300390.SZ,300390,天华新能,81.38,0.09840098401,2026-06-03 00:00:00,电池,苏州市,0.45,1.17,8.19,547.09,17.44,eastmoney_datacenter:RPT_INDEX_TS_COMPONENT
3,002185.SZ,002185,华天科技,19.16,4.528096017458,2026-06-03 00:00:00,半导体,天水市,0.45,0.0266,0.48,636.62,183.43,eastmoney_datacenter:RPT_INDEX_TS_COMPONENT
3,300285.SZ,300285,国瓷材料,60.47,3.455945252352,2026-06-03 00:00:00,电子化学品Ⅱ,东营市,0.44,0.14,1.97,516.21,105.95,eastmoney_datacenter:RPT_INDEX_TS_COMPONENT
3,688002.SH,688002,睿创微纳,121.91,-1.455015762671,2026-06-03 00:00:00,军工电子Ⅱ,烟台市,0.43,1.0399,6.85,567.78,29.65,eastmoney_datacenter:RPT_INDEX_TS_COMPONENT
3,600118.SH,600118,中国卫星,81.58,6.780104712042,2026-06-03 00:00:00,航天装备Ⅱ,北京市,0.43,-0.04,-0.67,964.67,-564.93,eastmoney_datacenter:RPT_INDEX_TS_COMPONENT
3,002080.SZ,002080,中材科技,63.62,-2.766315145958,2026-06-03 00:00:00,玻璃玻纤,南京市,0.42,0.3024,2.51,1067.62,52.6,eastmoney_datacenter:RPT_INDEX_TS_COMPONENT
3,600580.SH,600580,卧龙电驱,38.81,-2.731829573935,2026-06-03 00:00:00,电机Ⅱ,绍兴市,0.42,0.1772,2.49,604.52,54.92,eastmoney_datacenter:RPT_INDEX_TS_COMPONENT
3,688361.SH,688361,中科飞测,205.56,0.361292842496,2026-06-03 00:00:00,半导体,深圳市,0.41,-0.21,-1.33,719.8,-264.78,eastmoney_datacenter:RPT_INDEX_TS_COMPONENT
3,002738.SZ,002738,中矿资源,60.44,0.733333333333,2026-06-03 00:00:00,能源金属,北京市,0.41,0.7037,4.07,429.87,21.47,eastmoney_datacenter:RPT_INDEX_TS_COMPONENT
3,000960.SZ,000960,锡业股份,43.75,1.29659643436,2026-06-03 00:00:00,小金属,昆明市,0.41,0.5178,4.24,719.88,20.74,eastmoney_datacenter:RPT_INDEX_TS_COMPONENT
3,600885.SH,600885,宏发股份,34.68,-1.224722301339,2026-06-03 00:00:00,电网设备,武汉市,0.41,0.3129,3.77,536.71,27.71,eastmoney_datacenter:RPT_INDEX_TS_COMPONENT
3,002195.SZ,002195,岩山科技,7.56,-1.176470588235,2026-06-03 00:00:00,IT服务Ⅱ,上海市,0.41,0.0037,0.21,424.86,508.76,eastmoney_datacenter:RPT_INDEX_TS_COMPONENT
3,002532.SZ,002532,天山铝业,15.63,1.559454191033,2026-06-03 00:00:00,工业金属,石河子市,0.41,0.48,7.27,641.9,8.15,eastmoney_datacenter:RPT_INDEX_TS_COMPONENT
3,601179.SH,601179,中国西电,16.42,-0.725513905683,2026-06-03 00:00:00,电网设备,西安市,0.4,0.0676,1.5,841.67,60.71,eastmoney_datacenter:RPT_INDEX_TS_COMPONENT
3,002126.SZ,002126,银轮股份,48.85,-2.6698545527,2026-06-03 00:00:00,汽车零部件,台州市,0.4,0.26,2.83,387.97,48.31,eastmoney_datacenter:RPT_INDEX_TS_COMPONENT
3,000021.SZ,000021,深科技,38.3,3.012372243141,2026-06-03 00:00:00,消费电子,深圳市,0.39,0.1539,1.83,602.86,62.24,eastmoney_datacenter:RPT_INDEX_TS_COMPONENT
3,600498.SH,600498,烽火通信,52.02,5.090909090909,2026-06-03 00:00:00,通信设备,武汉市,0.39,0.03,0.22,661.5,460.06,eastmoney_datacenter:RPT_INDEX_TS_COMPONENT
3,002138.SZ,002138,顺络电子,47.8,-2.149437052201,2026-06-03 00:00:00,元件,深圳市,0.38,0.23,2.59,361.61,54.17,eastmoney_datacenter:RPT_INDEX_TS_COMPONENT
3,600096.SH,600096,云天化,31.02,-0.16092693917,2026-06-03 00:00:00,农化制品,昆明市,0.38,0.7816,5.63,565.49,9.92,eastmoney_datacenter:RPT_INDEX_TS_COMPONENT
3,600157.SH,600157,永泰能源,1.85,0.54347826087,2026-06-03 00:00:00,电力,晋中市,0.38,0.0028,0.13,403.63,163.17,eastmoney_datacenter:RPT_INDEX_TS_COMPONENT
3,002340.SZ,002340,格林美,7.68,-1.285347043702,2026-06-03 00:00:00,电池,深圳市,0.38,0.1,2.41,389.84,18.75,eastmoney_datacenter:RPT_INDEX_TS_COMPONENT
3,688469.SH,688469,芯联集成,7.77,0.778210116732,2026-06-03 00:00:00,半导体,绍兴市,0.37,-0.01,-0.68,456.08,-184.28,eastmoney_datacenter:RPT_INDEX_TS_COMPONENT
3,688017.SH,688017,绿的谐波,314.88,2.901960784314,2026-06-03 00:00:00,自动化设备,苏州市,0.37,0.178,0.92,577.27,442.23,eastmoney_datacenter:RPT_INDEX_TS_COMPONENT
3,688037.SH,688037,芯源微,256.95,5.832200667243,2026-06-03 00:00:00,半导体,沈阳市,0.37,0.02,0.13,518.08,3691.21,eastmoney_datacenter:RPT_INDEX_TS_COMPONENT
3,002131.SZ,002131,利欧股份,5.81,0.172413793103,2026-06-03 00:00:00,通用设备,台州市,0.37,0.0048,0.24,340.16,314.63,eastmoney_datacenter:RPT_INDEX_TS_COMPONENT
3,300037.SZ,300037,新宙邦,71.05,-0.975609756098,2026-06-03 00:00:00,电池,深圳市,0.36,0.64,4.37,384.25,27.87,eastmoney_datacenter:RPT_INDEX_TS_COMPONENT
3,002261.SZ,002261,拓维信息,29.87,-0.565912117177,2026-06-03 00:00:00,软件开发,长沙市,0.36,0.0488,2.39,342.34,153.1,eastmoney_datacenter:RPT_INDEX_TS_COMPONENT
3,600601.SH,600601,方正科技,12.36,-2.446724546172,2026-06-03 00:00:00,元件,上海市,0.36,0.05,4.88,515.45,57.01,eastmoney_datacenter:RPT_INDEX_TS_COMPONENT
3,300017.SZ,300017,网宿科技,15.35,1.119894598155,2026-06-03 00:00:00,IT服务Ⅱ,上海市,0.36,0.0491,1.15,359.41,79.32,eastmoney_datacenter:RPT_INDEX_TS_COMPONENT
3,300567.SZ,300567,精测电子,188.5,0.802139037433,2026-06-03 00:00:00,通用设备,武汉市,0.35,0.15,0.97,427.99,308.65,eastmoney_datacenter:RPT_INDEX_TS_COMPONENT
3,002966.SZ,002966,苏州银行,8.16,-1.449275362319,2026-06-03 00:00:00,银行Ⅱ,苏州市,0.35,0.35,3.08,358.67,5.42,eastmoney_datacenter:RPT_INDEX_TS_COMPONENT
3,000831.SZ,000831,中国稀土,52.97,6.088523933507,2026-06-03 00:00:00,小金属,赣州市,0.35,0.1306,2.84,562.13,101.43,eastmoney_datacenter:RPT_INDEX_TS_COMPONENT
3,603228.SH,603228,景旺电子,74.28,-1.720031754432,2026-06-03 00:00:00,元件,深圳市,0.35,0.24,1.76,724.82,78.6,eastmoney_datacenter:RPT_INDEX_TS_COMPONENT
3,605589.SH,605589,圣泉集团,54.65,0.979305247598,2026-06-03 00:00:00,塑料,济南市,0.35,0.21,1.64,462.29,65.2,eastmoney_datacenter:RPT_INDEX_TS_COMPONENT
3,300751.SZ,300751,迈为股份,218.0,-0.329188002926,2026-06-03 00:00:00,光伏设备,苏州市,0.35,0.42,1.48,420.41,128.79,eastmoney_datacenter:RPT_INDEX_TS_COMPONENT
3,600143.SH,600143,金发科技,16.47,-1.612903225806,2026-06-03 00:00:00,塑料,广州市,0.34,0.1186,1.67,433.96,36.07,eastmoney_datacenter:RPT_INDEX_TS_COMPONENT
3,301358.SZ,301358,湖南裕能,82.72,-1.500357227911,2026-06-03 00:00:00,电池,湘潭市,0.34,1.78,9.98,628.62,12.86,eastmoney_datacenter:RPT_INDEX_TS_COMPONENT
3,002128.SZ,002128,电投能源,30.63,-2.452229299363,2026-06-03 00:00:00,煤炭开采,通辽市,0.34,0.89,5.13,686.59,11.3,eastmoney_datacenter:RPT_INDEX_TS_COMPONENT
3,002558.SZ,002558,巨人网络,25.59,-0.156067108857,2026-06-03 00:00:00,游戏Ⅱ,重庆市,0.33,0.57,6.81,486.35,11.25,eastmoney_datacenter:RPT_INDEX_TS_COMPONENT
3,300339.SZ,300339,润和软件,42.43,-1.394376016733,2026-06-03 00:00:00,IT服务Ⅱ,南京市,0.33,0.1,2.14,329.97,109.35,eastmoney_datacenter:RPT_INDEX_TS_COMPONENT
3,601991.SH,601991,大唐发电,9.1,-0.871459694989,2026-06-03 00:00:00,电力,北京市,0.33,0.1408,7.35,1128.04,14.55,eastmoney_datacenter:RPT_INDEX_TS_COMPONENT
3,300346.SZ,300346,南大光电,50.82,2.978723404255,2026-06-03 00:00:00,电子化学品Ⅱ,苏州市,0.33,0.18,3.5,333.37,70.7,eastmoney_datacenter:RPT_INDEX_TS_COMPONENT
3,688099.SH,688099,晶晨股份,101.0,-0.688298918387,2026-06-03 00:00:00,半导体,上海市,0.33,0.41,2.33,425.38,61.4,eastmoney_datacenter:RPT_INDEX_TS_COMPONENT
3,300207.SZ,300207,欣旺达,21.87,-2.670226969292,2026-06-03 00:00:00,电池,深圳市,0.32,0.06,0.46,374.82,88.59,eastmoney_datacenter:RPT_INDEX_TS_COMPONENT
3,688027.SH,688027,国盾量子,583.45,6.276981365781,2026-06-03 00:00:00,通信设备,合肥市,0.32,-0.18,-0.59,468.94,-789.1,eastmoney_datacenter:RPT_INDEX_TS_COMPONENT
3,300373.SZ,300373,扬杰科技,105.82,4.256157635468,2026-06-03 00:00:00,半导体,扬州市,0.32,0.71,3.96,573.69,37.34,eastmoney_datacenter:RPT_INDEX_TS_COMPONENT
3,002850.SZ,002850,科达利,171.66,-1.271064588486,2026-06-03 00:00:00,电池,深圳市,0.32,1.67,3.39,345.53,25.87,eastmoney_datacenter:RPT_INDEX_TS_COMPONENT
3,688183.SH,688183,生益电子,128.39,-2.402128468263,2026-06-03 00:00:00,元件,东莞市,0.31,0.54,7.47,1067.98,60.04,eastmoney_datacenter:RPT_INDEX_TS_COMPONENT
3,688702.SH,688702,盛科通信,277.9,4.66254896053,2026-06-03 00:00:00,半导体,苏州市,0.31,-0.04,-0.76,564.11,-1672.66,eastmoney_datacenter:RPT_INDEX_TS_COMPONENT
3,603659.SH,603659,璞泰来,29.96,-2.884927066451,2026-06-03 00:00:00,电池,上海市,0.31,0.33,3.39,640.07,22.73,eastmoney_datacenter:RPT_INDEX_TS_COMPONENT
3,688019.SH,688019,安集科技,279.0,1.757969217303,2026-06-03 00:00:00,电子化学品Ⅱ,上海市,0.31,1.23,5.7,488.23,58.78,eastmoney_datacenter:RPT_INDEX_TS_COMPONENT
3,600392.SH,600392,盛和资源,22.86,1.962533452275,2026-06-03 00:00:00,小金属,成都市,0.3,0.1867,2.56,400.7,30.6,eastmoney_datacenter:RPT_INDEX_TS_COMPONENT
3,002409.SZ,002409,雅克科技,113.8,3.803703365867,2026-06-03 00:00:00,半导体,无锡市,0.3,0.5604,3.34,362.48,50.77,eastmoney_datacenter:RPT_INDEX_TS_COMPONENT
3,300115.SZ,300115,长盈精密,32.85,-0.785261250378,2026-06-03 00:00:00,消费电子,深圳市,0.3,0.09,1.49,445.88,89.27,eastmoney_datacenter:RPT_INDEX_TS_COMPONENT
3,002465.SZ,002465,海格通信,15.36,-4.299065420561,2026-06-03 00:00:00,军工电子Ⅱ,广州市,0.3,0.0024,0.05,380.6,1635.39,eastmoney_datacenter:RPT_INDEX_TS_COMPONENT
3,601555.SH,601555,东吴证券,7.61,-4.035308953342,2026-06-03 00:00:00,证券Ⅱ,苏州市,0.3,0.16,1.84,378.12,11.8,eastmoney_datacenter:RPT_INDEX_TS_COMPONENT
3,001389.SZ,001389,广合科技,177.55,-1.938583894841,2026-06-03 00:00:00,元件,广州市,0.29,0.93,9.28,269.85,53.43,eastmoney_datacenter:RPT_INDEX_TS_COMPONENT
3,002595.SZ,002595,豪迈科技,52.21,-1.657562629497,2026-06-03 00:00:00,专用设备,潍坊市,0.29,0.646,4.2,601.45,29.38,eastmoney_datacenter:RPT_INDEX_TS_COMPONENT
3,300454.SZ,300454,深信服,117.56,-2.041496541955,2026-06-03 00:00:00,软件开发,深圳市,0.29,-0.15,-0.64,338.58,-196.63,eastmoney_datacenter:RPT_INDEX_TS_COMPONENT
3,000703.SZ,000703,恒逸石化,13.5,2.58358662614,2026-06-03 00:00:00,炼化及贸易,钦州市,0.29,0.6,7.81,513.26,6.46,eastmoney_datacenter:RPT_INDEX_TS_COMPONENT
3,688122.SH,688122,西部超导,63.9,-0.482790842548,2026-06-03 00:00:00,航空装备Ⅱ,西安市,0.28,0.07,0.61,415.14,236.75,eastmoney_datacenter:RPT_INDEX_TS_COMPONENT
3,600497.SH,600497,驰宏锌锗,10.0,2.986611740474,2026-06-03 00:00:00,工业金属,曲靖市,0.28,0.1313,3.96,504.04,19.04,eastmoney_datacenter:RPT_INDEX_TS_COMPONENT
3,002797.SZ,002797,第一创业,6.79,-2.020202020202,2026-06-03 00:00:00,证券Ⅱ,深圳市,0.28,0.05,1.13,285.34,36.17,eastmoney_datacenter:RPT_INDEX_TS_COMPONENT
3,688234.SH,688234,天岳先进,136.42,1.051851851852,2026-06-03 00:00:00,半导体,济南市,0.28,-0.13,-0.85,586.21,-273.15,eastmoney_datacenter:RPT_INDEX_TS_COMPONENT
3,605358.SH,605358,立昂微,58.09,7.893759286776,2026-06-03 00:00:00,半导体,杭州市,0.28,0.01,0.1,390.0,1349.57,eastmoney_datacenter:RPT_INDEX_TS_COMPONENT
3,600352.SH,600352,浙江龙盛,11.13,-1.329787234043,2026-06-03 00:00:00,化学制品,绍兴市,0.28,0.1651,1.63,362.1,16.85,eastmoney_datacenter:RPT_INDEX_TS_COMPONENT
3,600021.SH,600021,上海电力,20.86,4.824120603015,2026-06-03 00:00:00,电力,上海市,0.27,0.1668,2.3,588.51,25.94,eastmoney_datacenter:RPT_INDEX_TS_COMPONENT
3,002155.SZ,002155,湖南黄金,25.48,-0.624024960998,2026-06-03 00:00:00,贵金属,长沙市,0.27,0.38,7.08,398.13,16.71,eastmoney_datacenter:RPT_INDEX_TS_COMPONENT
3,601231.SH,601231,环旭电子,43.62,10.012610340479,2026-06-03 00:00:00,消费电子,上海市,0.27,0.18,1.88,1042.13,62.44,eastmoney_datacenter:RPT_INDEX_TS_COMPONENT
3,603979.SH,603979,金诚信,74.5,-2.423051735429,2026-06-03 00:00:00,工业金属,北京市,0.27,0.96,5.28,464.72,19.32,eastmoney_datacenter:RPT_INDEX_TS_COMPONENT
3,601233.SH,601233,桐昆股份,20.43,2.973790322581,2026-06-03 00:00:00,炼化及贸易,嘉兴市,0.27,0.8,4.83,485.15,6.4,eastmoney_datacenter:RPT_INDEX_TS_COMPONENT
3,002472.SZ,002472,双环传动,40.24,0.650325162581,2026-06-03 00:00:00,汽车零部件,台州市,0.26,0.33,2.79,301.21,30.1,eastmoney_datacenter:RPT_INDEX_TS_COMPONENT
3,300001.SZ,300001,特锐德,36.6,-1.480484522207,2026-06-03 00:00:00,电网设备,青岛市,0.26,0.07,0.84,378.77,134.27,eastmoney_datacenter:RPT_INDEX_TS_COMPONENT
3,688052.SH,688052,纳芯微,243.21,1.515151515152,2026-06-03 00:00:00,半导体,苏州市,0.26,-0.22,-0.47,346.64,-276.69,eastmoney_datacenter:RPT_INDEX_TS_COMPONENT
3,601665.SH,601665,齐鲁银行,6.1,-1.771336553945,2026-06-03 00:00:00,银行Ⅱ,济南市,0.26,0.23,2.9,375.38,6.0,eastmoney_datacenter:RPT_INDEX_TS_COMPONENT
3,688213.SH,688213,思特威,97.0,0.685073697322,2026-06-03 00:00:00,半导体,上海市,0.26,0.59,4.43,313.8,41.21,eastmoney_datacenter:RPT_INDEX_TS_COMPONENT
3,002203.SZ,002203,海亮股份,20.41,4.185809086269,2026-06-03 00:00:00,工业金属,绍兴市,0.26,0.19,2.57,451.5,26.82,eastmoney_datacenter:RPT_INDEX_TS_COMPONENT
3,000878.SZ,000878,云南铜业,18.84,-0.842105263158,2026-06-03 00:00:00,工业金属,昆明市,0.26,0.2874,4.0,377.48,16.91,eastmoney_datacenter:RPT_INDEX_TS_COMPONENT
3,300763.SZ,300763,锦浪科技,109.48,-2.770870337478,2026-06-03 00:00:00,光伏设备,宁波市,0.26,0.15,0.67,352.08,178.13,eastmoney_datacenter:RPT_INDEX_TS_COMPONENT
3,002130.SZ,002130,沃尔核材,21.64,0.838769804287,2026-06-03 00:00:00,其他电子Ⅱ,深圳市,0.26,0.1726,2.6,248.2,32.74,eastmoney_datacenter:RPT_INDEX_TS_COMPONENT
3,601615.SH,601615,明阳智能,14.88,-1.717305151915,2026-06-03 00:00:00,风电设备,中山市,0.26,0.01,0.09,336.51,341.17,eastmoney_datacenter:RPT_INDEX_TS_COMPONENT
3,000893.SZ,000893,亚钾国际,45.62,-2.312633832976,2026-06-03 00:00:00,农化制品,广州市,0.25,0.5829,3.91,370.35,19.79,eastmoney_datacenter:RPT_INDEX_TS_COMPONENT
3,688220.SH,688220,翱捷科技,104.5,0.625902744343,2026-06-03 00:00:00,半导体,上海市,0.25,-0.07,-0.51,385.75,-390.03,eastmoney_datacenter:RPT_INDEX_TS_COMPONENT
3,002429.SZ,002429,兆驰股份,12.12,3.236797274276,2026-06-03 00:00:00,黑色家电,深圳市,0.25,0.0463,1.25,548.35,65.43,eastmoney_datacenter:RPT_INDEX_TS_COMPONENT
3,002517.SZ,002517,恺英网络,15.45,-1.088348271447,2026-06-03 00:00:00,游戏Ⅱ,泉州市,0.25,0.37,7.62,291.86,10.57,eastmoney_datacenter:RPT_INDEX_TS_COMPONENT
3,600699.SH,600699,均胜电子,26.93,2.201138519924,2026-06-03 00:00:00,汽车零部件,宁波市,0.25,0.26,2.31,364.92,25.97,eastmoney_datacenter:RPT_INDEX_TS_COMPONENT
3,688676.SH,688676,金盘科技,95.99,-0.27012987013,2026-06-03 00:00:00,电网设备,海口市,0.25,0.25,2.12,441.35,98.14,eastmoney_datacenter:RPT_INDEX_TS_COMPONENT
3,000783.SZ,000783,长江证券,7.87,0.382653061224,2026-06-03 00:00:00,证券Ⅱ,武汉市,0.25,0.26,3.94,435.22,7.32,eastmoney_datacenter:RPT_INDEX_TS_COMPONENT
3,601198.SH,601198,东兴证券,13.12,-1.427498121713,2026-06-03 00:00:00,证券Ⅱ,北京市,0.25,0.104,1.1,424.1,30.02,eastmoney_datacenter:RPT_INDEX_TS_COMPONENT
3,600141.SH,600141,兴发集团,31.6,1.184758245277,2026-06-03 00:00:00,农化制品,宜昌市,0.25,0.22,1.14,379.75,36.99,eastmoney_datacenter:RPT_INDEX_TS_COMPONENT
3,003031.SZ,003031,中瓷电子,144.07,1.429174880315,2026-06-03 00:00:00,通信设备,石家庄市,0.24,0.43,2.97,490.06,84.04,eastmoney_datacenter:RPT_INDEX_TS_COMPONENT
3,603129.SH,603129,春风动力,229.18,-1.538064959615,2026-06-03 00:00:00,摩托车及其他,杭州市,0.24,2.77,5.54,351.75,20.8,eastmoney_datacenter:RPT_INDEX_TS_COMPONENT
3,002432.SZ,002432,九安医疗,77.2,1.179554390564,2026-06-03 00:00:00,医疗器械,天津市,0.24,0.7014,1.35,359.19,30.63,eastmoney_datacenter:RPT_INDEX_TS_COMPONENT
3,688235.SH,688235,百济神州,222.41,0.720043474323,2026-06-03 00:00:00,化学制药,境外,0.24,1.11,5.05,255.89,53.31,eastmoney_datacenter:RPT_INDEX_TS_COMPONENT
3,601108.SH,601108,财通证券,7.89,-0.126582278481,2026-06-03 00:00:00,证券Ⅱ,杭州市,0.24,0.13,1.61,366.39,14.84,eastmoney_datacenter:RPT_INDEX_TS_COMPONENT
3,600884.SH,600884,杉杉股份,13.89,-1.349431818182,2026-06-03 00:00:00,电池,宁波市,0.24,0.154,1.5,254.9,23.6,eastmoney_datacenter:RPT_INDEX_TS_COMPONENT
3,688629.SH,688629,华丰科技,135.84,-1.493836113125,2026-06-03 00:00:00,军工电子Ⅱ,绵阳市,0.24,0.23,5.61,246.93,148.94,eastmoney_datacenter:RPT_INDEX_TS_COMPONENT
3,603920.SH,603920,世运电路,56.99,-1.024661340743,2026-06-03 00:00:00,元件,江门市,0.24,0.05,0.56,410.67,280.26,eastmoney_datacenter:RPT_INDEX_TS_COMPONENT
3,603179.SH,603179,新泉股份,52.79,3.065208902772,2026-06-03 00:00:00,汽车零部件,镇江市,0.24,0.4,2.72,377.03,46.32,eastmoney_datacenter:RPT_INDEX_TS_COMPONENT
3,300570.SZ,300570,太辰光,168.8,4.942493005906,2026-06-03 00:00:00,通信设备,深圳市,0.24,0.29,3.78,324.42,145.71,eastmoney_datacenter:RPT_INDEX_TS_COMPONENT
3,002271.SZ,002271,东方雨虹,13.01,-2.692595362752,2026-06-03 00:00:00,装修建材,北京市,0.24,0.17,1.98,249.08,19.33,eastmoney_datacenter:RPT_INDEX_TS_COMPONENT
3,002402.SZ,002402,和而泰,25.88,-0.53804765565,2026-06-03 00:00:00,家电零部件Ⅱ,深圳市,0.23,0.1851,2.5,211.82,35.2,eastmoney_datacenter:RPT_INDEX_TS_COMPONENT
3,601128.SH,601128,常熟银行,7.06,-1.671309192201,2026-06-03 00:00:00,银行Ⅱ,苏州市,0.23,0.36,3.75,234.15,4.86,eastmoney_datacenter:RPT_INDEX_TS_COMPONENT
3,300919.SZ,300919,中伟新材,50.78,-0.994345876389,2026-06-03 00:00:00,电池,铜仁市,0.23,0.52,2.29,463.37,23.83,eastmoney_datacenter:RPT_INDEX_TS_COMPONENT
3,300432.SZ,300432,富临精工,23.55,-1.670146137787,2026-06-03 00:00:00,电池,绵阳市,0.23,0.1186,4.22,398.16,49.64,eastmoney_datacenter:RPT_INDEX_TS_COMPONENT
3,300073.SZ,300073,当升科技,53.8,-0.774621910734,2026-06-03 00:00:00,电池,北京市,0.23,0.5086,1.87,272.21,26.44,eastmoney_datacenter:RPT_INDEX_TS_COMPONENT
3,300012.SZ,300012,华测检测,14.54,0.553250345781,2026-06-03 00:00:00,专业服务,深圳市,0.23,0.1066,2.3,208.1,34.3,eastmoney_datacenter:RPT_INDEX_TS_COMPONENT
3,000060.SZ,000060,中金岭南,8.17,4.209183673469,2026-06-03 00:00:00,工业金属,深圳市,0.23,0.11,2.55,362.84,18.01,eastmoney_datacenter:RPT_INDEX_TS_COMPONENT
3,601577.SH,601577,长沙银行,9.54,-1.750772399588,2026-06-03 00:00:00,银行Ⅱ,长沙市,0.22,0.57,3.17,383.57,4.17,eastmoney_datacenter:RPT_INDEX_TS_COMPONENT
3,002078.SZ,002078,太阳纸业,13.38,-2.478134110787,2026-06-03 00:00:00,造纸,济宁市,0.22,0.3243,2.94,371.61,10.31,eastmoney_datacenter:RPT_INDEX_TS_COMPONENT
3,600863.SH,600863,华能蒙电,7.39,0.135501355014,2026-06-03 00:00:00,电力,呼和浩特市,0.22,0.092,3.67,482.34,20.85,eastmoney_datacenter:RPT_INDEX_TS_COMPONENT
3,300496.SZ,300496,中科创达,63.19,-0.753887231035,2026-06-03 00:00:00,IT服务Ⅱ,北京市,0.22,0.2226,0.99,233.53,71.24,eastmoney_datacenter:RPT_INDEX_TS_COMPONENT
3,600109.SH,600109,国金证券,8.31,-4.919908466819,2026-06-03 00:00:00,证券Ⅱ,成都市,0.22,0.188,1.93,307.92,11.12,eastmoney_datacenter:RPT_INDEX_TS_COMPONENT
3,601162.SH,601162,天风证券,3.3,-1.197604790419,2026-06-03 00:00:00,证券Ⅱ,武汉市,0.22,0.0,,283.73,37176.88,eastmoney_datacenter:RPT_INDEX_TS_COMPONENT
3,002444.SZ,002444,巨星科技,32.52,1.05655686762,2026-06-03 00:00:00,通用设备,杭州市,0.22,0.4315,2.72,372.92,18.84,eastmoney_datacenter:RPT_INDEX_TS_COMPONENT
3,002157.SZ,002157,正邦科技,3.12,0.32154340836,2026-06-03 00:00:00,养殖业,南昌市,0.22,-0.04,-3.87,242.97,-17.41,eastmoney_datacenter:RPT_INDEX_TS_COMPONENT
3,601099.SH,601099,太平洋,3.3,-1.785714285714,2026-06-03 00:00:00,证券Ⅱ,昆明市,0.22,0.004,0.25,224.94,230.65,eastmoney_datacenter:RPT_INDEX_TS_COMPONENT
3,002821.SZ,002821,凯莱英,116.63,2.387850057063,2026-06-03 00:00:00,医疗服务,天津市,0.22,0.84,1.71,369.77,34.58,eastmoney_datacenter:RPT_INDEX_TS_COMPONENT
3,300458.SZ,300458,全志科技,33.29,0.180559735179,2026-06-03 00:00:00,半导体,珠海市,0.22,0.25,6.31,263.62,40.6,eastmoney_datacenter:RPT_INDEX_TS_COMPONENT
3,601958.SH,601958,金钼股份,23.96,-0.415627597672,2026-06-03 00:00:00,小金属,西安市,0.22,0.279,4.65,773.09,21.44,eastmoney_datacenter:RPT_INDEX_TS_COMPONENT
3,000423.SZ,000423,东阿阿胶,49.32,-2.084574151281,2026-06-03 00:00:00,中药Ⅱ,聊城市,0.22,0.708,4.31,317.05,17.46,eastmoney_datacenter:RPT_INDEX_TS_COMPONENT
3,002756.SZ,002756,永兴材料,61.05,0.59317844785,2026-06-03 00:00:00,能源金属,湖州市,0.22,0.92,3.78,236.31,16.82,eastmoney_datacenter:RPT_INDEX_TS_COMPONENT
3,688578.SH,688578,艾力斯,84.56,-2.670349907919,2026-06-03 00:00:00,化学制药,上海市,0.22,1.41,8.59,380.52,14.96,eastmoney_datacenter:RPT_INDEX_TS_COMPONENT
3,688301.SH,688301,奕瑞科技,180.9,-0.871280618116,2026-06-03 00:00:00,医疗器械,上海市,0.22,0.84,2.84,382.51,53.5,eastmoney_datacenter:RPT_INDEX_TS_COMPONENT
3,600378.SH,600378,昊华科技,41.65,-4.054365353605,2026-06-03 00:00:00,化学制品,成都市,0.21,0.2388,1.67,446.72,43.61,eastmoney_datacenter:RPT_INDEX_TS_COMPONENT
3,689009.SH,689009,九号公司,36.9,-2.484143763214,2026-06-03 00:00:00,摩托车及其他,境外,0.21,0.283,2.79,206.48,32.96,eastmoney_datacenter:RPT_INDEX_TS_COMPONENT
3,600298.SH,600298,安琪酵母,35.4,-3.960933260988,2026-06-03 00:00:00,调味发酵品Ⅱ,宜昌市,0.21,0.5,3.48,303.43,18.03,eastmoney_datacenter:RPT_INDEX_TS_COMPONENT
3,688385.SH,688385,复旦微电,57.74,0.574812750392,2026-06-03 00:00:00,半导体,上海市,0.21,0.18,2.39,311.44,80.17,eastmoney_datacenter:RPT_INDEX_TS_COMPONENT
3,600563.SH,600563,法拉电子,161.0,-2.941885700506,2026-06-03 00:00:00,元件,厦门市,0.21,1.19,4.34,362.25,33.83,eastmoney_datacenter:RPT_INDEX_TS_COMPONENT
3,002414.SZ,002414,高德红外,12.75,-1.544401544402,2026-06-03 00:00:00,军工电子Ⅱ,武汉市,0.21,0.0857,5.06,433.32,37.2,eastmoney_datacenter:RPT_INDEX_TS_COMPONENT
3,688599.SH,688599,天合光能,14.48,-2.09601081812,2026-06-03 00:00:00,光伏设备,常州市,0.2,-0.12,-1.34,339.2,-29.96,eastmoney_datacenter:RPT_INDEX_TS_COMPONENT
3,688322.SH,688322,奥比中光,112.26,8.747457134554,2026-06-03 00:00:00,光学光电子,深圳市,0.2,0.08,1.04,357.75,363.21,eastmoney_datacenter:RPT_INDEX_TS_COMPONENT
3,002056.SZ,002056,横店东磁,27.5,7.170693686672,2026-06-03 00:00:00,光伏设备,金华市,0.2,0.241,3.57,446.88,28.98,eastmoney_datacenter:RPT_INDEX_TS_COMPONENT
3,300724.SZ,300724,捷佳伟创,74.81,-1.018788039164,2026-06-03 00:00:00,光伏设备,深圳市,0.2,0.78,2.01,215.24,24.1,eastmoney_datacenter:RPT_INDEX_TS_COMPONENT
3,688387.SH,688387,信科移动,16.3,3.689567430025,2026-06-03 00:00:00,通信设备,武汉市,0.2,-0.04,-2.16,328.73,-108.71,eastmoney_datacenter:RPT_INDEX_TS_COMPONENT
3,000733.SZ,000733,振华科技,53.92,-0.332717190388,2026-06-03 00:00:00,军工电子Ⅱ,贵阳市,0.2,0.0287,0.1,298.77,469.6,eastmoney_datacenter:RPT_INDEX_TS_COMPONENT
3,601699.SH,601699,潞安环能,19.0,6.741573033708,2026-06-03 00:00:00,煤炭开采,长治市,0.2,0.24,1.53,568.37,19.76,eastmoney_datacenter:RPT_INDEX_TS_COMPONENT
3,300748.SZ,300748,金力永磁,31.19,-0.415070242656,2026-06-03 00:00:00,金属新材料,赣州市,0.2,0.14,2.51,352.46,55.64,eastmoney_datacenter:RPT_INDEX_TS_COMPONENT
3,603156.SH,603156,养元饮品,41.17,0.194694572889,2026-06-03 00:00:00,饮料乳品,衡水市,0.2,0.6409,8.53,518.86,16.06,eastmoney_datacenter:RPT_INDEX_TS_COMPONENT
3,600536.SH,600536,中国软件,37.13,-0.933831376734,2026-06-03 00:00:00,IT服务Ⅱ,北京市,0.2,-0.08,-2.08,313.25,-117.58,eastmoney_datacenter:RPT_INDEX_TS_COMPONENT
3,603606.SH,603606,东方电缆,42.17,-1.009389671362,2026-06-03 00:00:00,电网设备,宁波市,0.2,0.54,4.39,347.82,23.4,eastmoney_datacenter:RPT_INDEX_TS_COMPONENT
3,600642.SH,600642,申能股份,10.39,-2.441314553991,2026-06-03 00:00:00,电力,上海市,0.2,0.156,2.03,508.47,16.13,eastmoney_datacenter:RPT_INDEX_TS_COMPONENT
3,002335.SZ,002335,科华数据,40.45,-1.003426333823,2026-06-03 00:00:00,其他电源设备Ⅱ,厦门市,0.2,0.15,1.21,266.86,96.88,eastmoney_datacenter:RPT_INDEX_TS_COMPONENT
3,600909.SH,600909,华安证券,7.44,4.64135021097,2026-06-03 00:00:00,证券Ⅱ,合肥市,0.2,0.09,1.79,373.8,21.56,eastmoney_datacenter:RPT_INDEX_TS_COMPONENT
3,300677.SZ,300677,英科医疗,46.27,-0.878320479863,2026-06-03 00:00:00,医疗器械,淄博市,0.2,0.02,0.06,215.44,755.06,eastmoney_datacenter:RPT_INDEX_TS_COMPONENT
3,000034.SZ,000034,神州数码,25.58,-1.804222648752,2026-06-03 00:00:00,IT服务Ⅱ,深圳市,0.2,0.3358,2.12,217.21,27.55,eastmoney_datacenter:RPT_INDEX_TS_COMPONENT
3,002064.SZ,002064,华峰化学,10.38,3.386454183267,2026-06-03 00:00:00,化学纤维,温州市,0.19,0.13,2.42,514.02,19.26,eastmoney_datacenter:RPT_INDEX_TS_COMPONENT
3,600060.SH,600060,海信视像,25.06,-3.652441368704,2026-06-03 00:00:00,黑色家电,青岛市,0.19,0.453,2.75,325.82,13.84,eastmoney_datacenter:RPT_INDEX_TS_COMPONENT
3,000559.SZ,000559,万向钱潮,14.7,-1.540522438044,2026-06-03 00:00:00,汽车零部件,杭州市,0.19,0.074,2.79,487.21,49.37,eastmoney_datacenter:RPT_INDEX_TS_COMPONENT
3,300383.SZ,300383,光环新网,13.33,-1.478196600148,2026-06-03 00:00:00,通信服务,北京市,0.19,0.01,0.19,239.18,266.66,eastmoney_datacenter:RPT_INDEX_TS_COMPONENT
3,300474.SZ,300474,景嘉微,57.68,3.295128939828,2026-06-03 00:00:00,军工电子Ⅱ,长沙市,0.19,-0.11,-0.82,234.45,-134.36,eastmoney_datacenter:RPT_INDEX_TS_COMPONENT
3,300142.SZ,300142,沃森生物,12.21,-0.488997555012,2026-06-03 00:00:00,生物制品,昆明市,0.19,0.0692,1.41,192.57,44.11,eastmoney_datacenter:RPT_INDEX_TS_COMPONENT
3,601717.SH,601717,中创智领,18.06,-1.095290251917,2026-06-03 00:00:00,专用设备,郑州市,0.19,0.511,3.62,278.52,9.04,eastmoney_datacenter:RPT_INDEX_TS_COMPONENT
3,603087.SH,603087,甘李药业,54.15,-1.527550463721,2026-06-03 00:00:00,生物制品,北京市,0.19,0.33,1.64,302.08,42.01,eastmoney_datacenter:RPT_INDEX_TS_COMPONENT
3,603596.SH,603596,伯特利,31.04,-2.787347322267,2026-06-03 00:00:00,汽车零部件,芜湖市,0.19,0.44,3.31,278.63,25.93,eastmoney_datacenter:RPT_INDEX_TS_COMPONENT
3,600873.SH,600873,梅花生物,9.21,-2.436440677966,2026-06-03 00:00:00,化学制品,拉萨市,0.18,0.04,0.72,258.27,54.76,eastmoney_datacenter:RPT_INDEX_TS_COMPONENT
3,002294.SZ,002294,信立泰,32.33,-2.000606244316,2026-06-03 00:00:00,化学制药,深圳市,0.18,0.2,2.49,360.34,40.0,eastmoney_datacenter:RPT_INDEX_TS_COMPONENT
3,600637.SH,600637,东方明珠,9.32,-1.271186440678,2026-06-03 00:00:00,电视广播Ⅱ,上海市,0.18,0.0183,0.21,313.33,127.08,eastmoney_datacenter:RPT_INDEX_TS_COMPONENT
3,601016.SH,601016,节能风电,4.87,-1.217038539554,2026-06-03 00:00:00,电力,北京市,0.18,0.031,1.15,294.06,39.06,eastmoney_datacenter:RPT_INDEX_TS_COMPONENT
3,688172.SH,688172,燕东微,66.23,2.428085369626,2026-06-03 00:00:00,半导体,北京市,0.18,-0.18,-1.42,515.39,-91.25,eastmoney_datacenter:RPT_INDEX_TS_COMPONENT
3,688568.SH,688568,中科星图,46.02,0.458415193189,2026-06-03 00:00:00,IT服务Ⅱ,北京市,0.18,-0.1842,-4.01,371.88,-62.47,eastmoney_datacenter:RPT_INDEX_TS_COMPONENT
3,000728.SZ,000728,国元证券,7.12,-0.8356545961,2026-06-03 00:00:00,证券Ⅱ,合肥市,0.18,0.12,1.41,310.7,14.33,eastmoney_datacenter:RPT_INDEX_TS_COMPONENT
3,601696.SH,601696,中银证券,11.23,-0.266429840142,2026-06-03 00:00:00,证券Ⅱ,上海市,0.18,0.13,1.89,311.97,21.57,eastmoney_datacenter:RPT_INDEX_TS_COMPONENT
3,688608.SH,688608,恒玄科技,162.38,-0.331451018905,2026-06-03 00:00:00,半导体,上海市,0.18,0.5278,1.25,273.92,76.91,eastmoney_datacenter:RPT_INDEX_TS_COMPONENT
3,300024.SZ,300024,机器人,14.81,-2.565789473684,2026-06-03 00:00:00,自动化设备,沈阳市,0.18,-0.0591,-2.26,231.8,-62.67,eastmoney_datacenter:RPT_INDEX_TS_COMPONENT
3,601212.SH,601212,白银有色,6.38,-0.468018720749,2026-06-03 00:00:00,工业金属,白银市,0.18,0.02,0.98,472.42,78.75,eastmoney_datacenter:RPT_INDEX_TS_COMPONENT
3,000400.SZ,000400,许继电气,25.91,-2.373775433308,2026-06-03 00:00:00,电网设备,许昌市,0.18,0.1101,0.91,262.13,59.42,eastmoney_datacenter:RPT_INDEX_TS_COMPONENT
3,000683.SZ,000683,博源化工,7.26,0.0,2026-06-03 00:00:00,化学原料,鄂尔多斯市,0.18,0.11,3.28,242.64,16.06,eastmoney_datacenter:RPT_INDEX_TS_COMPONENT
3,603345.SH,603345,安井食品,89.78,-4.45886985208,2026-06-03 00:00:00,食品加工,厦门市,0.18,1.7,3.57,263.32,13.28,eastmoney_datacenter:RPT_INDEX_TS_COMPONENT
3,000039.SZ,000039,中集集团,10.56,0.763358778626,2026-06-03 00:00:00,通用设备,深圳市,0.18,0.0353,0.4,243.03,68.13,eastmoney_datacenter:RPT_INDEX_TS_COMPONENT
3,603699.SH,603699,纽威股份,55.82,-2.378454004897,2026-06-03 00:00:00,通用设备,苏州市,0.17,0.45,7.27,423.2,31.34,eastmoney_datacenter:RPT_INDEX_TS_COMPONENT
3,688188.SH,688188,柏楚电子,153.65,0.1629726206,2026-06-03 00:00:00,计算机设备,上海市,0.17,1.1,5.08,445.1,35.16,eastmoney_datacenter:RPT_INDEX_TS_COMPONENT
3,601799.SH,601799,星宇股份,123.38,-2.873337007006,2026-06-03 00:00:00,汽车零部件,常州市,0.17,1.2584,3.1,352.47,24.81,eastmoney_datacenter:RPT_INDEX_TS_COMPONENT
3,002085.SZ,002085,万丰奥威,11.6,-0.684931506849,2026-06-03 00:00:00,汽车零部件,绍兴市,0.17,0.12,3.14,246.3,25.33,eastmoney_datacenter:RPT_INDEX_TS_COMPONENT
3,300679.SZ,300679,电连技术,60.0,3.07507301151,2026-06-03 00:00:00,消费电子,深圳市,0.17,0.2051,1.75,215.66,73.13,eastmoney_datacenter:RPT_INDEX_TS_COMPONENT
3,300972.SZ,300972,万辰集团,192.92,0.652162571086,2026-06-03 00:00:00,休闲食品,漳州市,0.17,3.32,34.51,349.77,15.11,eastmoney_datacenter:RPT_INDEX_TS_COMPONENT
3,000155.SZ,000155,川能动力,14.0,-0.142653352354,2026-06-03 00:00:00,电力,成都市,0.17,0.14,2.52,258.46,24.22,eastmoney_datacenter:RPT_INDEX_TS_COMPONENT
3,688266.SH,688266,泽璟制药,93.5,-2.867234573031,2026-06-03 00:00:00,化学制药,苏州市,0.17,2.39,45.29,247.5,9.78,eastmoney_datacenter:RPT_INDEX_TS_COMPONENT
3,301200.SZ,301200,大族数控,285.99,2.468649229667,2026-06-03 00:00:00,专用设备,深圳市,0.17,0.73,3.74,1216.14,108.27,eastmoney_datacenter:RPT_INDEX_TS_COMPONENT
3,601997.SH,601997,贵阳银行,5.97,-1.158940397351,2026-06-03 00:00:00,银行Ⅱ,贵阳市,0.17,0.4,2.27,218.28,3.69,eastmoney_datacenter:RPT_INDEX_TS_COMPONENT
3,600177.SH,600177,雅戈尔,7.45,-1.715039577836,2026-06-03 00:00:00,服装家纺,宁波市,0.17,0.2,2.17,335.51,9.34,eastmoney_datacenter:RPT_INDEX_TS_COMPONENT
3,002673.SZ,002673,西部证券,6.55,-1.799100449775,2026-06-03 00:00:00,证券Ⅱ,西安市,0.17,0.0637,0.94,292.76,25.73,eastmoney_datacenter:RPT_INDEX_TS_COMPONENT
3,600499.SH,600499,科达制造,15.99,0.883280757098,2026-06-03 00:00:00,专用设备,佛山市,0.17,0.308,4.56,306.67,13.07,eastmoney_datacenter:RPT_INDEX_TS_COMPONENT
3,002624.SZ,002624,完美世界,13.36,0.3003003003,2026-06-03 00:00:00,游戏Ⅱ,湖州市,0.17,0.05,1.43,244.19,63.1,eastmoney_datacenter:RPT_INDEX_TS_COMPONENT
3,688617.SH,688617,惠泰医疗,201.48,-3.454885236475,2026-06-03 00:00:00,医疗器械,深圳市,0.17,1.64,7.54,285.15,31.07,eastmoney_datacenter:RPT_INDEX_TS_COMPONENT
3,000729.SZ,000729,燕京啤酒,12.12,-3.73312152502,2026-06-03 00:00:00,非白酒,北京市,0.17,0.0939,1.7,304.16,32.26,eastmoney_datacenter:RPT_INDEX_TS_COMPONENT
3,601216.SH,601216,君正集团,5.15,-0.770712909441,2026-06-03 00:00:00,化学原料,乌海市,0.17,0.085,2.42,434.56,15.14,eastmoney_datacenter:RPT_INDEX_TS_COMPONENT
3,603806.SH,603806,福斯特,17.55,1.857225769008,2026-06-03 00:00:00,光伏设备,杭州市,0.17,0.12,1.88,457.83,36.71,eastmoney_datacenter:RPT_INDEX_TS_COMPONENT
3,601918.SH,601918,新集能源,11.26,2.643573381951,2026-06-03 00:00:00,煤炭开采,淮南市,0.16,0.212,3.19,291.7,13.3,eastmoney_datacenter:RPT_INDEX_TS_COMPONENT
3,600521.SH,600521,华海药业,15.35,-2.291534054742,2026-06-03 00:00:00,化学制药,台州市,0.16,0.27,4.19,229.83,14.22,eastmoney_datacenter:RPT_INDEX_TS_COMPONENT
3,000750.SZ,000750,国海证券,3.67,-1.078167115903,2026-06-03 00:00:00,证券Ⅱ,桂林市,0.16,0.04,1.13,212.72,22.81,eastmoney_datacenter:RPT_INDEX_TS_COMPONENT
3,603688.SH,603688,石英股份,63.78,3.237293622532,2026-06-03 00:00:00,非金属材料Ⅱ,连云港市,0.16,0.07,0.63,345.48,234.9,eastmoney_datacenter:RPT_INDEX_TS_COMPONENT
3,000623.SZ,000623,吉林敖东,17.25,-0.461627236007,2026-06-03 00:00:00,中药Ⅱ,延边朝鲜族自治州,0.16,0.7387,2.79,205.48,5.96,eastmoney_datacenter:RPT_INDEX_TS_COMPONENT
3,300623.SZ,300623,捷捷微电,33.07,1.472844430807,2026-06-03 00:00:00,半导体,南通市,0.16,0.12,1.65,253.76,68.63,eastmoney_datacenter:RPT_INDEX_TS_COMPONENT
3,002065.SZ,002065,东华软件,7.45,-1.062416998672,2026-06-03 00:00:00,IT服务Ⅱ,北京市,0.16,0.0193,0.5,216.64,96.36,eastmoney_datacenter:RPT_INDEX_TS_COMPONENT
3,688692.SH,688692,达梦数据,284.21,-6.779716609814,2026-06-03 00:00:00,软件开发,武汉市,0.16,1.34,4.01,207.86,53.14,eastmoney_datacenter:RPT_INDEX_TS_COMPONENT
3,600153.SH,600153,建发股份,9.62,-1.535312180143,2026-06-03 00:00:00,物流,厦门市,0.16,0.19,3.97,278.94,9.95,eastmoney_datacenter:RPT_INDEX_TS_COMPONENT
3,688018.SH,688018,乐鑫科技,168.0,3.244837758112,2026-06-03 00:00:00,半导体,上海市,0.16,0.816,3.01,281.27,51.84,eastmoney_datacenter:RPT_INDEX_TS_COMPONENT
3,600578.SH,600578,京能电力,9.34,10.011778563015,2026-06-03 00:00:00,电力,北京市,0.16,0.16,4.34,625.28,14.19,eastmoney_datacenter:RPT_INDEX_TS_COMPONENT
3,603766.SH,603766,隆鑫通用,13.15,-2.952029520295,2026-06-03 00:00:00,摩托车及其他,重庆市,0.16,0.2295,4.87,270.04,14.32,eastmoney_datacenter:RPT_INDEX_TS_COMPONENT
3,002410.SZ,002410,广联达,9.72,-3.762376237624,2026-06-03 00:00:00,软件开发,北京市,0.16,0.0209,0.56,152.62,117.38,eastmoney_datacenter:RPT_INDEX_TS_COMPONENT
3,000887.SZ,000887,中鼎股份,20.63,-0.864968765017,2026-06-03 00:00:00,汽车零部件,宣城市,0.16,0.24,2.6,271.15,21.09,eastmoney_datacenter:RPT_INDEX_TS_COMPONENT
3,600985.SH,600985,淮北矿业,15.83,0.956632653061,2026-06-03 00:00:00,煤炭开采,淮北市,0.16,0.18,1.18,426.34,21.71,eastmoney_datacenter:RPT_INDEX_TS_COMPONENT
3,600348.SH,600348,华阳股份,9.7,2.972399150743,2026-06-03 00:00:00,煤炭开采,阳泉市,0.16,0.13,1.76,349.93,18.09,eastmoney_datacenter:RPT_INDEX_TS_COMPONENT
3,002044.SZ,002044,美年健康,5.32,-3.272727272727,2026-06-03 00:00:00,医疗服务,绍兴市,0.16,-0.07,-3.18,206.11,-20.41,eastmoney_datacenter:RPT_INDEX_TS_COMPONENT
3,300699.SZ,300699,光威复材,29.5,1.270168211466,2026-06-03 00:00:00,航空装备Ⅱ,威海市,0.16,0.15,2.06,242.32,50.5,eastmoney_datacenter:RPT_INDEX_TS_COMPONENT
3,688180.SH,688180,君实生物,31.9,-0.900900900901,2026-06-03 00:00:00,生物制品,上海市,0.16,-0.02,-0.34,244.48,-398.16,eastmoney_datacenter:RPT_INDEX_TS_COMPONENT
3,002025.SZ,002025,航天电器,65.24,7.390946502058,2026-06-03 00:00:00,军工电子Ⅱ,贵阳市,0.16,0.11,0.79,296.11,142.19,eastmoney_datacenter:RPT_INDEX_TS_COMPONENT
3,601001.SH,601001,晋控煤业,21.88,5.956416464891,2026-06-03 00:00:00,煤炭开采,大同市,0.16,0.2,1.75,366.21,27.04,eastmoney_datacenter:RPT_INDEX_TS_COMPONENT
3,600312.SH,600312,平高电气,20.07,-2.714493456132,2026-06-03 00:00:00,电网设备,平顶山市,0.16,0.3057,3.62,272.33,16.41,eastmoney_datacenter:RPT_INDEX_TS_COMPONENT
3,000629.SZ,000629,钒钛股份,3.44,0.291545189504,2026-06-03 00:00:00,冶钢原料,攀枝花市,0.15,0.0077,0.58,319.59,111.18,eastmoney_datacenter:RPT_INDEX_TS_COMPONENT
3,600704.SH,600704,物产中大,4.91,-1.207243460765,2026-06-03 00:00:00,物流,杭州市,0.15,0.19,2.29,253.9,6.54,eastmoney_datacenter:RPT_INDEX_TS_COMPONENT
3,603225.SH,603225,新凤鸣,19.53,5.056481979559,2026-06-03 00:00:00,化学纤维,嘉兴市,0.15,0.24,1.98,325.87,22.28,eastmoney_datacenter:RPT_INDEX_TS_COMPONENT
3,603605.SH,603605,珀莱雅,64.3,-0.893958076449,2026-06-03 00:00:00,化妆品,杭州市,0.15,0.93,5.78,254.61,17.36,eastmoney_datacenter:RPT_INDEX_TS_COMPONENT
3,603160.SH,603160,汇顶科技,56.0,0.647016534867,2026-06-03 00:00:00,半导体,深圳市,0.15,0.25,1.25,260.9,55.66,eastmoney_datacenter:RPT_INDEX_TS_COMPONENT
3,002841.SZ,002841,视源股份,36.27,-0.847457627119,2026-06-03 00:00:00,消费电子,广州市,0.15,0.36,1.83,188.39,25.56,eastmoney_datacenter:RPT_INDEX_TS_COMPONENT
3,600901.SH,600901,江苏金租,6.53,-1.951951951952,2026-06-03 00:00:00,多元金融,南京市,0.15,0.14,3.23,378.12,11.51,eastmoney_datacenter:RPT_INDEX_TS_COMPONENT
3,300627.SZ,300627,华测导航,29.23,0.0,2026-06-03 00:00:00,通信设备,上海市,0.15,0.1601,2.93,189.44,45.86,eastmoney_datacenter:RPT_INDEX_TS_COMPONENT
3,000519.SZ,000519,中兵红箭,20.22,4.065877509007,2026-06-03 00:00:00,地面兵装Ⅱ,南阳市,0.15,0.0392,0.53,281.58,128.86,eastmoney_datacenter:RPT_INDEX_TS_COMPONENT
3,300002.SZ,300002,神州泰岳,7.82,-2.25,2026-06-03 00:00:00,游戏Ⅱ,北京市,0.15,0.087,2.21,144.42,22.48,eastmoney_datacenter:RPT_INDEX_TS_COMPONENT
3,600765.SH,600765,中航重机,13.97,-0.921985815603,2026-06-03 00:00:00,航空装备Ⅱ,贵阳市,0.15,0.1,1.11,216.88,34.32,eastmoney_datacenter:RPT_INDEX_TS_COMPONENT
3,000591.SZ,000591,太阳能,5.56,-2.284710017575,2026-06-03 00:00:00,电力,重庆市,0.15,0.0467,0.77,217.03,29.59,eastmoney_datacenter:RPT_INDEX_TS_COMPONENT
3,300003.SZ,300003,乐普医疗,12.39,-1.431980906921,2026-06-03 00:00:00,医疗器械,北京市,0.15,0.1339,1.52,195.63,23.13,eastmoney_datacenter:RPT_INDEX_TS_COMPONENT
3,002223.SZ,002223,鱼跃医疗,26.44,-1.490312965723,2026-06-03 00:00:00,医疗器械,镇江市,0.15,0.4291,3.19,249.14,15.47,eastmoney_datacenter:RPT_INDEX_TS_COMPONENT
3,301611.SZ,301611,珂玛科技,97.8,9.555281729584,2026-06-03 00:00:00,半导体,苏州市,0.15,0.11,2.54,143.36,232.31,eastmoney_datacenter:RPT_INDEX_TS_COMPONENT
3,600369.SH,600369,西南证券,3.98,-0.74812967581,2026-06-03 00:00:00,证券Ⅱ,重庆市,0.15,0.05,1.17,264.48,21.31,eastmoney_datacenter:RPT_INDEX_TS_COMPONENT
3,688375.SH,688375,国博电子,91.35,2.238388360381,2026-06-03 00:00:00,军工电子Ⅱ,南京市,0.15,0.0014,0.01,544.46,15895.6,eastmoney_datacenter:RPT_INDEX_TS_COMPONENT
3,600171.SH,600171,上海贝岭,27.26,1.375976199331,2026-06-03 00:00:00,半导体,上海市,0.15,0.032,0.49,193.25,215.51,eastmoney_datacenter:RPT_INDEX_TS_COMPONENT
3,002318.SZ,002318,久立特材,22.44,-0.970873786408,2026-06-03 00:00:00,特钢Ⅱ,湖州市,0.15,0.41,4.49,214.23,13.89,eastmoney_datacenter:RPT_INDEX_TS_COMPONENT
3,600332.SH,600332,白云山,21.56,-1.010101010101,2026-06-03 00:00:00,中药Ⅱ,广州市,0.15,1.097,4.61,303.11,4.91,eastmoney_datacenter:RPT_INDEX_TS_COMPONENT
3,688166.SH,688166,博瑞医药,49.19,-1.46233974359,2026-06-03 00:00:00,化学制药,苏州市,0.14,0.02,0.37,214.37,576.65,eastmoney_datacenter:RPT_INDEX_TS_COMPONENT
3,600546.SH,600546,山煤国际,14.7,1.941747572816,2026-06-03 00:00:00,煤炭开采,太原市,0.14,0.22,2.62,291.42,17.0,eastmoney_datacenter:RPT_INDEX_TS_COMPONENT
3,600008.SH,600008,首创环保,3.25,0.308641975309,2026-06-03 00:00:00,环境治理,北京市,0.14,0.0585,1.39,238.57,13.88,eastmoney_datacenter:RPT_INDEX_TS_COMPONENT
3,601990.SH,601990,南京证券,6.61,-1.195814648729,2026-06-03 00:00:00,证券Ⅱ,南京市,0.14,0.07,1.26,243.67,24.82,eastmoney_datacenter:RPT_INDEX_TS_COMPONENT
3,603444.SH,603444,吉比特,334.36,-0.641863782242,2026-06-03 00:00:00,游戏Ⅱ,厦门市,0.14,7.18,8.98,240.88,11.64,eastmoney_datacenter:RPT_INDEX_TS_COMPONENT
3,002007.SZ,002007,华兰生物,13.58,-2.090843547224,2026-06-03 00:00:00,生物制品,新乡市,0.14,0.126,1.98,213.69,26.91,eastmoney_datacenter:RPT_INDEX_TS_COMPONENT
3,000415.SZ,000415,渤海租赁,3.94,-1.990049751244,2026-06-03 00:00:00,多元金融,乌鲁木齐市,0.14,0.1467,3.06,212.48,6.71,eastmoney_datacenter:RPT_INDEX_TS_COMPONENT
3,600737.SH,600737,中粮糖业,14.48,2.332155477032,2026-06-03 00:00:00,农产品加工,昌吉回族自治州,0.14,0.101,1.87,309.71,35.85,eastmoney_datacenter:RPT_INDEX_TS_COMPONENT
3,600166.SH,600166,福田汽车,3.09,3.0,2026-06-03 00:00:00,商用车,北京市,0.14,0.063,3.16,244.65,12.2,eastmoney_datacenter:RPT_INDEX_TS_COMPONENT
3,000997.SZ,000997,新大陆,19.93,-1.238850346878,2026-06-03 00:00:00,计算机设备,福州市,0.14,0.2814,3.8,200.78,17.96,eastmoney_datacenter:RPT_INDEX_TS_COMPONENT
3,000738.SZ,000738,航发控制,18.69,-0.32,2026-06-03 00:00:00,航空装备Ⅱ,无锡市,0.14,0.0963,1.01,245.81,48.54,eastmoney_datacenter:RPT_INDEX_TS_COMPONENT
3,300487.SZ,300487,蓝晓科技,56.03,-1.459725641928,2026-06-03 00:00:00,塑料,西安市,0.14,0.36,4.04,172.58,39.2,eastmoney_datacenter:RPT_INDEX_TS_COMPONENT
3,603816.SH,603816,顾家家居,29.3,-0.30622660769,2026-06-03 00:00:00,家居用品,杭州市,0.14,0.61,4.58,237.96,12.13,eastmoney_datacenter:RPT_INDEX_TS_COMPONENT
3,600862.SH,600862,中航高科,17.81,0.281531531532,2026-06-03 00:00:00,航空装备Ⅱ,南通市,0.14,0.181,3.22,248.1,24.72,eastmoney_datacenter:RPT_INDEX_TS_COMPONENT
3,600995.SH,600995,南网储能,16.3,4.621309370988,2026-06-03 00:00:00,电力,文山壮族苗族自治州,0.14,0.14,1.98,520.95,28.7,eastmoney_datacenter:RPT_INDEX_TS_COMPONENT
3,000528.SZ,000528,柳工,8.87,-1.224944320713,2026-06-03 00:00:00,工程机械,柳州市,0.14,0.2977,3.23,180.43,7.45,eastmoney_datacenter:RPT_INDEX_TS_COMPONENT
3,002683.SZ,002683,广东宏大,31.18,-1.640378548896,2026-06-03 00:00:00,化学制品,广州市,0.14,0.1373,1.48,207.83,57.24,eastmoney_datacenter:RPT_INDEX_TS_COMPONENT
3,688065.SH,688065,凯赛生物,40.68,0.024588148512,2026-06-03 00:00:00,化学制品,上海市,0.14,0.23,0.93,237.32,44.27,eastmoney_datacenter:RPT_INDEX_TS_COMPONENT
3,603379.SH,603379,三美股份,61.33,0.45864045864,2026-06-03 00:00:00,化学制品,金华市,0.14,0.83,6.05,374.41,18.5,eastmoney_datacenter:RPT_INDEX_TS_COMPONENT
3,002831.SZ,002831,裕同科技,41.0,-0.024384296513,2026-06-03 00:00:00,包装印刷,深圳市,0.14,0.27,2.0,209.51,38.39,eastmoney_datacenter:RPT_INDEX_TS_COMPONENT
3,600707.SH,600707,彩虹股份,10.42,3.270564915758,2026-06-03 00:00:00,光学光电子,咸阳市,0.14,0.002,0.03,373.84,1690.13,eastmoney_datacenter:RPT_INDEX_TS_COMPONENT
3,603077.SH,603077,和邦生物,2.47,0.406504065041,2026-06-03 00:00:00,农化制品,乐山市,0.14,0.0218,0.97,218.14,31.42,eastmoney_datacenter:RPT_INDEX_TS_COMPONENT
3,000830.SZ,000830,鲁西化工,13.04,-1.361573373676,2026-06-03 00:00:00,化学原料,聊城市,0.14,0.23,2.29,248.3,14.17,eastmoney_datacenter:RPT_INDEX_TS_COMPONENT
3,000582.SZ,000582,北部湾港,14.91,6.120996441281,2026-06-03 00:00:00,航运港口,北海市,0.13,0.094,1.16,321.59,40.91,eastmoney_datacenter:RPT_INDEX_TS_COMPONENT
3,601611.SH,601611,中国核建,11.55,-0.086505190311,2026-06-03 00:00:00,基础建设,上海市,0.13,0.13,1.81,348.1,21.6,eastmoney_datacenter:RPT_INDEX_TS_COMPONENT
3,603486.SH,603486,科沃斯,57.6,-1.369863013699,2026-06-03 00:00:00,小家电,苏州市,0.13,0.71,4.38,330.25,20.6,eastmoney_datacenter:RPT_INDEX_TS_COMPONENT
3,000951.SZ,000951,中国重汽,22.77,0.175978882534,2026-06-03 00:00:00,商用车,济南市,0.13,0.39,2.77,266.18,14.64,eastmoney_datacenter:RPT_INDEX_TS_COMPONENT
3,002266.SZ,002266,浙富控股,5.1,0.591715976331,2026-06-03 00:00:00,环境治理,杭州市,0.13,0.12,4.88,246.97,11.05,eastmoney_datacenter:RPT_INDEX_TS_COMPONENT
3,603290.SH,603290,斯达半导,117.96,0.898126764178,2026-06-03 00:00:00,半导体,嘉兴市,0.13,0.11,0.38,282.48,265.22,eastmoney_datacenter:RPT_INDEX_TS_COMPONENT
3,688538.SH,688538,和辉光电,2.4,0.0,2026-06-03 00:00:00,光学光电子,上海市,0.13,-0.03,-6.0,138.05,-17.63,eastmoney_datacenter:RPT_INDEX_TS_COMPONENT
3,600170.SH,600170,上海建工,2.53,-1.937984496124,2026-06-03 00:00:00,房屋建设Ⅱ,上海市,0.13,-0.02,-0.41,224.81,5656.99,eastmoney_datacenter:RPT_INDEX_TS_COMPONENT
3,002603.SZ,002603,以岭药业,15.44,-2.092580849715,2026-06-03 00:00:00,中药Ⅱ,石家庄市,0.13,0.2447,3.65,212.54,15.77,eastmoney_datacenter:RPT_INDEX_TS_COMPONENT
3,002939.SZ,002939,长城证券,8.24,-1.080432172869,2026-06-03 00:00:00,证券Ⅱ,深圳市,0.13,0.15,1.92,296.86,13.39,eastmoney_datacenter:RPT_INDEX_TS_COMPONENT
3,301536.SZ,301536,星宸科技,79.68,0.441195008194,2026-06-03 00:00:00,半导体,厦门市,0.13,0.52,6.81,149.16,38.15,eastmoney_datacenter:RPT_INDEX_TS_COMPONENT
3,000723.SZ,000723,美锦能源,4.42,0.913242009132,2026-06-03 00:00:00,焦炭Ⅱ,太原市,0.13,-0.08,-2.6,194.26,-14.47,eastmoney_datacenter:RPT_INDEX_TS_COMPONENT
3,600516.SH,600516,方大炭素,5.48,10.04016064257,2026-06-03 00:00:00,冶钢原料,兰州市,0.13,0.0023,0.05,220.62,622.59,eastmoney_datacenter:RPT_INDEX_TS_COMPONENT
3,688615.SH,688615,合合信息,132.05,-3.443989470605,2026-06-03 00:00:00,软件开发,上海市,0.13,1.11,5.16,178.71,41.68,eastmoney_datacenter:RPT_INDEX_TS_COMPONENT
3,000967.SZ,000967,盈峰环境,11.09,2.400738688827,2026-06-03 00:00:00,环保设备Ⅱ,绍兴市,0.13,0.07,1.24,364.37,42.53,eastmoney_datacenter:RPT_INDEX_TS_COMPONENT
3,000062.SZ,000062,深圳华强,32.84,-2.028639618138,2026-06-03 00:00:00,其他电子Ⅱ,深圳市,0.13,0.1921,2.95,343.15,42.74,eastmoney_datacenter:RPT_INDEX_TS_COMPONENT
3,000932.SZ,000932,华菱钢铁,3.94,-1.990049751244,2026-06-03 00:00:00,普钢,长沙市,0.13,0.0289,0.36,269.99,34.14,eastmoney_datacenter:RPT_INDEX_TS_COMPONENT
3,600398.SH,600398,海澜之家,5.81,-1.022146507666,2026-06-03 00:00:00,服装家纺,无锡市,0.13,0.2,5.05,279.04,7.35,eastmoney_datacenter:RPT_INDEX_TS_COMPONENT
3,000009.SZ,000009,中国宝安,7.21,-1.771117166213,2026-06-03 00:00:00,综合Ⅱ,深圳市,0.13,0.0068,0.17,185.73,266.23,eastmoney_datacenter:RPT_INDEX_TS_COMPONENT
3,002739.SZ,002739,儒意电影,8.98,-1.857923497268,2026-06-03 00:00:00,影视院线,北京市,0.13,0.0412,1.15,188.57,54.55,eastmoney_datacenter:RPT_INDEX_TS_COMPONENT
3,600486.SH,600486,扬农化工,58.44,0.498710232158,2026-06-03 00:00:00,农化制品,扬州市,0.13,1.008,3.49,236.09,14.51,eastmoney_datacenter:RPT_INDEX_TS_COMPONENT
3,002958.SZ,002958,青农商行,2.92,-0.341296928328,2026-06-03 00:00:00,银行Ⅱ,青岛市,0.12,0.21,3.05,158.83,3.25,eastmoney_datacenter:RPT_INDEX_TS_COMPONENT
3,002926.SZ,002926,华西证券,8.1,-0.613496932515,2026-06-03 00:00:00,证券Ⅱ,成都市,0.12,0.15,1.57,212.63,13.5,eastmoney_datacenter:RPT_INDEX_TS_COMPONENT
3,600998.SH,600998,九州通,4.89,0.0,2026-06-03 00:00:00,医药商业,武汉市,0.12,0.14,2.62,246.58,8.41,eastmoney_datacenter:RPT_INDEX_TS_COMPONENT
3,603568.SH,603568,伟明环保,14.77,-1.204013377926,2026-06-03 00:00:00,环境治理,温州市,0.12,0.26,2.89,302.56,17.25,eastmoney_datacenter:RPT_INDEX_TS_COMPONENT
3,002262.SZ,002262,恩华药业,19.92,-1.678183613031,2026-06-03 00:00:00,化学制药,徐州市,0.12,0.31,3.86,176.08,15.94,eastmoney_datacenter:RPT_INDEX_TS_COMPONENT
3,002152.SZ,002152,广电运通,10.28,-0.290979631426,2026-06-03 00:00:00,计算机设备,广州市,0.12,0.09,1.79,255.16,28.2,eastmoney_datacenter:RPT_INDEX_TS_COMPONENT
3,688778.SH,688778,厦钨新能,59.85,-1.432806324111,2026-06-03 00:00:00,电池,厦门市,0.12,0.44,2.37,302.06,34.31,eastmoney_datacenter:RPT_INDEX_TS_COMPONENT
3,600820.SH,600820,隧道股份,5.7,-1.724137931034,2026-06-03 00:00:00,基础建设,上海市,0.12,0.08,0.75,179.21,15.07,eastmoney_datacenter:RPT_INDEX_TS_COMPONENT
3,601666.SH,601666,平煤股份,8.38,0.842358604091,2026-06-03 00:00:00,煤炭开采,平顶山市,0.12,0.0486,0.55,206.93,43.07,eastmoney_datacenter:RPT_INDEX_TS_COMPONENT
3,600282.SH,600282,南钢股份,5.07,-1.744186046512,2026-06-03 00:00:00,普钢,南京市,0.12,0.0969,2.13,312.57,13.09,eastmoney_datacenter:RPT_INDEX_TS_COMPONENT
3,601106.SH,601106,中国一重,3.72,0.813008130081,2026-06-03 00:00:00,专用设备,齐齐哈尔市,0.12,0.0003,0.04,255.11,3284.58,eastmoney_datacenter:RPT_INDEX_TS_COMPONENT
3,603298.SH,603298,杭叉集团,24.5,-1.527331189711,2026-06-03 00:00:00,工程机械,杭州市,0.12,0.36,4.0,320.9,17.01,eastmoney_datacenter:RPT_INDEX_TS_COMPONENT
3,600583.SH,600583,海油工程,5.74,1.056338028169,2026-06-03 00:00:00,油服工程,天津市,0.12,0.1,1.52,253.79,14.47,eastmoney_datacenter:RPT_INDEX_TS_COMPONENT
3,002244.SZ,002244,滨江集团,10.05,-0.198609731877,2026-06-03 00:00:00,房地产开发,杭州市,0.12,0.26,2.71,277.13,9.64,eastmoney_datacenter:RPT_INDEX_TS_COMPONENT
3,600316.SH,600316,洪都航空,28.26,-1.015761821366,2026-06-03 00:00:00,航空装备Ⅱ,南昌市,0.12,0.0081,0.11,202.66,876.04,eastmoney_datacenter:RPT_INDEX_TS_COMPONENT
3,300558.SZ,300558,贝达药业,47.8,-1.096627353611,2026-06-03 00:00:00,化学制药,杭州市,0.12,0.56,3.52,200.47,21.31,eastmoney_datacenter:RPT_INDEX_TS_COMPONENT
3,601000.SH,601000,唐山港,4.34,0.462962962963,2026-06-03 00:00:00,航运港口,唐山市,0.12,0.0795,2.17,257.19,13.65,eastmoney_datacenter:RPT_INDEX_TS_COMPONENT
3,600483.SH,600483,福能股份,11.68,2.636203866432,2026-06-03 00:00:00,电力,南平市,0.12,0.23,2.34,324.72,12.49,eastmoney_datacenter:RPT_INDEX_TS_COMPONENT
3,600435.SH,600435,北方导航,11.92,0.931414055885,2026-06-03 00:00:00,地面兵装Ⅱ,北京市,0.12,-0.0104,-0.54,180.27,-286.62,eastmoney_datacenter:RPT_INDEX_TS_COMPONENT
3,688114.SH,688114,华大智造,48.17,-1.69387755102,2026-06-03 00:00:00,医疗器械,深圳市,0.12,-0.26,-1.43,200.21,-47.69,eastmoney_datacenter:RPT_INDEX_TS_COMPONENT
3,603728.SH,603728,鸣志电器,62.28,-0.367941129419,2026-06-03 00:00:00,电机Ⅱ,上海市,0.12,0.033,0.46,260.88,472.02,eastmoney_datacenter:RPT_INDEX_TS_COMPONENT
3,603939.SH,603939,益丰药房,20.11,-1.998050682261,2026-06-03 00:00:00,医药商业,常德市,0.12,0.41,4.2,243.81,12.2,eastmoney_datacenter:RPT_INDEX_TS_COMPONENT
3,603338.SH,603338,浙江鼎力,50.66,-0.177339901478,2026-06-03 00:00:00,工程机械,湖州市,0.12,0.89,3.9,256.52,14.16,eastmoney_datacenter:RPT_INDEX_TS_COMPONENT
3,600602.SH,600602,云赛智联,18.64,-2.66318537859,2026-06-03 00:00:00,软件开发,上海市,0.12,0.033,0.91,200.25,143.06,eastmoney_datacenter:RPT_INDEX_TS_COMPONENT
3,603650.SH,603650,彤程新材,52.6,0.535168195719,2026-06-03 00:00:00,橡胶,上海市,0.12,0.3,4.26,323.21,44.44,eastmoney_datacenter:RPT_INDEX_TS_COMPONENT
3,600132.SH,600132,重庆啤酒,51.9,-1.890359168242,2026-06-03 00:00:00,非白酒,重庆市,0.12,0.9,27.31,251.18,14.35,eastmoney_datacenter:RPT_INDEX_TS_COMPONENT
3,600208.SH,600208,衢州发展,2.92,-2.341137123746,2026-06-03 00:00:00,房地产开发,衢州市,0.12,0.037,0.76,248.43,19.75,eastmoney_datacenter:RPT_INDEX_TS_COMPONENT
3,000921.SZ,000921,海信家电,26.55,-0.412603150788,2026-06-03 00:00:00,白色家电,青岛市,0.12,0.76,5.75,243.76,8.88,eastmoney_datacenter:RPT_INDEX_TS_COMPONENT
3,600363.SH,600363,联创光电,36.9,7.11175616836,2026-06-03 00:00:00,消费电子,南昌市,0.12,0.1833,1.84,166.38,50.31,eastmoney_datacenter:RPT_INDEX_TS_COMPONENT
3,688297.SH,688297,中无人机,46.16,0.742034046268,2026-06-03 00:00:00,航空装备Ⅱ,成都市,0.12,0.025,0.29,311.58,461.89,eastmoney_datacenter:RPT_INDEX_TS_COMPONENT
3,600801.SH,600801,华新建材,19.04,0.634249471459,2026-06-03 00:00:00,水泥,黄石市,0.12,0.3,1.94,255.46,15.7,eastmoney_datacenter:RPT_INDEX_TS_COMPONENT
3,001696.SZ,001696,宗申动力,14.56,-0.27397260274,2026-06-03 00:00:00,通用设备,重庆市,0.11,0.1499,3.14,129.79,24.28,eastmoney_datacenter:RPT_INDEX_TS_COMPONENT
3,601118.SH,601118,海南橡胶,7.04,4.918032786885,2026-06-03 00:00:00,种植业,海口市,0.11,-0.031,-1.32,301.27,-56.82,eastmoney_datacenter:RPT_INDEX_TS_COMPONENT
3,601567.SH,601567,三星电气,15.93,-1.423267326733,2026-06-03 00:00:00,电网设备,宁波市,0.11,0.12,1.44,223.85,33.45,eastmoney_datacenter:RPT_INDEX_TS_COMPONENT
3,000027.SZ,000027,深圳能源,7.96,-0.74812967581,2026-06-03 00:00:00,电力,深圳市,0.11,0.25,3.54,378.69,7.58,eastmoney_datacenter:RPT_INDEX_TS_COMPONENT
3,002607.SZ,002607,中公教育,2.23,-5.508474576271,2026-06-03 00:00:00,教育,芜湖市,0.11,0.01,6.06,123.62,72.65,eastmoney_datacenter:RPT_INDEX_TS_COMPONENT
3,600685.SH,600685,中船防务,27.62,-0.861450107681,2026-06-03 00:00:00,航海装备Ⅱ,广州市,0.11,0.2803,2.27,226.88,24.64,eastmoney_datacenter:RPT_INDEX_TS_COMPONENT
3,600970.SH,600970,中材国际,8.94,-0.223214285714,2026-06-03 00:00:00,专业工程,南京市,0.11,0.17,1.96,234.39,12.89,eastmoney_datacenter:RPT_INDEX_TS_COMPONENT
3,600380.SH,600380,健康元,9.98,-1.383399209486,2026-06-03 00:00:00,化学制药,深圳市,0.11,0.23,2.7,182.58,11.0,eastmoney_datacenter:RPT_INDEX_TS_COMPONENT
3,000987.SZ,000987,越秀资本,7.89,0.381679389313,2026-06-03 00:00:00,多元金融,广州市,0.11,0.2582,3.95,395.55,7.63,eastmoney_datacenter:RPT_INDEX_TS_COMPONENT
3,000513.SZ,000513,丽珠集团,30.57,-1.163918525703,2026-06-03 00:00:00,化学制药,珠海市,0.11,0.65,4.06,173.68,11.76,eastmoney_datacenter:RPT_INDEX_TS_COMPONENT
3,600329.SH,600329,达仁堂,39.31,-0.2030972328,2026-06-03 00:00:00,中药Ⅱ,天津市,0.11,0.55,5.8,222.92,17.86,eastmoney_datacenter:RPT_INDEX_TS_COMPONENT
3,002385.SZ,002385,大北农,3.32,-0.89552238806,2026-06-03 00:00:00,饲料,北京市,0.11,-0.04,-2.31,114.99,-20.41,eastmoney_datacenter:RPT_INDEX_TS_COMPONENT
3,002500.SZ,002500,山西证券,5.13,-0.965250965251,2026-06-03 00:00:00,证券Ⅱ,太原市,0.11,0.07,1.37,184.16,18.05,eastmoney_datacenter:RPT_INDEX_TS_COMPONENT
3,000883.SZ,000883,湖北能源,5.31,-0.187969924812,2026-06-03 00:00:00,电力,武汉市,0.11,0.07,1.35,344.07,18.57,eastmoney_datacenter:RPT_INDEX_TS_COMPONENT
3,600816.SH,600816,建元信托,3.0,-0.990099009901,2026-06-03 00:00:00,多元金融,上海市,0.11,0.1034,6.93,164.07,7.25,eastmoney_datacenter:RPT_INDEX_TS_COMPONENT
3,000050.SZ,000050,深天马A,8.0,0.755667506297,2026-06-03 00:00:00,光学光电子,深圳市,0.11,-0.0571,-0.51,194.86,-35.0,eastmoney_datacenter:RPT_INDEX_TS_COMPONENT
3,601880.SH,601880,辽港股份,1.6,-0.621118012422,2026-06-03 00:00:00,航运港口,大连市,0.11,0.02,0.89,294.61,26.25,eastmoney_datacenter:RPT_INDEX_TS_COMPONENT
3,601399.SH,601399,国机重装,3.86,0.25974025974,2026-06-03 00:00:00,专用设备,德阳市,0.11,0.0176,0.86,278.44,54.81,eastmoney_datacenter:RPT_INDEX_TS_COMPONENT
3,601155.SH,601155,新城控股,12.33,-2.989771833202,2026-06-03 00:00:00,房地产开发,常州市,0.11,0.14,0.5,278.12,22.31,eastmoney_datacenter:RPT_INDEX_TS_COMPONENT
3,600562.SH,600562,国睿科技,22.68,0.220945647371,2026-06-03 00:00:00,军工电子Ⅱ,南京市,0.11,0.06,1.15,281.65,91.22,eastmoney_datacenter:RPT_INDEX_TS_COMPONENT
3,600763.SH,600763,通策医疗,35.24,-4.26514534094,2026-06-03 00:00:00,医疗服务,杭州市,0.11,0.42,4.32,157.62,21.09,eastmoney_datacenter:RPT_INDEX_TS_COMPONENT
3,002430.SZ,002430,杭氧股份,24.82,0.976403580146,2026-06-03 00:00:00,化学制品,杭州市,0.11,0.27,2.67,242.72,22.9,eastmoney_datacenter:RPT_INDEX_TS_COMPONENT
3,600038.SH,600038,中直股份,27.08,-2.379235760634,2026-06-03 00:00:00,航空装备Ⅱ,哈尔滨市,0.11,0.0462,0.23,181.15,146.64,eastmoney_datacenter:RPT_INDEX_TS_COMPONENT
3,002312.SZ,002312,川发龙蟒,8.87,-0.782997762864,2026-06-03 00:00:00,农化制品,成都市,0.1,0.05,0.94,167.09,46.18,eastmoney_datacenter:RPT_INDEX_TS_COMPONENT
3,600131.SH,600131,国网信通,17.07,-0.292056074766,2026-06-03 00:00:00,IT服务Ⅱ,阿坝藏族羌族自治州,0.1,0.0036,0.07,204.14,1194.25,eastmoney_datacenter:RPT_INDEX_TS_COMPONENT
3,603737.SH,603737,三棵树,29.7,-2.909447531873,2026-06-03 00:00:00,装修建材,莆田市,0.1,0.14,3.62,262.96,61.62,eastmoney_datacenter:RPT_INDEX_TS_COMPONENT
3,600598.SH,600598,北大荒,14.5,0.069013112491,2026-06-03 00:00:00,种植业,哈尔滨市,0.1,0.327,7.0,257.76,11.09,eastmoney_datacenter:RPT_INDEX_TS_COMPONENT
3,688772.SH,688772,珠海冠宇,15.7,0.0,2026-06-03 00:00:00,电池,珠海市,0.1,-0.08,-1.1,177.75,-52.45,eastmoney_datacenter:RPT_INDEX_TS_COMPONENT
3,603885.SH,603885,吉祥航空,10.96,-4.279475982533,2026-06-03 00:00:00,航空机场,上海市,0.1,0.2,3.91,239.37,13.58,eastmoney_datacenter:RPT_INDEX_TS_COMPONENT
3,600126.SH,600126,杭钢股份,7.71,-0.516129032258,2026-06-03 00:00:00,普钢,杭州市,0.1,0.003,0.05,260.38,677.54,eastmoney_datacenter:RPT_INDEX_TS_COMPONENT
3,002439.SZ,002439,启明星辰,14.32,-0.762300762301,2026-06-03 00:00:00,软件开发,北京市,0.1,0.0402,0.45,104.34,89.03,eastmoney_datacenter:RPT_INDEX_TS_COMPONENT
3,300676.SZ,300676,华大基因,35.41,-1.91135734072,2026-06-03 00:00:00,医疗服务,深圳市,0.1,-0.0229,-0.11,147.32,-388.97,eastmoney_datacenter:RPT_INDEX_TS_COMPONENT
3,600390.SH,600390,五矿资本,4.77,-1.03734439834,2026-06-03 00:00:00,多元金融,长沙市,0.1,0.06,0.67,214.56,18.87,eastmoney_datacenter:RPT_INDEX_TS_COMPONENT
3,000598.SZ,000598,兴蓉环境,7.08,-1.255230125523,2026-06-03 00:00:00,环境治理,成都市,0.1,0.177,2.64,210.93,10.01,eastmoney_datacenter:RPT_INDEX_TS_COMPONENT
3,300100.SZ,300100,双林股份,29.25,-2.5,2026-06-03 00:00:00,汽车零部件,宁波市,0.1,0.15,2.57,161.21,49.51,eastmoney_datacenter:RPT_INDEX_TS_COMPONENT
3,688728.SH,688728,格科微,13.67,0.440852314475,2026-06-03 00:00:00,半导体,境外,0.1,0.0005,0.02,341.6,6302.63,eastmoney_datacenter:RPT_INDEX_TS_COMPONENT
3,601156.SH,601156,东航物流,16.78,0.119331742243,2026-06-03 00:00:00,物流,上海市,0.1,0.36,2.89,158.5,11.52,eastmoney_datacenter:RPT_INDEX_TS_COMPONENT
3,601866.SH,601866,中远海发,2.53,-1.937984496124,2026-06-03 00:00:00,航运港口,上海市,0.1,0.0314,1.33,246.73,20.2,eastmoney_datacenter:RPT_INDEX_TS_COMPONENT
3,600566.SH,600566,济川药业,27.59,-1.919658727337,2026-06-03 00:00:00,中药Ⅱ,荆州市,0.1,0.44,2.7,253.43,15.89,eastmoney_datacenter:RPT_INDEX_TS_COMPONENT
3,688281.SH,688281,华秦科技,52.09,-2.086466165414,2026-06-03 00:00:00,航空装备Ⅱ,西安市,0.1,0.29,1.66,198.77,62.85,eastmoney_datacenter:RPT_INDEX_TS_COMPONENT
3,003022.SZ,003022,联泓新科,25.86,2.011834319527,2026-06-03 00:00:00,光伏设备,枣庄市,0.1,0.11,1.93,345.08,59.66,eastmoney_datacenter:RPT_INDEX_TS_COMPONENT
3,300146.SZ,300146,汤臣倍健,9.7,-1.22199592668,2026-06-03 00:00:00,食品加工,珠海市,0.1,0.24,3.55,108.71,10.21,eastmoney_datacenter:RPT_INDEX_TS_COMPONENT
3,600535.SH,600535,天士力,14.13,-1.464435146444,2026-06-03 00:00:00,中药Ⅱ,天津市,0.1,0.2478,2.94,211.1,14.25,eastmoney_datacenter:RPT_INDEX_TS_COMPONENT
3,600977.SH,600977,中国电影,14.41,0.208623087622,2026-06-03 00:00:00,影视院线,北京市,0.1,-0.061,-1.03,269.03,-59.0,eastmoney_datacenter:RPT_INDEX_TS_COMPONENT
3,002568.SZ,002568,百润股份,19.25,-3.169014084507,2026-06-03 00:00:00,非白酒,上海市,0.1,0.21,4.27,146.89,23.16,eastmoney_datacenter:RPT_INDEX_TS_COMPONENT
3,002299.SZ,002299,圣农发展,16.79,-2.042007001167,2026-06-03 00:00:00,养殖业,南平市,0.1,0.2062,2.23,204.66,20.63,eastmoney_datacenter:RPT_INDEX_TS_COMPONENT
3,600511.SH,600511,国药股份,27.13,-1.057622173596,2026-06-03 00:00:00,医药商业,北京市,0.1,0.6286,2.52,150.12,10.79,eastmoney_datacenter:RPT_INDEX_TS_COMPONENT
3,300144.SZ,300144,宋城演艺,6.63,-1.339285714286,2026-06-03 00:00:00,旅游及景区,杭州市,0.1,0.0807,2.73,172.21,20.58,eastmoney_datacenter:RPT_INDEX_TS_COMPONENT
3,601333.SH,601333,广深铁路,3.1,-1.587301587302,2026-06-03 00:00:00,铁路公路,深圳市,0.1,0.082,2.03,175.22,9.47,eastmoney_datacenter:RPT_INDEX_TS_COMPONENT
3,600967.SH,600967,内蒙一机,12.27,-0.968523002421,2026-06-03 00:00:00,地面兵装Ⅱ,包头市,0.1,0.08,1.16,208.81,37.75,eastmoney_datacenter:RPT_INDEX_TS_COMPONENT
3,603565.SH,603565,中谷物流,10.23,-5.974264705882,2026-06-03 00:00:00,航运港口,上海市,0.09,0.25,4.92,214.84,10.19,eastmoney_datacenter:RPT_INDEX_TS_COMPONENT
3,600754.SH,600754,锦江酒店,20.21,-1.414634146341,2026-06-03 00:00:00,酒店餐饮,上海市,0.09,0.13,0.85,183.11,39.36,eastmoney_datacenter:RPT_INDEX_TS_COMPONENT
3,600739.SH,600739,辽宁成大,10.55,-1.493930905696,2026-06-03 00:00:00,生物制品,大连市,0.09,0.36,1.89,160.6,7.29,eastmoney_datacenter:RPT_INDEX_TS_COMPONENT
3,000709.SZ,000709,河钢股份,2.21,-1.339285714286,2026-06-03 00:00:00,普钢,石家庄市,0.09,0.0268,0.53,228.41,17.68,eastmoney_datacenter:RPT_INDEX_TS_COMPONENT
3,600095.SH,600095,湘财股份,8.16,-1.568154402895,2026-06-03 00:00:00,证券Ⅱ,哈尔滨市,0.09,0.0085,0.2,233.31,242.02,eastmoney_datacenter:RPT_INDEX_TS_COMPONENT
3,002583.SZ,002583,海能达,8.31,0.483675937122,2026-06-03 00:00:00,通信设备,深圳市,0.09,-0.0171,-1.51,106.59,-121.59,eastmoney_datacenter:RPT_INDEX_TS_COMPONENT
3,603341.SH,603341,龙旗科技,40.05,0.957902697252,2026-06-03 00:00:00,消费电子,上海市,0.09,0.03,0.23,106.62,339.58,eastmoney_datacenter:RPT_INDEX_TS_COMPONENT
3,601608.SH,601608,中信重工,5.38,-0.554528650647,2026-06-03 00:00:00,专用设备,洛阳市,0.09,0.0208,1.01,246.38,64.78,eastmoney_datacenter:RPT_INDEX_TS_COMPONENT
3,001286.SZ,001286,陕西能源,12.98,-1.067073170732,2026-06-03 00:00:00,电力,榆林市,0.09,0.24,3.3,175.23,13.7,eastmoney_datacenter:RPT_INDEX_TS_COMPONENT
3,603589.SH,603589,口子窖,21.13,-1.537744641193,2026-06-03 00:00:00,白酒Ⅱ,淮北市,0.09,0.55,3.33,126.38,9.61,eastmoney_datacenter:RPT_INDEX_TS_COMPONENT
3,600848.SH,600848,上海临港,9.07,-4.626708727655,2026-06-03 00:00:00,房地产开发,上海市,0.09,0.03,0.5,217.13,68.2,eastmoney_datacenter:RPT_INDEX_TS_COMPONENT
3,000958.SZ,000958,电投产融,6.2,-1.743264659271,2026-06-03 00:00:00,电力,石家庄市,0.09,0.0643,2.5,333.77,24.1,eastmoney_datacenter:RPT_INDEX_TS_COMPONENT
3,600517.SH,600517,国网英大,5.25,-1.315789473684,2026-06-03 00:00:00,多元金融,上海市,0.09,0.068,1.63,300.22,19.26,eastmoney_datacenter:RPT_INDEX_TS_COMPONENT
3,000537.SZ,000537,绿发电力,11.06,1.561065197429,2026-06-03 00:00:00,电力,天津市,0.09,0.04,0.45,227.36,63.89,eastmoney_datacenter:RPT_INDEX_TS_COMPONENT
3,603000.SH,603000,人民网,17.15,-2.111872146119,2026-06-03 00:00:00,数字媒体,北京市,0.09,-0.0301,-0.86,189.63,-142.54,eastmoney_datacenter:RPT_INDEX_TS_COMPONENT
3,688278.SH,688278,特宝生物,55.11,-0.072529465095,2026-06-03 00:00:00,生物制品,厦门市,0.09,0.4,4.65,224.95,34.19,eastmoney_datacenter:RPT_INDEX_TS_COMPONENT
3,000032.SZ,000032,深桑达A,15.94,-0.499375780275,2026-06-03 00:00:00,专业工程,深圳市,0.09,-0.0678,-1.11,181.39,-58.76,eastmoney_datacenter:RPT_INDEX_TS_COMPONENT
3,002984.SZ,002984,森麒麟,14.73,-1.339584728734,2026-06-03 00:00:00,汽车零部件,青岛市,0.09,0.2,1.52,105.16,18.2,eastmoney_datacenter:RPT_INDEX_TS_COMPONENT
3,688248.SH,688248,南网科技,54.83,-0.471954982755,2026-06-03 00:00:00,电网设备,广州市,0.09,0.09,1.5,309.63,156.96,eastmoney_datacenter:RPT_INDEX_TS_COMPONENT
3,600655.SH,600655,豫园股份,4.65,-0.852878464819,2026-06-03 00:00:00,一般零售,上海市,0.09,0.041,0.52,180.88,28.82,eastmoney_datacenter:RPT_INDEX_TS_COMPONENT
3,000563.SZ,000563,陕国投A,2.97,-1.0,2026-06-03 00:00:00,多元金融,西安市,0.09,0.0567,1.53,151.88,13.09,eastmoney_datacenter:RPT_INDEX_TS_COMPONENT
3,300735.SZ,300735,光弘科技,21.8,-3.240124278739,2026-06-03 00:00:00,消费电子,惠州市,0.09,0.0222,0.34,165.12,258.74,eastmoney_datacenter:RPT_INDEX_TS_COMPONENT
3,600871.SH,600871,石化油服,2.4,1.694915254237,2026-06-03 00:00:00,油服工程,北京市,0.09,0.011,2.2,325.13,55.55,eastmoney_datacenter:RPT_INDEX_TS_COMPONENT
3,688582.SH,688582,芯动联科,45.12,-2.231852654388,2026-06-03 00:00:00,半导体,蚌埠市,0.09,0.01,0.1,112.9,1774.79,eastmoney_datacenter:RPT_INDEX_TS_COMPONENT
3,002120.SZ,002120,韵达股份,6.76,-1.601164483261,2026-06-03 00:00:00,物流,宁波市,0.09,0.17,2.28,190.3,10.06,eastmoney_datacenter:RPT_INDEX_TS_COMPONENT
3,000088.SZ,000088,盐田港,4.44,-0.892857142857,2026-06-03 00:00:00,航运港口,深圳市,0.09,0.07,1.87,140.43,16.95,eastmoney_datacenter:RPT_INDEX_TS_COMPONENT
3,000739.SZ,000739,普洛药业,16.45,0.0,2026-06-03 00:00:00,化学制药,金华市,0.09,0.2152,3.86,190.49,19.13,eastmoney_datacenter:RPT_INDEX_TS_COMPONENT
3,003021.SZ,003021,兆威机电,96.61,-0.658097686375,2026-06-03 00:00:00,电机Ⅱ,深圳市,0.09,0.17,1.17,200.36,157.8,eastmoney_datacenter:RPT_INDEX_TS_COMPONENT
3,601598.SH,601598,中国外运,6.05,-2.10355987055,2026-06-03 00:00:00,物流,北京市,0.09,0.095,1.64,312.03,15.92,eastmoney_datacenter:RPT_INDEX_TS_COMPONENT
3,600582.SH,600582,天地科技,5.48,-0.363636363636,2026-06-03 00:00:00,专用设备,北京市,0.09,0.105,1.68,226.79,13.1,eastmoney_datacenter:RPT_INDEX_TS_COMPONENT
3,000539.SZ,000539,粤电力A,9.4,2.957283680175,2026-06-03 00:00:00,电力,广州市,0.08,-0.0289,-0.65,240.21,-81.36,eastmoney_datacenter:RPT_INDEX_TS_COMPONENT
3,000825.SZ,000825,太钢不锈,3.9,0.77519379845,2026-06-03 00:00:00,特钢Ⅱ,太原市,0.08,0.004,0.06,222.15,275.24,eastmoney_datacenter:RPT_INDEX_TS_COMPONENT
3,601966.SH,601966,玲珑轮胎,12.32,1.149425287356,2026-06-03 00:00:00,汽车零部件,烟台市,0.08,0.01,0.07,180.3,266.82,eastmoney_datacenter:RPT_INDEX_TS_COMPONENT
3,600968.SH,600968,海油发展,4.04,1.0,2026-06-03 00:00:00,油服工程,北京市,0.08,0.0627,2.14,410.67,16.11,eastmoney_datacenter:RPT_INDEX_TS_COMPONENT
3,300601.SZ,300601,康泰生物,12.07,-2.896218825422,2026-06-03 00:00:00,生物制品,深圳市,0.08,0.03,0.35,108.68,101.09,eastmoney_datacenter:RPT_INDEX_TS_COMPONENT
3,601098.SH,601098,中南传媒,11.21,0.448028673835,2026-06-03 00:00:00,出版,长沙市,0.08,0.21,2.32,201.33,13.26,eastmoney_datacenter:RPT_INDEX_TS_COMPONENT
3,600098.SH,600098,广州发展,8.06,0.498753117207,2026-06-03 00:00:00,电力,广州市,0.08,0.1527,1.95,282.57,13.19,eastmoney_datacenter:RPT_INDEX_TS_COMPONENT
3,002423.SZ,002423,中粮资本,9.17,-0.650054171181,2026-06-03 00:00:00,多元金融,济源市,0.08,0.1172,1.16,211.29,19.57,eastmoney_datacenter:RPT_INDEX_TS_COMPONENT
3,600959.SH,600959,江苏有线,3.44,-2.272727272727,2026-06-03 00:00:00,电视广播Ⅱ,南京市,0.08,0.0127,0.28,172.02,67.92,eastmoney_datacenter:RPT_INDEX_TS_COMPONENT
3,600032.SH,600032,浙江新能,11.43,4.67032967033,2026-06-03 00:00:00,电力,杭州市,0.08,0.0118,0.22,274.85,241.96,eastmoney_datacenter:RPT_INDEX_TS_COMPONENT
3,688318.SH,688318,财富趋势,119.25,3.78590078329,2026-06-03 00:00:00,软件开发,深圳市,0.08,0.13,0.9,305.42,221.07,eastmoney_datacenter:RPT_INDEX_TS_COMPONENT
3,600004.SH,600004,白云机场,8.12,-1.336573511543,2026-06-03 00:00:00,航空机场,广州市,0.08,0.07,0.79,192.18,31.2,eastmoney_datacenter:RPT_INDEX_TS_COMPONENT
3,002608.SZ,002608,江苏国信,10.3,-1.151631477927,2026-06-03 00:00:00,电力,南京市,0.08,0.2065,2.17,389.14,12.47,eastmoney_datacenter:RPT_INDEX_TS_COMPONENT
3,002508.SZ,002508,老板电器,16.44,-2.317290552585,2026-06-03 00:00:00,厨卫电器,杭州市,0.08,0.32,2.63,153.48,12.67,eastmoney_datacenter:RPT_INDEX_TS_COMPONENT
3,603927.SH,603927,中科软,15.07,-0.724637681159,2026-06-03 00:00:00,软件开发,北京市,0.08,-0.02,-0.5,125.24,-197.63,eastmoney_datacenter:RPT_INDEX_TS_COMPONENT
3,003035.SZ,003035,南网能源,7.16,-0.417246175243,2026-06-03 00:00:00,电力,广州市,0.08,0.0226,1.22,271.21,79.23,eastmoney_datacenter:RPT_INDEX_TS_COMPONENT
3,600663.SH,600663,陆家嘴,7.17,-1.375515818432,2026-06-03 00:00:00,房地产开发,上海市,0.08,0.0396,0.79,226.26,45.3,eastmoney_datacenter:RPT_INDEX_TS_COMPONENT
3,300718.SZ,300718,长盛轴承,72.94,-1.962365591398,2026-06-03 00:00:00,通用设备,嘉兴市,0.08,0.2,3.44,143.44,89.25,eastmoney_datacenter:RPT_INDEX_TS_COMPONENT
3,300529.SZ,300529,健帆生物,17.73,-2.206287920574,2026-06-03 00:00:00,医疗器械,珠海市,0.08,0.28,6.15,90.86,16.05,eastmoney_datacenter:RPT_INDEX_TS_COMPONENT
3,603899.SH,603899,晨光股份,22.55,-2.50756593169,2026-06-03 00:00:00,文娱用品,上海市,0.08,0.3681,3.56,207.68,15.4,eastmoney_datacenter:RPT_INDEX_TS_COMPONENT
3,601865.SH,601865,福莱特,11.33,-1.989619377163,2026-06-03 00:00:00,光伏设备,嘉兴市,0.08,0.02,0.17,215.39,173.97,eastmoney_datacenter:RPT_INDEX_TS_COMPONENT
3,603858.SH,603858,步长制药,15.17,-0.914435009798,2026-06-03 00:00:00,中药Ⅱ,菏泽市,0.08,0.3045,3.16,159.98,12.48,eastmoney_datacenter:RPT_INDEX_TS_COMPONENT
3,688295.SH,688295,中复神鹰,51.31,8.707627118644,2026-06-03 00:00:00,化学纤维,连云港市,0.08,0.03,0.64,461.79,379.08,eastmoney_datacenter:RPT_INDEX_TS_COMPONENT
3,600295.SH,600295,鄂尔多斯,13.7,0.587371512482,2026-06-03 00:00:00,冶钢原料,鄂尔多斯市,0.08,0.23,2.96,270.65,14.62,eastmoney_datacenter:RPT_INDEX_TS_COMPONENT
3,600906.SH,600906,财达证券,6.82,0.0,2026-06-03 00:00:00,证券Ⅱ,石家庄市,0.08,0.08,2.05,144.87,21.84,eastmoney_datacenter:RPT_INDEX_TS_COMPONENT
3,600528.SH,600528,中铁工业,7.3,-1.617250673854,2026-06-03 00:00:00,基础建设,北京市,0.08,0.14,1.26,162.17,12.71,eastmoney_datacenter:RPT_INDEX_TS_COMPONENT
3,601928.SH,601928,凤凰传媒,8.87,-1.771871539313,2026-06-03 00:00:00,出版,南京市,0.07,0.1662,2.13,225.73,13.34,eastmoney_datacenter:RPT_INDEX_TS_COMPONENT
3,603233.SH,603233,大参林,16.19,-2.879424115177,2026-06-03 00:00:00,医药商业,广州市,0.07,0.45,6.3,184.38,9.02,eastmoney_datacenter:RPT_INDEX_TS_COMPONENT
3,002032.SZ,002032,苏泊尔,46.01,-0.346545375785,2026-06-03 00:00:00,小家电,台州市,0.07,0.634,7.73,367.84,18.21,eastmoney_datacenter:RPT_INDEX_TS_COMPONENT
3,000429.SZ,000429,粤高速A,13.8,-1.918976545842,2026-06-03 00:00:00,铁路公路,广州市,0.07,0.22,3.99,179.86,15.96,eastmoney_datacenter:RPT_INDEX_TS_COMPONENT
3,300070.SZ,300070,碧水源,3.49,-0.852272727273,2026-06-03 00:00:00,环境治理,北京市,0.07,0.0167,0.22,119.87,52.27,eastmoney_datacenter:RPT_INDEX_TS_COMPONENT
3,688561.SH,688561,奇安信,26.29,-2.19494047619,2026-06-03 00:00:00,软件开发,北京市,0.07,-0.57,-5.35,179.36,-11.55,eastmoney_datacenter:RPT_INDEX_TS_COMPONENT
3,600808.SH,600808,马钢股份,2.88,0.0,2026-06-03 00:00:00,普钢,马鞍山市,0.07,0.01,0.18,171.87,130.87,eastmoney_datacenter:RPT_INDEX_TS_COMPONENT
3,688363.SH,688363,华熙生物,35.37,-2.561983471074,2026-06-03 00:00:00,医疗美容,济南市,0.07,0.14,0.91,170.37,65.88,eastmoney_datacenter:RPT_INDEX_TS_COMPONENT
3,688336.SH,688336,三生国健,58.41,-3.613861386139,2026-06-03 00:00:00,生物制品,上海市,0.07,0.29,2.09,360.26,50.67,eastmoney_datacenter:RPT_INDEX_TS_COMPONENT
3,601061.SH,601061,中信金属,12.92,-0.920245398773,2026-06-03 00:00:00,贸易Ⅱ,北京市,0.07,0.2809,5.8,633.08,11.5,eastmoney_datacenter:RPT_INDEX_TS_COMPONENT
3,300957.SZ,300957,贝泰妮,35.72,-3.19783197832,2026-06-03 00:00:00,化妆品,昆明市,0.07,0.16,1.07,150.49,57.34,eastmoney_datacenter:RPT_INDEX_TS_COMPONENT
3,002153.SZ,002153,石基信息,8.24,-2.021403091558,2026-06-03 00:00:00,软件开发,北京市,0.07,0.0087,0.35,131.82,237.8,eastmoney_datacenter:RPT_INDEX_TS_COMPONENT
3,002773.SZ,002773,康弘药业,21.56,1.078293483357,2026-06-03 00:00:00,生物制品,成都市,0.07,0.33,3.25,148.07,16.15,eastmoney_datacenter:RPT_INDEX_TS_COMPONENT
3,688425.SH,688425,铁建重工,4.34,-1.587301587302,2026-06-03 00:00:00,工程机械,长沙市,0.07,0.05,1.33,231.47,23.3,eastmoney_datacenter:RPT_INDEX_TS_COMPONENT
3,603833.SH,603833,欧派家居,36.89,-3.175853018373,2026-06-03 00:00:00,家居用品,广州市,0.07,0.25,0.82,224.72,36.29,eastmoney_datacenter:RPT_INDEX_TS_COMPONENT
3,600062.SH,600062,华润双鹤,16.8,-0.943396226415,2026-06-03 00:00:00,化学制药,北京市,0.07,0.4694,4.08,174.42,9.0,eastmoney_datacenter:RPT_INDEX_TS_COMPONENT
3,688563.SH,688563,航材股份,50.72,-0.646425073457,2026-06-03 00:00:00,航空装备Ⅱ,北京市,0.07,0.27,1.15,59.34,47.43,eastmoney_datacenter:RPT_INDEX_TS_COMPONENT
3,600606.SH,600606,绿地控股,1.42,-4.054054054054,2026-06-03 00:00:00,房地产开发,上海市,0.06,0.01,0.54,199.57,24.43,eastmoney_datacenter:RPT_INDEX_TS_COMPONENT
3,600339.SH,600339,中油工程,3.66,2.521008403361,2026-06-03 00:00:00,油服工程,克拉玛依市,0.06,0.0377,0.78,204.34,24.26,eastmoney_datacenter:RPT_INDEX_TS_COMPONENT
3,002670.SZ,002670,国盛证券,11.18,-1.757469244288,2026-06-03 00:00:00,证券Ⅱ,南昌市,0.06,0.0008,0.01,181.49,3682.65,eastmoney_datacenter:RPT_INDEX_TS_COMPONENT
3,002372.SZ,002372,伟星新材,9.55,-3.535353535354,2026-06-03 00:00:00,装修建材,台州市,0.06,0.08,2.42,140.47,31.81,eastmoney_datacenter:RPT_INDEX_TS_COMPONENT
3,300888.SZ,300888,稳健医疗,28.31,-2.278218847083,2026-06-03 00:00:00,个护用品,深圳市,0.06,0.43,2.16,164.12,16.39,eastmoney_datacenter:RPT_INDEX_TS_COMPONENT
3,603786.SH,603786,科博达,48.48,0.539195354625,2026-06-03 00:00:00,汽车零部件,上海市,0.06,0.3744,2.65,195.79,32.37,eastmoney_datacenter:RPT_INDEX_TS_COMPONENT
3,000785.SZ,000785,居然智家,2.35,-3.292181069959,2026-06-03 00:00:00,一般零售,武汉市,0.06,0.01,0.33,136.41,58.91,eastmoney_datacenter:RPT_INDEX_TS_COMPONENT
3,301301.SZ,301301,川宁生物,8.68,-2.031602708804,2026-06-03 00:00:00,化学制药,伊犁哈萨克自治州,0.06,0.05,1.36,53.62,43.7,eastmoney_datacenter:RPT_INDEX_TS_COMPONENT
3,000937.SZ,000937,冀中能源,5.68,1.610017889088,2026-06-03 00:00:00,煤炭开采,邢台市,0.06,0.0315,0.58,195.02,45.04,eastmoney_datacenter:RPT_INDEX_TS_COMPONENT
3,688709.SH,688709,成都华微,33.94,-0.760233918129,2026-06-03 00:00:00,半导体,成都市,0.06,-0.11,-2.28,75.26,-80.53,eastmoney_datacenter:RPT_INDEX_TS_COMPONENT
3,688192.SH,688192,迪哲医药,42.1,-2.433371958285,2026-06-03 00:00:00,化学制药,无锡市,0.06,-0.21,-7.53,194.17,-51.23,eastmoney_datacenter:RPT_INDEX_TS_COMPONENT
3,600688.SH,600688,上海石化,3.07,10.035842293907,2026-06-03 00:00:00,炼化及贸易,上海市,0.06,0.039,1.78,224.99,19.49,eastmoney_datacenter:RPT_INDEX_TS_COMPONENT
3,002265.SZ,002265,建设工业,19.98,-0.299401197605,2026-06-03 00:00:00,汽车零部件,昆明市,0.06,0.03,0.89,206.4,149.62,eastmoney_datacenter:RPT_INDEX_TS_COMPONENT
3,600764.SH,600764,中国海防,20.6,-1.009130225853,2026-06-03 00:00:00,航海装备Ⅱ,北京市,0.06,0.0364,0.32,146.39,141.41,eastmoney_datacenter:RPT_INDEX_TS_COMPONENT
3,601965.SH,601965,中国汽研,15.85,-0.439698492462,2026-06-03 00:00:00,专业服务,重庆市,0.06,0.16,2.08,158.25,24.15,eastmoney_datacenter:RPT_INDEX_TS_COMPONENT
3,603658.SH,603658,安图生物,31.01,-2.514932411191,2026-06-03 00:00:00,医疗器械,郑州市,0.05,0.41,2.62,177.2,18.74,eastmoney_datacenter:RPT_INDEX_TS_COMPONENT
3,000959.SZ,000959,首钢股份,3.54,-1.392757660167,2026-06-03 00:00:00,普钢,北京市,0.05,0.0226,0.35,263.79,39.43,eastmoney_datacenter:RPT_INDEX_TS_COMPONENT
3,688100.SH,688100,威胜信息,34.85,-2.244039270687,2026-06-03 00:00:00,通信设备,长沙市,0.05,0.3,4.1,171.35,28.89,eastmoney_datacenter:RPT_INDEX_TS_COMPONENT
3,000898.SZ,000898,鞍钢股份,2.04,-0.970873786408,2026-06-03 00:00:00,普钢,鞍山市,0.05,-0.156,-3.38,162.33,-3.28,eastmoney_datacenter:RPT_INDEX_TS_COMPONENT
3,600720.SH,600720,中交设计,6.02,-0.986842105263,2026-06-03 00:00:00,工程咨询服务Ⅱ,兰州市,0.05,0.0311,0.45,60.74,48.34,eastmoney_datacenter:RPT_INDEX_TS_COMPONENT
3,601139.SH,601139,深圳燃气,6.6,-0.452488687783,2026-06-03 00:00:00,燃气Ⅱ,深圳市,0.05,0.09,1.61,189.87,17.78,eastmoney_datacenter:RPT_INDEX_TS_COMPONENT
3,688520.SH,688520,神州细胞,35.9,-3.182308522114,2026-06-03 00:00:00,生物制品,北京市,0.05,-0.41,-434.17,159.88,-24.03,eastmoney_datacenter:RPT_INDEX_TS_COMPONENT
3,301498.SZ,301498,乖宝宠物,42.8,-2.12668648525,2026-06-03 00:00:00,饲料,聊城市,0.05,0.31,2.63,76.76,34.69,eastmoney_datacenter:RPT_INDEX_TS_COMPONENT
3,603529.SH,603529,爱玛科技,21.19,-3.286170698311,2026-06-03 00:00:00,摩托车及其他,天津市,0.05,0.23,1.94,179.6,23.44,eastmoney_datacenter:RPT_INDEX_TS_COMPONENT
3,688349.SH,688349,三一重能,19.35,-0.820092260379,2026-06-03 00:00:00,风电设备,北京市,0.05,0.1478,1.26,230.17,33.07,eastmoney_datacenter:RPT_INDEX_TS_COMPONENT
3,300140.SZ,300140,节能环境,6.16,0.653594771242,2026-06-03 00:00:00,环境治理,西安市,0.04,0.1035,2.26,62.84,14.88,eastmoney_datacenter:RPT_INDEX_TS_COMPONENT
3,600007.SH,600007,中国国贸,21.14,-2.983019733823,2026-06-03 00:00:00,房地产开发,北京市,0.04,0.3,3.09,212.94,17.42,eastmoney_datacenter:RPT_INDEX_TS_COMPONENT
3,601228.SH,601228,广州港,3.13,0.320512820513,2026-06-03 00:00:00,航运港口,广州市,0.04,0.031,1.09,236.14,25.32,eastmoney_datacenter:RPT_INDEX_TS_COMPONENT
3,002945.SZ,002945,华林证券,14.27,-0.695894224078,2026-06-03 00:00:00,证券Ⅱ,拉萨市,0.04,0.0347,1.28,385.29,102.73,eastmoney_datacenter:RPT_INDEX_TS_COMPONENT
3,603707.SH,603707,健友股份,8.12,-0.368098159509,2026-06-03 00:00:00,化学制药,南京市,0.04,0.06,1.28,131.19,36.85,eastmoney_datacenter:RPT_INDEX_TS_COMPONENT
3,600927.SH,600927,永安期货,13.4,-1.17994100295,2026-06-03 00:00:00,多元金融,杭州市,0.04,0.13,1.45,195.04,25.14,eastmoney_datacenter:RPT_INDEX_TS_COMPONENT
3,688475.SH,688475,萤石网络,27.57,-0.108695652174,2026-06-03 00:00:00,计算机设备,杭州市,0.04,0.23,3.11,217.11,29.72,eastmoney_datacenter:RPT_INDEX_TS_COMPONENT
3,603049.SH,603049,中策橡胶,46.8,-1.535872080791,2026-06-03 00:00:00,汽车零部件,杭州市,0.04,1.39,4.89,40.93,8.39,eastmoney_datacenter:RPT_INDEX_TS_COMPONENT
3,002461.SZ,002461,珠江啤酒,9.68,-3.103103103103,2026-06-03 00:00:00,非白酒,广州市,0.04,0.0809,1.61,214.25,29.9,eastmoney_datacenter:RPT_INDEX_TS_COMPONENT
3,601019.SH,601019,山东出版,7.04,-1.813110181311,2026-06-03 00:00:00,出版,济南市,0.04,0.16,2.11,146.92,11.19,eastmoney_datacenter:RPT_INDEX_TS_COMPONENT
3,600299.SH,600299,安迪苏,10.87,0.184331797235,2026-06-03 00:00:00,化学制品,北京市,0.04,0.1,1.55,291.52,27.39,eastmoney_datacenter:RPT_INDEX_TS_COMPONENT
3,001213.SZ,001213,中铁特货,3.79,-1.044386422977,2026-06-03 00:00:00,铁路公路,北京市,0.03,0.03,0.63,168.44,34.57,eastmoney_datacenter:RPT_INDEX_TS_COMPONENT
3,601921.SH,601921,浙版传媒,7.33,-1.079622132254,2026-06-03 00:00:00,出版,杭州市,0.03,0.0587,0.9,162.89,31.24,eastmoney_datacenter:RPT_INDEX_TS_COMPONENT
3,688819.SH,688819,天能股份,24.4,-0.813008130081,2026-06-03 00:00:00,电池,湖州市,0.03,0.08,0.44,237.19,78.98,eastmoney_datacenter:RPT_INDEX_TS_COMPONENT
3,001221.SZ,001221,悍高集团,47.26,-3.33401513602,2026-06-03 00:00:00,家居用品,佛山市,0.02,0.32,4.46,17.02,36.77,eastmoney_datacenter:RPT_INDEX_TS_COMPONENT
